16,27962026,370,367,291,356,411,367,366,407,399,308,366,403,386,388,379,386,347,371,332,379,402,415,338,406,417,340,332,391,359,369,305,301,386,391,377,397,389,347,360,406,404,364,391,389,352,359,369,398,345,409,380,407,419,337,343,323,373,336,378,408,362,346,356,343,397,316,354,357,324,379,334,355,337,331,375,354,376,382,344,368,404,380,430,393,361,359,370,367,398,312,345,348,352,386,389,392,349,366,403,350,434,332,345,364,358,417,357,333,398,323,350,357,355,378,376,354,373,352,321,354,389,385,390,380,324,396,404,386,402,404,365,370,341,404,322,362,328,359,404,409,367,323,369,402,395,349,398,368,377,379,362,390,393,377,340,335,390,390,343,364,365,379,366,350,357,322,366,359,430,401,299,403,362,322,384,391,333,391,368,384,364,365,379,360,412,391,319,386,331,363,355,338,392,362,384,383,363,353,361,304,433,389,362,415,334,339,331,390,359,410,359,367,386,416,356,348,344,355,403,380,356,392,358,366,366,344,301,374,398,409,376,363,282,367,365,354,365,325,400,359,337,355,359,318,345,368,411,405,391,344,353,419,354,328,359,375,366,384,368,378,363,410,368,432,414,394,352,358,367,392,378,350,404,335,333,409,366,389,390,322,346,408,413,406,330,389,320,356,426,375,359,401,364,320,355,407,340,339,374,388,382,372,458,387,418,353,333,357,418,369,433,369,378,330,372,402,409,385,404,322,346,427,400,427,391,401,418,355,359,341,344,398,397,350,352,379,401,364,369,384,401,346,369,383,435,356,347,345,321,407,386,378,352,392,365,350,320,351,395,313,404,406,324,328,415,393,346,377,356,349,312,304,321,364,348,334,318,405,365,401,361,324,347,411,312,392,398,349,358,372,347,373,369,425,364,371,285,323,396,383,375,383,396,342,414,358,422,387,374,383,345,398,405,374,416,372,412,412,422,367,362,384,350,342,338,393,360,381,358,374,342,427,374,333,400,401,376,414,330,402,396,424,387,410,398,381,360,411,389,422,396,402,362,369,399,350,381,373,404,355,375,406,318,410,374,353,406,374,312,369,367,392,385,429,335,388,359,356,427,344,315,351,366,373,344,430,323,358,282,359,407,397,344,379,409,376,361,389,365,376,440,398,394,382,321,380,387,361,384,437,353
16,30583466,359,443,390,390,361,408,379,425,389,351,333,377,375,367,344,383,372,387,407,357,368,395,394,414,418,340,388,389,326,353,389,378,309,370,474,443,432,393,332,401,405,373,348,382,392,414,363,404,392,352,378,408,337,384,418,328,368,392,385,323,370,357,368,353,389,415,385,434,356,444,376,485,415,356,366,391,381,378,365,355,315,358,356,399,423,352,363,405,420,442,389,367,345,379,376,419,435,421,374,383,403,365,448,398,420,410,419,401,387,407,414,373,352,420,397,365,416,394,377,357,498,373,420,407,424,416,392,370,371,353,396,394,387,354,366,431,365,364,381,352,408,362,411,397,395,439,359,381,346,363,373,317,370,372,402,383,396,400,348,367,368,369,379,426,332,386,409,388,406,350,398,388,385,412,338,371,417,394,417,370,357,410,375,435,389,390,410,387,458,366,400,391,407,359,347,389,385,412,391,393,388,377,395,367,405,421,398,386,379,408,367,377,423,413,391,364,408,367,344,367,380,431,399,415,451,375,380,372,368,430,382,394,368,395,398,451,356,390,345,412,313,359,392,346,403,386,377,401,428,322,331,373,360,417,400,373,416,386,364,335,402,415,384,390,411,403,384,383,379,410,377,331,336,370,375,355,382,353,376,439,374,396,402,405,347,368,367,399,408,373,410,414,396,390,390,392,378,305,422,401,374,378,366,357,377,455,402,427,410,407,353,409,354,422,397,419,408,373,408,417,355,324,413,351,437,373,365,413,395,376,370,413,385,414,389,445,406,391,365,426,388,354,341,367,365,398,383,391,376,421,380,434,333,415,415,372,412,367,366,400,387,374,376,344,325,419,406,352,445,388,359,359,384,317,372,336,360,319,414,456,371,371,407,368,395,375,449,389,380,370,399,417,371,363,426,383,345,365,350,379,389,394,336,363,435,393,376,425,332,362,375,367,336,300,404,400,420,354,321,374,414,358,330,397,377,440,371,421,456,434,397,406,393,405,307,406,418,356,375,380,323,339,458,389,378,375,354,341,398,400,383,423,359,367,377,440,369,363,371,373,404,427,357,403,347,379,341,373,351,364,399,376,370,341,396,353,447,336,395,445,341,408,350,372,421,361,401,383,383,427,353,402,385,342,400,368,345,418,393,416,409,379,377,389,358,377,436,369,370,453,367
16,33204906,400,330,386,368,411,354,379,394,354,325,370,333,392,455,366,382,368,369,360,392,416,392,446,365,387,344,368,433,386,404,408,379,414,398,326,418,356,367,390,401,367,360,389,468,389,344,397,376,413,404,433,445,354,401,401,405,423,439,385,391,432,421,411,417,385,426,401,428,346,381,441,369,398,377,411,364,377,355,349,410,320,400,397,395,407,376,372,377,387,390,409,460,482,327,417,395,368,427,387,385,306,343,387,398,428,422,382,353,412,384,412,367,404,381,366,414,422,356,366,443,389,410,406,403,375,411,364,401,435,437,426,451,430,400,409,394,380,398,396,383,427,374,420,405,432,389,428,380,332,411,354,428,419,391,418,403,379,385,406,400,391,419,411,380,421,378,443,454,413,365,394,365,349,369,351,420,408,347,311,389,402,396,378,433,428,366,359,391,393,358,379,399,403,392,420,392,430,396,380,391,427,432,426,412,375,374,391,348,363,435,355,368,377,375,396,413,342,422,390,432,394,341,319,358,377,433,382,393,443,336,424,374,394,345,386,414,431,400,433,406,429,401,425,402,395,394,409,416,368,440,394,422,398,377,366,361,375,429,420,370,378,370,386,374,422,392,422,361,453,396,367,359,358,381,400,406,355,417,399,441,396,370,470,386,418,355,388,391,367,410,434,410,401,396,458,382,320,389,388,404,325,429,327,422,402,356,404,404,381,379,377,411,344,387,363,417,395,405,332,442,362,322,441,414,383,378,360,413,383,410,393,367,391,447,368,458,414,366,457,352,416,367,416,398,389,389,380,385,407,387,357,411,407,434,383,344,380,401,408,407,435,419,339,398,375,401,439,368,412,413,381,392,367,360,378,363,394,377,346,350,389,372,393,406,363,369,429,399,377,369,379,404,374,382,450,337,482,417,410,377,392,346,349,396,422,389,406,369,406,420,414,358,390,429,424,436,331,348,418,407,406,378,420,445,411,436,395,373,373,335,407,385,401,383,473,422,462,433,435,406,399,425,351,392,479,411,420,408,408,407,349,418,355,357,376,401,442,347,426,407,429,405,384,372,423,415,432,343,389,428,355,407,427,411,447,370,369,349,465,371,374,402,357,388,378,384,379,400,384,380,333,430,369,385,450,398,441,405,417,378,354,408,358,434,393,437,354,351,399,404,389
16,35826346,348,408,371,430,388,397,402,411,362,391,354,398,357,413,488,436,395,403,432,376,368,401,337,428,411,443,395,422,417,392,426,407,379,388,389,363,354,380,437,438,391,354,362,353,346,419,391,439,427,444,399,415,414,429,409,417,415,393,442,406,405,383,373,386,457,389,395,352,379,418,333,401,363,346,434,449,373,380,400,385,419,452,321,403,362,355,419,483,403,389,382,378,394,418,368,441,410,368,431,367,410,386,397,423,415,452,376,443,400,453,386,464,402,408,378,414,398,478,400,390,393,410,447,394,383,413,394,458,409,377,389,428,399,395,400,425,335,400,367,384,400,394,421,403,403,408,406,428,416,398,376,385,406,397,431,399,445,412,478,403,424,363,377,410,419,312,409,386,398,386,375,394,325,408,401,393,452,374,407,414,380,416,385,415,388,381,339,413,375,426,439,430,441,427,395,379,398,495,431,410,396,377,405,392,384,394,401,359,385,430,374,401,362,400,431,390,373,358,420,424,435,424,430,400,393,457,412,400,423,445,402,370,404,395,379,356,368,365,390,368,435,376,364,347,444,381,345,476,389,362,368,416,366,383,389,341,406,446,397,456,393,435,411,376,419,378,377,341,357,397,402,421,370,426,354,422,377,409,417,416,375,393,399,347,398,391,342,394,433,359,388,381,406,415,406,320,397,409,416,380,433,432,372,417,408,392,458,418,407,393,376,359,409,398,398,409,362,400,405,420,393,377,399,413,337,379,415,364,429,368,409,362,429,400,352,422,391,433,374,444,367,380,465,441,442,372,407,377,432,367,465,385,442,449,408,437,382,377,403,392,407,395,406,370,345,425,340,308,433,394,367,396,416,350,389,415,488,392,353,373,384,384,395,405,345,351,431,434,413,379,394,386,369,437,348,375,339,388,414,428,421,465,350,405,405,419,433,429,406,415,381,414,397,399,407,423,381,372,421,389,372,358,421,349,438,369,388,403,407,426,397,414,378,399,345,406,347,376,366,352,432,425,477,394,409,397,419,460,406,360,399,483,447,385,397,352,395,453,426,412,327,378,397,400,357,429,382,394,431,420,419,403,360,406,467,378,392,388,371,386,380,426,391,385,430,456,367,418,400,441,364,371,403,428,404,408,412,419,354,384,409,382,451,380,436,405,431,392,392,379,399
16,38447786,449,422,424,420,407,378,385,412,420,384,403,408,332,388,411,429,408,385,424,404,418,415,397,435,404,431,482,382,396,405,389,386,388,420,420,363,382,458,371,389,387,405,387,357,381,475,375,477,403,358,426,440,378,389,409,425,449,367,432,351,433,428,369,449,400,404,384,345,379,358,409,475,425,392,376,379,388,410,418,432,355,387,387,416,384,444,425,402,441,387,361,448,445,466,435,382,422,407,389,427,441,449,382,418,356,412,404,423,444,407,398,381,428,357,399,406,425,382,406,392,382,387,417,334,403,414,364,442,449,420,391,412,431,423,384,386,435,399,385,416,423,376,378,428,428,433,407,367,397,416,422,421,403,405,457,412,400,435,422,382,387,373,419,340,461,425,382,406,458,417,354,424,368,436,360,419,363,469,376,400,389,453,417,419,404,382,382,429,461,417,401,338,427,415,459,416,423,410,412,429,400,401,408,389,390,373,391,422,478,473,366,400,383,379,442,406,414,387,375,407,410,429,436,392,390,472,425,426,409,456,437,441,442,379,379,420,420,432,423,374,424,432,372,460,416,468,401,392,386,437,363,433,431,443,396,428,333,426,415,454,392,411,425,377,462,384,378,428,425,392,398,404,410,367,378,402,406,449,394,415,438,404,381,394,413,407,427,379,411,388,396,410,379,444,424,362,441,442,402,401,388,422,366,427,426,398,427,378,453,355,382,369,418,435,443,408,429,372,400,420,412,412,419,381,406,433,418,346,433,431,402,394,353,389,390,404,361,424,383,423,417,496,394,444,407,384,423,454,449,383,403,419,390,453,406,389,421,389,445,402,401,333,408,399,446,439,398,386,395,429,442,399,369,403,393,408,417,389,448,445,415,467,407,394,408,411,385,428,383,398,439,369,471,407,387,429,411,404,381,416,413,492,400,364,384,409,414,461,382,417,391,386,365,409,345,382,432,448,417,355,432,418,426,389,371,424,444,447,400,392,436,374,390,402,398,471,393,408,405,407,424,398,362,398,361,382,402,393,419,383,416,411,436,374,414,382,369,395,414,472,481,389,393,473,378,362,483,374,401,404,457,410,389,411,359,410,416,402,431,435,399,408,431,405,434,410,432,408,418,409,386,370,423,453,401,416,487,416,354,404,425,325,408,380,412,425,422,415,451,357,400
16,41069226,384,400,439,400,394,415,375,424,429,412,451,370,367,385,422,369,479,366,361,459,412,425,446,392,409,398,448,442,421,431,451,377,422,445,448,409,393,394,401,441,435,401,438,452,451,379,390,454,454,395,450,395,421,429,460,466,491,392,429,456,426,450,384,434,474,396,445,354,431,427,353,426,414,425,393,388,414,398,498,406,449,465,426,424,405,404,456,442,390,394,377,463,406,404,431,426,391,426,438,432,445,387,462,375,466,416,415,401,408,438,369,458,404,441,431,391,446,389,430,364,375,426,455,436,405,435,379,355,421,384,455,471,434,431,470,442,450,356,400,437,465,382,400,431,433,402,412,419,378,430,408,420,472,423,423,432,410,497,406,419,454,396,494,429,413,415,361,406,394,411,467,430,392,436,430,402,378,440,365,379,414,444,403,357,414,481,427,420,418,430,410,515,419,433,462,395,407,444,388,435,435,414,416,416,456,444,395,414,447,438,439,375,459,378,412,423,438,405,363,367,388,401,398,435,385,418,437,446,390,376,366,423,488,362,483,419,437,453,410,388,449,358,425,404,438,451,411,410,399,407,456,424,414,401,386,468,347,422,414,390,439,443,406,398,392,474,398,455,360,430,393,400,447,407,448,397,444,475,439,416,445,381,348,439,471,427,414,419,394,424,413,396,412,426,383,427,402,406,392,459,421,404,425,476,416,420,443,345,404,390,399,430,417,448,402,451,477,480,453,416,409,406,361,388,392,376,423,419,400,415,420,419,367,409,440,447,404,430,405,455,375,366,394,404,395,439,431,359,450,373,369,409,408,464,413,402,387,410,479,399,431,431,406,383,442,392,426,464,443,493,464,447,398,403,395,441,380,448,455,393,377,428,359,416,452,352,404,366,447,374,462,369,405,440,411,462,416,428,410,430,404,363,418,439,370,390,409,422,433,420,435,367,416,333,418,416,436,399,347,385,451,414,406,427,391,420,393,385,437,437,397,424,425,392,392,449,439,391,412,427,429,383,383,426,411,437,393,401,415,403,472,470,450,440,424,454,455,437,383,377,435,423,451,444,428,434,418,477,394,416,453,406,425,382,410,464,439,406,415,433,381,445,467,404,420,458,466,437,456,462,406,459,467,424,432,425,407,416,388,398,397,390,353,383,418,408,383,423,413,414,422
16,43690666,448,438,392,437,490,465,437,420,452,479,462,426,407,370,436,358,444,441,417,509,425,439,447,452,432,449,403,436,421,441,428,436,465,445,399,397,403,389,446,432,436,399,430,431,438,380,438,407,490,468,438,410,419,405,402,469,439,421,410,425,453,425,420,393,464,437,483,467,426,456,431,394,494,475,434,470,419,424,415,440,455,368,418,429,450,454,454,394,445,414,440,487,437,439,455,477,431,448,476,405,386,440,411,446,430,390,424,433,400,430,459,443,437,428,408,428,385,396,403,365,354,403,442,441,428,414,440,410,431,418,459,339,365,455,417,411,450,409,446,448,415,377,463,394,396,363,491,438,463,430,461,376,372,426,445,430,422,413,416,462,446,470,418,355,461,393,482,398,462,483,388,413,397,390,399,461,461,421,393,442,477,449,420,432,479,411,435,445,473,448,452,457,424,419,436,421,442,424,436,420,436,436,440,392,447,452,367,394,440,365,421,453,439,442,412,455,415,440,400,403,399,406,405,389,470,435,408,379,437,358,493,383,429,403,335,438,452,485,470,460,456,424,451,388,442,393,418,431,436,415,373,471,423,414,438,433,424,399,438,394,424,454,425,389,435,387,427,389,398,423,412,421,447,470,476,475,445,461,434,425,432,449,430,469,436,529,401,505,421,438,444,530,380,485,395,412,459,409,435,428,460,446,463,463,369,397,409,394,440,443,343,384,414,437,435,513,437,458,473,380,423,370,407,475,459,448,464,430,383,433,415,384,421,477,428,451,410,499,426,402,477,432,457,396,401,388,425,391,446,428,406,371,411,420,374,460,361,423,393,429,444,441,416,410,448,472,433,383,369,463,431,410,471,430,412,383,438,390,477,418,368,458,433,410,411,435,420,422,448,461,411,434,465,421,426,443,493,389,461,468,410,372,425,403,469,440,393,416,434,385,388,429,408,388,427,488,389,432,469,407,406,443,479,465,444,462,403,417,416,413,451,393,437,429,409,469,434,476,472,458,378,407,399,399,408,470,400,421,372,476,407,446,463,395,449,456,438,431,457,434,453,412,443,396,444,462,443,362,381,393,445,424,457,411,456,439,458,428,468,438,392,452,411,413,415,504,444,461,432,479,421,408,389,369,397,406,397,383,466,440,440,417,439,417,453,406,435,440,389,424,465
16,46312106,417,423,469,474,453,457,423,444,404,426,450,423,422,470,473,398,437,418,389,469,481,492,499,449,443,430,414,450,411,403,503,409,404,426,421,456,486,432,483,461,481,450,430,450,462,457,421,463,457,443,484,403,475,461,461,522,393,389,420,446,439,434,484,469,462,480,441,417,490,484,412,411,449,469,445,479,443,440,475,429,499,454,515,439,454,498,526,469,416,366,464,416,419,402,419,464,479,472,461,428,406,457,407,459,424,475,438,384,486,474,420,421,456,439,393,493,503,443,356,492,469,494,526,438,471,537,424,436,447,424,452,405,466,485,451,417,477,451,465,443,377,449,415,506,432,437,475,501,467,439,470,435,500,422,396,454,445,397,492,421,446,441,423,516,484,412,421,392,437,465,503,425,405,466,443,452,479,448,475,487,390,463,483,504,453,478,419,469,391,470,377,478,429,418,376,443,476,465,467,426,408,432,490,482,421,549,474,462,439,477,498,405,450,501,404,447,492,507,420,434,399,401,430,408,430,443,465,467,402,463,488,463,471,435,424,481,434,405,498,461,461,419,519,471,415,411,479,411,423,471,473,387,454,465,390,433,402,494,459,466,418,434,426,410,482,472,463,401,436,422,417,383,446,428,401,430,429,472,485,489,429,438,428,462,479,424,480,469,416,441,362,459,402,474,412,390,439,478,470,435,446,481,411,456,434,376,438,439,398,461,429,406,439,482,417,398,479,422,490,420,456,410,399,408,486,452,487,448,463,398,484,440,444,447,430,444,473,425,419,472,499,439,477,460,499,442,421,436,494,460,474,490,463,395,428,432,404,523,410,507,489,479,471,460,494,506,443,436,428,503,477,423,555,441,396,425,570,500,423,461,403,404,475,422,487,456,446,427,443,460,458,393,495,454,441,502,471,434,507,452,426,447,440,444,436,439,433,454,438,430,509,511,479,482,416,459,459,459,486,438,377,475,533,509,492,433,469,412,381,477,488,411,426,511,382,467,465,457,461,491,517,411,508,427,437,491,414,468,425,438,463,423,465,485,458,452,470,408,418,421,423,467,473,454,470,446,476,487,389,505,391,506,532,430,453,400,462,471,455,455,399,446,428,447,489,483,434,411,463,446,480,486,398,511,450,471,513,518,437,435,485,481,452,424,442,420,444,437,485,424,443
16,48933546,488,434,414,444,509,464,420,440,487,418,503,432,520,474,499,470,517,458,446,493,457,498,497,421,472,477,483,513,433,559,470,493,503,449,458,570,531,484,447,447,529,435,400,508,406,475,490,436,489,486,507,463,515,427,471,457,458,467,459,500,493,423,498,511,503,409,470,437,447,520,435,437,487,452,471,435,429,506,411,478,430,483,459,460,439,447,449,452,475,435,430,422,443,502,431,493,443,467,477,436,470,552,483,465,477,470,475,474,404,490,521,438,474,526,429,463,446,449,433,441,455,457,446,447,433,530,439,514,474,500,478,464,569,483,456,442,460,408,522,440,496,532,517,453,439,510,459,468,367,463,472,484,438,458,487,489,428,498,439,497,465,477,508,517,451,464,482,409,467,520,488,400,469,483,432,455,422,449,443,501,453,472,469,515,480,376,422,451,430,492,516,417,503,485,392,509,437,430,474,389,472,479,543,520,481,492,515,431,474,530,448,448,501,498,467,437,473,476,481,507,454,481,496,448,494,472,464,426,449,452,470,410,485,447,466,489,461,425,505,522,426,502,472,517,425,462,470,495,534,520,498,450,506,427,529,420,527,433,454,376,461,438,444,548,509,457,530,546,435,417,484,494,446,430,420,460,496,432,413,461,505,491,536,503,452,457,450,545,450,460,430,483,471,457,471,438,464,421,480,462,474,394,538,519,511,434,476,392,531,471,520,402,427,447,467,460,445,486,450,457,459,470,529,472,445,518,418,450,473,488,464,449,496,512,469,479,483,458,501,488,374,382,487,429,449,486,488,446,416,519,448,462,469,462,552,447,474,424,495,477,511,494,488,525,516,442,407,443,411,445,452,439,484,422,426,536,493,440,468,480,488,440,512,382,451,495,405,453,561,476,499,437,443,529,517,475,459,524,401,440,459,478,448,430,468,440,447,435,501,450,474,440,478,437,434,506,469,405,476,450,475,476,456,467,429,492,470,480,522,470,489,445,518,503,498,477,485,479,525,508,469,434,488,457,429,442,464,440,475,462,479,529,450,470,478,497,487,465,486,433,431,443,448,507,476,527,484,504,452,513,447,453,498,502,475,459,546,485,438,459,414,455,459,524,483,469,494,457,522,532,456,457,417,425,475,512,511,417,475,537,511,376,474,466,422,548,476,473,417,452,437
16,51554986,394,508,537,454,493,531,487,528,470,431,438,531,446,482,532,500,517,497,509,529,495,444,399,444,472,462,481,518,452,455,512,482,465,418,414,459,413,486,435,457,389,535,451,418,438,512,457,414,512,479,429,495,489,507,456,486,504,551,486,466,432,535,480,510,432,481,519,394,499,476,410,478,499,430,426,507,464,396,480,526,467,410,390,512,402,399,493,499,477,508,482,412,473,455,473,510,414,446,473,416,511,504,507,524,446,384,472,423,453,500,503,464,464,555,473,500,497,468,497,483,479,515,497,473,435,490,484,431,451,461,493,471,505,410,423,535,503,517,452,460,436,477,411,460,430,410,443,496,515,462,461,513,520,493,547,487,511,441,494,447,497,464,511,442,468,417,489,457,510,486,485,484,463,438,466,475,485,513,471,431,484,548,499,487,511,462,520,557,484,464,463,493,484,483,445,487,502,467,441,514,459,438,412,459,469,526,469,507,494,498,383,489,504,470,488,492,482,510,513,567,400,394,490,465,467,542,476,480,446,547,458,528,557,485,500,501,480,468,464,524,479,467,481,486,512,516,537,496,557,504,459,518,431,424,447,441,514,444,443,530,527,510,512,458,464,470,472,463,517,502,428,555,461,487,507,512,534,387,431,526,544,502,530,477,405,458,407,508,487,506,424,404,497,449,471,457,524,432,465,475,436,439,486,492,529,535,502,505,455,472,468,511,494,465,473,498,405,499,457,452,472,489,422,504,399,445,456,495,489,499,484,512,484,479,493,512,412,416,534,467,538,506,492,522,527,536,490,573,477,486,478,436,454,476,506,461,515,440,498,508,414,474,427,462,473,457,469,467,490,532,464,520,466,429,486,476,516,470,379,471,362,507,479,463,456,471,451,496,461,474,480,521,376,393,517,502,402,502,500,480,448,552,445,561,505,500,515,474,471,452,520,391,525,452,487,513,488,437,470,518,490,455,464,502,476,494,485,465,451,422,476,468,478,392,432,535,458,467,460,516,490,478,534,517,430,468,436,508,577,479,471,477,436,462,440,508,457,518,472,449,461,534,543,425,468,506,472,521,521,423,441,445,410,494,503,482,390,431,531,503,513,479,458,465,456,540,499,498,519,569,480,509,533,479,447,507,505,491,448,489,460,519,472,447,527,414,498,500,488,457,502
16,54176426,549,550,488,507,535,516,446,426,542,428,444,476,468,473,473,505,436,442,495,540,546,500,503,534,542,494,454,464,464,418,521,482,476,411,472,546,537,477,479,484,461,507,501,491,480,487,517,470,486,521,433,455,458,429,525,501,501,481,557,532,491,519,486,505,465,520,518,458,426,513,484,462,504,468,527,472,513,461,524,477,548,443,468,499,457,534,484,532,426,397,467,490,523,503,448,397,546,468,508,550,469,437,518,441,456,519,500,434,480,464,432,482,498,494,452,487,440,457,463,582,459,505,512,416,577,469,511,451,399,460,387,517,475,552,432,450,518,504,483,456,480,541,516,510,534,522,459,473,456,487,495,466,461,458,527,471,471,435,490,442,511,547,416,446,476,460,494,455,480,502,458,506,422,431,554,556,445,493,557,565,451,541,449,389,505,524,481,506,527,508,528,464,519,498,405,501,483,532,473,514,575,474,473,450,522,564,524,503,426,469,436,465,477,441,554,543,450,513,445,481,491,460,457,510,497,479,493,543,451,484,489,518,509,514,462,452,534,465,523,499,528,494,476,498,481,488,475,502,561,425,508,505,443,472,435,512,442,456,473,487,543,478,480,455,502,545,511,509,446,464,519,557,412,513,502,451,453,418,527,480,463,464,438,489,506,473,535,518,451,428,517,420,494,461,483,511,451,438,482,476,541,454,520,518,488,549,444,451,441,513,499,507,479,472,502,425,462,499,566,526,502,468,533,541,521,526,508,435,523,480,459,536,518,450,469,464,450,518,487,433,523,427,546,528,527,476,514,539,481,535,484,545,498,484,476,493,448,525,509,484,433,464,479,490,491,483,476,505,458,498,519,441,402,488,498,434,508,503,482,506,463,444,455,564,489,531,525,491,471,510,450,472,423,480,455,457,458,541,476,502,509,484,456,472,551,469,483,457,404,560,431,508,445,490,480,524,437,516,487,468,467,448,487,488,445,515,535,485,515,483,477,492,578,445,507,484,479,480,511,502,496,555,400,504,455,500,526,502,511,448,481,583,501,521,450,444,452,512,506,540,515,537,470,529,483,527,523,433,617,463,499,501,563,495,501,435,491,464,551,424,491,514,441,516,478,470,515,487,473,425,493,529,508,484,522,547,497,477,541,471,429,509,445,477,559,474,538,460,494,546,551
32,27962026,328,365,364,391,368,357,332,361,399,403,387,394,410,413,383,435,361,368,459,381,434,389,451,403,359,395,366,320,397,364,348,382,434,332,446,408,425,369,399,394,403,394,419,422,418,391,417,398,367,355,427,364,336,355,388,354,383,402,409,414,365,371,405,408,349,320,394,414,342,397,421,389,412,358,417,423,364,437,397,342,384,383,390,406,376,413,393,383,409,415,424,411,391,397,396,378,360,409,449,390,375,371,428,394,374,382,438,448,377,367,365,380,318,388,377,370,362,400,434,387,377,403,381,364,400,385,399,329,378,426,414,378,390,411,398,368,405,411,374,363,361,401,360,322,447,368,368,334,397,377,449,365,400,419,408,388,414,371,379,408,394,395,398,390,334,343,393,375,331,358,385,378,420,396,430,380,414,355,404,344,390,380,392,368,362,327,395,370,435,380,417,379,383,368,436,456,456,417,346,345,420,366,396,405,373,414,344,412,414,423,399,374,344,372,416,403,386,401,350,406,325,330,429,389,384,322,375,380,416,387,411,395,418,373,413,362,425,369,380,409,401,401,438,306,349,392,402,421,340,410,398,356,417,357,349,440,414,358,369,333,427,333,396,379,431,375,398,395,387,387,389,383,378,407,348,371,382,393,341,346,389,346,390,381,419,454,377,423,405,426,362,368,374,380,401,364,427,351,381,386,410,334,437,372,371,411,369,365,418,400,415,368,413,416,403,356,351,430,426,446,366,382,391,449,377,342,388,397,416,391,391,445,314,385,330,420,320,405,389,347,411,424,363,375,402,451,372,373,385,375,343,389,415,424,369,403,378,400,406,407,406,426,414,432,428,403,425,299,347,395,405,349,395,419,370,372,342,367,345,395,371,373,379,398,372,410,395,333,400,411,409,413,388,409,405,348,370,405,422,396,395,375,394,380,406,397,403,415,390,389,372,394,401,380,365,395,385,385,406,402,381,387,407,383,374,368,405,410,361,485,404,401,349,356,338,407,418,404,374,352,403,402,425,364,423,435,389,368,374,398,371,408,394,373,391,404,394,346,411,415,409,369,399,368,421,363,414,394,401,387,452,417,337,379,356,413,378,426,340,355,412,436,417,392,426,389,360,405,358,393,360,385,370,377,425,390,422,379,393,369,339,381,357,379,352,427,429,426,404,404,377
32,30583466,385,381,402,381,432,409,421,430,405,387,433,381,382,433,396,422,423,423,404,424,432,368,384,411,400,399,393,391,454,388,407,378,421,427,417,379,422,365,400,367,391,382,461,387,368,393,368,348,435,401,353,459,411,398,432,389,434,421,329,444,379,409,476,422,353,371,438,404,387,404,386,425,389,365,370,395,419,443,421,401,409,408,449,401,423,411,423,386,424,369,384,381,438,378,405,421,425,407,408,388,361,426,391,390,399,404,433,410,439,364,374,401,379,396,391,370,402,394,408,423,375,389,426,388,364,396,399,373,418,410,413,421,343,350,426,421,415,386,398,382,392,364,415,396,365,330,357,400,346,418,423,461,391,367,409,393,385,394,427,384,408,425,385,440,367,432,428,422,421,394,439,324,359,348,420,417,458,371,402,396,415,396,380,396,390,393,386,400,433,359,357,363,439,357,394,381,424,404,379,425,384,427,427,388,354,352,382,403,387,397,330,418,400,384,379,442,370,385,412,409,413,441,412,432,387,372,431,364,387,348,412,374,410,386,360,358,453,425,408,383,400,392,422,429,353,411,363,404,333,380,370,392,390,417,384,404,404,423,363,413,406,424,408,407,415,387,407,415,426,374,378,356,311,401,427,378,441,355,367,382,384,398,411,379,333,453,411,425,394,421,357,417,420,385,422,399,423,424,418,446,328,403,461,439,406,373,364,342,343,438,358,431,411,435,423,389,332,392,378,422,467,393,401,411,419,356,346,404,356,357,409,373,437,428,440,432,417,399,410,415,422,404,420,439,398,386,417,410,365,386,368,443,431,401,380,393,401,389,435,360,397,458,454,362,364,411,433,367,369,426,404,418,418,355,352,368,414,400,458,402,407,334,384,399,399,351,372,376,434,359,411,410,389,440,378,371,422,421,405,385,452,408,428,344,353,443,428,421,366,396,477,344,367,467,362,423,384,366,361,424,343,451,367,391,425,389,415,407,363,409,465,391,420,423,422,408,420,385,396,441,427,394,354,433,368,404,382,407,402,394,398,401,371,379,396,389,392,373,359,388,399,358,429,388,390,357,379,454,362,408,412,379,407,427,307,399,439,334,390,400,429,428,421,421,330,399,421,412,408,356,447,376,416,438,379,376,435,412,371,441,421,422,420,394,370,388,411,410,395,406,410
32,33204906,425,408,439,413,382,407,411,457,375,376,400,381,392,392,400,451,364,361,420,430,435,422,412,400,439,426,378,431,375,421,419,388,382,399,430,374,433,476,367,389,373,405,417,421,405,415,409,414,483,451,440,428,407,380,393,380,426,423,373,435,423,415,376,391,439,419,390,417,381,412,412,433,444,364,398,383,389,366,404,367,402,430,444,432,403,335,433,435,361,448,414,400,379,421,350,413,399,377,441,414,421,410,418,394,418,416,388,416,440,391,408,401,367,373,398,423,441,399,429,422,380,399,391,420,430,431,455,416,449,439,433,393,395,417,408,371,441,398,426,359,386,405,431,418,477,368,452,413,373,425,387,454,435,450,429,475,436,396,404,367,410,411,408,397,375,377,403,409,422,337,415,432,418,416,405,390,394,410,406,393,411,371,355,410,422,418,415,382,347,411,389,354,439,439,389,376,422,409,401,382,424,416,391,419,381,373,427,414,482,421,398,379,429,395,414,378,422,415,425,414,435,379,428,415,427,418,393,360,401,414,370,433,440,401,414,399,412,365,438,408,425,384,418,384,414,362,418,357,371,388,389,467,397,441,376,415,432,359,393,405,327,461,400,416,379,453,433,425,460,406,345,415,343,352,368,335,408,379,432,429,403,411,437,391,398,373,405,460,413,404,391,417,448,376,431,450,375,430,421,424,401,412,423,369,386,484,441,396,458,416,360,405,404,402,449,348,391,388,420,439,409,418,426,411,431,470,363,399,380,442,407,361,406,401,370,388,397,498,409,478,393,405,434,464,422,365,412,392,385,393,389,404,417,344,416,412,373,394,393,381,458,364,375,359,433,419,394,410,349,386,424,415,429,422,408,432,371,408,422,380,463,414,401,384,394,427,401,411,422,405,397,406,393,370,353,436,373,390,383,400,400,384,385,365,390,414,403,366,456,377,385,426,384,414,449,392,386,389,436,368,383,380,383,397,414,421,439,422,407,402,425,391,426,405,447,422,355,402,366,429,424,393,414,410,445,395,422,390,436,347,396,433,421,425,455,376,443,445,433,426,422,452,393,392,408,379,498,452,427,420,390,403,392,396,423,442,397,398,404,405,411,440,424,394,368,431,485,434,371,405,370,417,410,390,430,402,392,375,397,430,451,395,427,399,408,380,396,472,428,425,368
32,35826346,403,395,431,446,465,425,452,411,465,428,439,379,454,408,367,439,460,411,467,384,442,427,401,429,428,430,409,426,406,424,394,421,399,374,390,400,428,441,372,431,432,384,418,362,380,444,475,405,424,371,389,441,425,422,366,385,404,387,424,426,375,402,387,433,414,395,461,397,414,445,391,351,422,391,374,374,376,348,441,404,418,400,421,364,404,419,407,399,385,462,404,389,430,444,384,448,400,437,422,401,410,429,397,426,390,418,418,423,479,408,369,436,427,397,401,456,391,423,415,444,434,403,463,425,445,410,351,383,402,402,406,417,359,416,415,413,415,345,384,408,414,373,444,436,415,439,433,424,410,388,447,393,378,413,393,386,456,361,461,393,378,473,414,433,414,411,457,418,464,421,443,401,363,388,399,427,402,356,331,450,433,431,449,422,423,410,403,434,419,367,390,440,405,407,417,413,404,402,419,409,425,458,404,402,420,428,443,429,389,451,411,398,428,410,434,430,444,435,436,436,416,401,392,455,448,421,451,410,390,414,492,371,414,447,431,429,399,406,416,418,449,434,455,397,384,456,391,439,397,428,381,410,443,415,427,383,416,366,384,424,432,471,420,440,440,424,459,388,453,450,419,424,377,430,364,382,399,406,465,439,459,468,395,377,392,385,451,409,476,439,416,359,412,433,412,389,445,436,361,390,415,432,338,436,383,402,411,381,452,422,424,416,453,441,385,418,460,412,451,423,408,489,409,432,428,418,298,453,374,381,430,418,439,410,432,430,434,401,401,433,404,424,471,431,436,387,453,422,415,473,405,377,440,397,402,417,388,428,403,431,459,373,387,427,432,388,440,436,470,424,397,416,445,407,403,424,375,409,446,373,422,383,444,398,439,412,427,424,363,416,391,411,411,420,429,440,403,453,426,376,407,396,406,370,457,418,405,405,414,418,415,452,393,411,388,435,400,419,370,435,399,377,408,414,400,390,368,390,421,468,420,447,395,414,443,421,417,444,444,401,388,374,421,428,425,421,433,368,425,427,413,454,410,432,436,450,411,383,448,491,424,428,398,401,430,377,433,446,474,450,460,428,441,399,416,407,372,445,401,381,340,390,463,444,446,404,426,348,437,380,433,426,441,424,383,374,399,396,438,413,415,471,408,454,434,437,453,407,382,424,471
32,38447786,419,389,469,450,432,383,383,399,406,431,417,403,463,465,461,360,455,458,390,422,438,483,367,420,456,413,463,401,421,349,434,425,388,407,394,398,414,373,401,440,430,407,479,427,439,453,427,474,361,455,382,436,402,404,444,479,404,418,433,421,414,414,462,432,405,456,431,431,395,429,426,444,404,466,371,437,439,445,454,412,468,479,492,410,457,395,438,418,429,424,402,417,410,358,397,427,454,410,456,455,425,430,424,400,405,458,386,376,427,427,374,425,447,411,433,444,447,414,389,405,458,457,428,382,388,452,456,454,457,426,362,425,417,478,387,461,448,401,366,463,415,434,419,486,426,417,398,402,398,385,433,406,435,426,407,424,402,435,453,439,425,441,439,381,409,402,395,415,414,499,436,404,452,435,403,425,453,428,368,445,448,414,431,367,431,392,475,390,460,439,388,459,449,412,421,375,446,441,395,366,393,447,360,428,394,413,438,410,393,438,410,387,384,400,415,434,416,421,418,387,380,377,447,387,374,436,432,405,465,388,439,437,446,475,409,373,478,452,440,453,400,408,443,411,433,421,384,423,457,368,429,437,431,459,412,429,450,389,433,455,483,397,454,361,409,389,402,408,447,436,407,420,406,422,402,452,401,375,407,455,411,423,427,409,447,456,456,456,440,424,412,421,443,390,406,416,458,410,399,437,443,408,439,424,402,386,452,462,437,386,424,442,414,424,405,455,443,377,431,434,399,425,466,416,419,433,438,456,425,435,403,443,415,429,412,449,416,428,445,381,434,412,416,432,404,460,456,404,411,437,416,453,413,409,432,447,429,407,386,376,430,359,526,439,421,397,451,374,405,426,412,412,411,436,476,374,390,454,376,371,411,403,436,388,407,404,426,430,390,449,384,465,355,399,451,425,393,388,401,418,367,416,423,460,413,392,439,431,403,379,435,468,449,466,391,459,379,435,412,339,405,433,414,391,413,386,446,452,438,405,437,410,402,385,443,437,449,447,426,420,461,462,375,419,409,418,449,422,402,461,406,429,425,400,457,437,413,402,420,376,409,420,396,450,424,414,384,392,446,419,432,400,450,399,422,414,414,429,407,437,424,455,466,451,422,393,445,398,382,505,471,428,377,390,383,439,408,457,376,412,433,371,409,414,400,384,413,426,387,404,428
32,41069226,415,388,455,421,401,435,393,393,452,402,447,445,437,460,436,455,410,403,439,435,417,492,441,457,424,437,443,416,418,439,481,473,421,388,407,435,414,409,435,441,437,432,471,449,418,478,398,470,424,437,378,473,470,408,446,415,456,418,428,470,431,433,423,474,428,438,433,442,396,461,409,438,398,409,404,399,352,398,494,372,482,454,453,471,430,446,452,400,493,418,382,465,459,441,446,416,433,442,442,433,379,463,446,413,431,481,451,457,482,443,404,369,386,433,442,399,429,396,462,399,431,384,452,400,436,462,409,398,408,423,435,442,428,428,413,459,409,458,468,399,398,430,373,459,435,396,456,420,458,488,498,383,465,441,466,367,368,424,404,412,420,427,418,432,418,447,426,447,417,423,387,433,401,391,364,414,453,453,398,419,456,396,440,413,426,420,420,419,401,446,424,447,411,365,435,380,398,391,430,412,432,423,408,424,431,460,447,405,415,449,450,425,453,468,412,458,477,427,458,467,442,435,395,442,453,405,426,452,417,387,452,406,399,387,461,410,413,445,401,466,430,432,409,469,452,391,398,431,434,404,405,402,370,387,427,494,394,398,427,464,418,435,426,402,431,470,417,440,400,378,400,466,457,429,461,421,443,383,405,447,431,457,399,408,424,432,430,419,466,433,418,372,399,498,426,390,436,449,440,402,433,437,381,436,382,449,460,462,438,426,455,420,411,449,391,407,427,453,400,440,449,407,422,410,386,430,408,436,387,463,415,445,421,425,410,432,395,412,415,409,464,461,466,416,441,470,412,444,395,427,437,471,432,436,425,422,435,446,414,421,426,444,419,439,359,437,439,432,460,449,405,414,417,412,426,441,428,443,392,441,431,439,438,424,446,396,378,460,430,411,431,456,434,445,433,410,494,461,465,417,436,407,405,420,433,415,429,456,455,511,429,449,451,460,391,435,430,412,458,483,415,398,461,448,472,456,420,400,441,378,408,405,453,473,381,406,504,419,453,399,356,481,487,382,461,426,455,454,432,454,383,412,446,481,419,409,459,430,445,388,463,448,426,399,437,408,475,415,401,462,407,413,449,428,456,433,442,452,403,475,418,393,444,449,441,411,494,423,457,491,458,412,432,424,501,427,444,468,428,435,407,452,425,445,487,475,438,462,390,370,466
32,43690666,456,497,456,491,441,416,439,414,499,444,411,420,431,399,499,407,449,428,442,464,446,453,474,426,444,403,472,436,460,418,427,403,436,440,478,464,491,420,402,464,464,400,428,409,412,485,485,524,431,436,460,455,485,437,462,455,393,443,431,427,427,477,419,452,475,495,486,498,479,432,425,405,437,503,444,527,428,502,435,406,461,468,413,437,485,423,444,399,439,400,394,402,420,410,438,475,447,444,419,400,454,431,446,393,432,459,427,449,454,464,520,447,563,477,474,459,447,460,405,390,422,425,402,498,473,458,415,372,481,432,463,452,452,439,453,416,541,460,467,455,427,429,462,428,454,412,441,367,441,472,402,484,459,487,402,404,436,468,458,475,461,441,511,454,440,429,413,460,463,513,474,419,485,453,490,515,404,437,406,408,420,422,417,445,452,521,362,393,435,423,443,520,426,452,437,447,463,479,478,453,447,437,432,437,440,460,451,463,389,442,456,428,453,450,489,438,450,408,403,442,444,442,423,484,413,421,433,415,494,431,463,440,466,441,435,496,481,458,504,431,439,408,479,487,412,457,444,419,430,450,395,419,456,429,462,380,461,470,377,369,376,499,454,467,457,420,405,408,422,451,452,405,449,454,434,458,453,518,409,460,400,439,413,423,428,463,501,403,439,454,399,413,436,408,436,455,466,470,405,433,421,439,440,435,450,419,460,470,470,390,449,411,519,483,484,405,472,455,461,462,447,463,408,536,444,418,399,448,407,459,441,449,457,412,438,429,481,425,456,418,486,501,404,452,460,455,393,396,432,494,434,462,401,427,407,508,415,449,421,457,463,433,412,450,381,484,422,431,425,479,494,404,490,443,448,431,377,446,409,464,424,491,443,385,429,420,489,502,385,432,408,427,393,498,468,477,444,387,492,438,384,424,490,436,411,432,448,393,473,411,435,466,494,491,460,477,495,471,413,484,483,475,442,425,424,395,458,420,467,455,392,450,477,414,423,474,456,452,410,388,459,429,429,526,473,467,418,432,438,462,443,422,449,473,426,420,469,394,459,473,469,415,496,490,422,396,470,395,406,496,440,478,453,428,419,429,420,445,450,466,437,506,444,442,447,453,455,411,487,427,415,441,476,411,483,449,417,463,384,439,462,404,455,468,435,495,428,497,434,432,439
32,46312106,559,417,515,532,471,474,503,438,468,432,518,500,491,470,484,522,481,491,475,438,525,456,404,447,440,484,451,447,420,449,486,415,495,458,562,508,476,514,470,488,450,440,502,488,474,456,485,446,537,488,495,480,498,507,415,544,481,457,437,500,425,423,447,448,491,463,418,491,511,406,484,454,519,486,447,456,484,464,496,400,523,511,476,483,469,522,479,500,425,439,484,463,486,462,485,452,453,446,525,475,500,470,511,390,499,512,509,499,507,456,408,463,431,438,469,422,453,453,491,489,496,507,524,525,479,476,453,496,517,444,478,383,449,403,433,494,525,485,478,555,462,521,518,491,460,463,436,440,434,452,480,516,470,411,489,488,473,485,482,484,462,462,494,518,517,473,422,422,435,482,485,460,472,481,508,401,417,449,489,422,498,451,505,395,438,495,449,453,431,458,530,453,447,444,440,476,483,435,533,474,487,484,430,493,470,497,489,452,439,517,518,427,477,431,490,458,475,432,447,480,531,462,484,520,472,452,506,493,485,448,456,452,529,526,472,551,491,455,507,417,497,453,505,428,488,478,519,462,471,487,502,474,513,492,486,466,448,470,514,424,502,429,457,490,448,501,445,454,474,475,474,460,466,474,431,489,411,442,425,465,468,483,453,479,531,420,487,515,479,476,406,445,475,476,468,442,428,434,454,467,537,481,476,520,477,484,494,457,461,511,432,466,458,506,491,488,517,498,468,476,487,434,464,494,505,481,422,483,439,434,439,449,466,496,461,428,417,467,422,407,514,506,443,405,419,420,461,492,530,418,467,502,459,452,451,425,478,450,430,440,470,510,481,493,468,477,504,457,484,474,489,437,450,492,539,430,488,533,471,452,443,492,431,523,450,425,544,482,433,458,434,402,478,446,489,487,457,437,457,487,467,473,472,507,438,538,508,438,542,447,456,504,482,400,524,448,476,478,427,430,505,483,496,470,453,469,469,469,534,462,457,562,458,464,473,418,509,461,478,471,469,467,420,475,449,482,476,494,471,496,423,532,470,463,500,430,460,463,481,496,461,425,465,497,475,414,459,490,455,457,502,423,438,435,442,513,511,476,488,488,545,438,429,493,430,472,569,449,493,510,442,467,474,428,421,491,481,453,431,458,378,566,470,484,522,491,463,436,457,472,408
32,48933546,431,513,460,452,462,525,523,514,454,502,486,447,452,497,479,538,418,543,479,481,494,514,548,493,509,487,500,518,531,499,553,517,509,539,493,506,465,436,507,523,392,471,450,447,501,424,479,425,523,579,476,469,484,523,532,539,482,484,496,504,495,521,535,543,487,483,491,477,468,460,451,484,495,467,462,563,500,476,517,425,451,484,471,419,446,487,461,460,497,414,451,593,476,592,460,514,474,497,515,529,467,494,455,449,602,465,476,494,497,444,499,468,459,458,530,508,484,445,527,447,426,506,462,500,429,529,539,493,529,491,513,520,491,478,445,503,496,531,530,530,565,575,546,440,539,472,526,533,481,525,528,491,508,538,489,490,470,532,494,564,490,485,523,440,456,453,530,499,474,491,463,426,496,518,522,450,487,435,470,490,489,430,486,502,470,509,488,506,498,461,494,492,517,460,483,446,503,466,535,489,526,486,520,509,582,485,506,519,544,489,449,493,505,472,512,499,443,491,481,449,468,485,501,526,512,466,547,472,529,491,564,485,488,479,424,508,432,487,475,498,501,459,485,496,534,522,427,498,527,447,537,480,548,510,494,440,533,459,495,538,499,394,516,463,482,536,453,473,571,509,383,570,474,456,497,484,505,446,478,558,479,412,492,537,503,437,500,470,430,458,521,478,474,459,475,496,520,450,520,433,500,432,428,537,469,496,467,467,462,491,554,475,470,483,493,444,496,468,571,509,490,489,456,404,456,490,428,436,490,494,418,496,449,476,473,521,492,563,433,470,492,436,466,469,542,489,448,511,460,452,495,552,469,494,443,440,482,544,494,494,475,462,518,497,444,543,464,466,536,442,542,507,408,499,446,434,500,459,567,460,506,494,525,440,470,420,448,504,458,439,463,486,492,455,382,510,494,520,448,508,526,463,494,480,456,425,508,473,429,534,536,481,446,453,505,501,449,398,495,544,500,497,545,530,499,447,534,513,532,473,480,487,467,454,520,475,499,448,448,423,474,476,478,486,473,463,500,449,468,469,500,461,499,476,441,460,527,552,511,413,468,596,495,503,520,459,499,535,487,470,532,490,518,551,486,470,485,437,451,505,473,503,532,472,523,442,483,518,496,413,550,482,545,457,456,496,501,495,443,477,405,497,536,497,507,447,470,544,487,587,465
32,51554986,502,461,508,524,494,526,549,464,430,553,459,495,498,427,538,449,479,476,503,466,463,496,507,413,501,464,520,541,476,514,489,540,498,565,535,554,541,544,430,504,564,474,495,501,522,509,550,525,555,580,527,499,487,518,487,509,515,482,580,410,516,428,505,529,449,494,509,448,445,537,522,504,509,521,542,478,486,525,492,477,548,453,482,533,542,484,562,506,463,479,475,475,480,532,524,524,496,539,535,547,499,468,493,512,561,487,509,522,499,486,499,494,472,577,518,503,441,478,486,521,529,488,576,530,480,530,403,493,558,543,463,479,491,448,463,480,453,512,571,516,367,532,467,479,486,489,515,456,494,509,495,566,491,442,434,504,479,493,510,476,549,535,572,457,481,500,492,508,523,519,540,526,441,528,532,510,466,439,541,438,498,478,460,537,523,587,489,517,554,575,558,537,529,502,554,536,474,500,605,502,534,526,522,565,499,541,522,489,493,517,512,497,490,550,506,519,516,512,444,501,502,467,478,476,445,472,523,510,516,461,462,549,507,487,482,491,509,528,463,480,499,484,513,521,552,468,525,505,470,468,469,526,471,563,502,498,537,535,557,537,453,570,491,470,432,496,512,493,566,431,547,518,500,545,555,503,482,499,487,482,455,506,533,517,511,522,481,550,460,540,574,505,501,510,465,550,439,471,477,527,482,495,525,497,456,514,528,512,484,430,538,504,541,530,432,473,500,500,488,458,466,530,517,518,540,536,495,465,460,504,516,529,531,529,483,547,504,504,538,492,586,437,411,519,483,517,466,507,495,530,408,537,499,498,529,441,481,506,513,454,571,489,527,492,580,465,449,454,549,471,482,520,483,480,445,573,464,528,509,517,507,554,507,470,568,561,523,518,521,492,491,487,494,474,485,477,494,526,537,504,516,536,505,471,481,453,469,465,481,618,483,472,525,560,545,516,483,484,543,542,522,410,535,492,541,560,524,484,546,504,522,452,466,481,470,486,506,466,444,501,490,523,512,464,588,483,493,544,538,474,505,491,498,507,514,417,525,492,471,460,447,457,513,512,447,499,508,466,498,468,516,455,505,557,515,492,499,510,467,484,525,467,455,521,388,475,484,433,544,469,512,547,509,534,415,488,495,462,488,560,509,506,519,512,546,532,582,475,558,513,515
32,54176426,542,568,522,463,499,468,536,436,527,496,557,443,523,478,430,481,479,515,528,467,498,569,594,520,451,537,550,494,469,513,483,494,518,547,480,454,567,567,460,560,494,534,483,545,571,486,513,520,475,572,452,474,430,506,519,510,496,490,496,481,521,535,564,487,517,500,449,556,489,536,418,458,572,545,547,541,519,541,547,559,483,491,469,540,571,465,529,535,504,487,516,483,526,539,448,471,490,483,524,551,555,537,482,574,528,494,511,504,568,460,422,533,494,514,459,494,538,457,516,478,487,540,559,486,512,518,473,483,556,506,434,500,525,494,510,492,485,473,522,481,505,508,519,488,479,526,475,482,526,588,480,528,543,519,527,597,529,411,528,451,429,541,533,436,573,552,545,496,532,554,482,466,560,569,423,594,508,499,498,502,551,479,551,459,513,525,463,500,590,535,561,483,579,438,533,530,486,478,478,537,512,585,597,503,454,516,482,553,600,563,510,492,504,554,453,481,546,487,573,553,566,558,517,480,524,570,467,556,523,509,551,501,511,557,436,522,552,554,544,518,495,564,496,521,530,507,449,606,465,447,582,571,522,447,475,517,497,602,567,529,518,523,469,579,549,509,534,489,485,528,499,491,495,529,516,511,542,498,523,481,523,462,551,565,569,464,535,489,539,541,572,574,448,512,532,517,530,512,449,492,567,509,494,531,514,509,518,497,559,460,525,483,490,501,497,497,572,493,453,509,549,471,564,504,674,531,559,554,547,531,545,493,435,432,500,481,534,523,477,566,510,545,443,607,509,518,479,542,572,533,494,571,520,540,518,465,526,486,511,598,488,545,478,513,541,518,531,533,579,561,501,520,496,492,453,534,483,487,570,571,545,538,504,489,490,573,462,471,485,485,522,477,532,532,562,522,551,570,537,392,461,479,574,538,437,580,572,529,472,569,512,543,534,552,486,458,545,449,543,509,545,475,568,497,550,510,531,566,522,558,515,465,531,567,471,579,437,518,470,488,559,483,513,513,463,507,485,462,525,483,526,517,479,528,446,550,528,475,521,508,526,518,513,589,520,571,473,546,499,515,558,541,480,528,495,514,531,500,581,506,498,509,507,447,480,464,524,500,540,580,524,551,550,540,532,458,456,465,517,481,561,458,502,496,516,493,552,535,575,554,576
48,27962026,438,406,426,436,419,398,416,415,432,425,433,408,355,375,404,430,395,454,396,428,454,419,470,379,405,416,423,391,463,405,412,392,378,396,422,409,423,446,390,390,415,446,345,390,396,398,430,404,398,409,434,410,395,425,384,429,367,364,401,349,432,413,377,423,368,399,424,365,347,419,396,456,387,420,429,421,417,435,402,408,428,397,394,411,412,379,373,410,394,403,377,447,425,416,395,430,399,440,440,402,397,440,427,416,389,397,418,399,392,398,398,436,416,366,384,377,367,391,368,441,355,404,410,419,405,432,394,403,432,405,417,445,404,428,407,400,434,452,464,428,364,410,441,404,433,406,404,426,417,380,404,343,426,357,379,402,378,443,417,413,457,373,429,372,389,391,415,433,422,449,412,390,376,405,410,387,426,413,416,398,363,419,390,420,400,411,408,454,350,427,478,420,401,386,402,448,416,420,398,448,397,437,410,388,392,389,467,408,372,405,353,421,376,420,368,432,411,370,388,376,423,389,398,387,399,421,362,371,349,374,432,436,456,390,373,387,347,403,432,410,390,401,401,457,392,480,404,371,438,445,421,410,406,429,415,374,414,380,402,392,382,392,394,375,382,423,441,428,375,409,385,414,401,458,398,411,383,399,405,404,371,398,426,409,392,385,425,426,377,420,401,429,370,383,387,403,436,384,413,412,407,370,380,396,416,422,422,353,432,382,347,394,396,419,391,413,408,474,375,371,400,408,460,387,409,369,441,460,390,440,451,444,418,350,365,431,389,438,451,413,370,441,398,391,425,407,369,360,428,421,368,396,403,415,455,393,372,423,421,417,402,435,394,352,385,417,379,380,452,453,391,411,389,421,452,372,430,401,366,370,422,458,391,388,430,389,400,392,437,376,387,389,440,489,420,377,426,426,380,442,423,400,419,400,349,395,389,423,467,382,347,453,411,434,435,413,423,425,371,410,420,381,418,376,425,440,437,403,379,416,368,405,398,391,415,421,411,398,388,408,391,416,379,403,394,409,420,382,419,413,415,404,375,441,416,464,406,393,491,424,332,413,403,450,411,413,353,408,431,386,393,418,349,395,382,398,405,434,395,424,425,423,371,397,383,427,448,406,335,434,409,448,358,423,409,441,378,373,390,404,376,472,428,380,380,422,341,377,396,411,351
48,30583466,435,464,372,438,430,422,391,447,422,406,479,416,390,393,385,463,390,390,411,448,435,383,412,401,415,384,403,406,377,433,412,454,450,383,404,416,414,393,423,451,442,414,439,430,410,445,412,421,395,424,439,373,470,451,419,385,428,449,446,379,393,392,442,358,414,347,445,388,394,407,408,402,403,423,456,423,434,376,396,360,437,370,374,395,392,407,422,451,448,462,372,412,363,443,446,454,426,437,389,430,426,442,408,419,401,396,448,462,447,420,422,482,443,453,388,418,376,408,423,449,405,414,412,412,396,433,434,437,402,393,417,459,418,442,391,369,434,436,410,425,443,425,411,418,409,402,370,381,401,415,423,401,443,439,402,401,427,437,353,454,424,407,407,419,386,426,389,402,387,441,416,428,422,425,380,443,391,418,442,423,422,386,415,377,474,380,411,400,356,461,416,389,439,417,393,392,448,398,454,421,425,415,436,361,409,412,407,411,400,469,431,403,377,451,422,431,398,410,398,427,390,417,506,445,367,438,386,439,438,434,421,415,419,451,422,402,410,423,409,404,458,422,396,405,431,382,408,352,426,426,435,465,401,394,384,399,415,426,470,381,437,489,461,435,390,424,382,437,435,424,410,402,382,404,399,439,410,440,407,378,435,391,461,359,460,451,407,422,365,401,414,370,434,407,358,420,399,392,481,391,381,410,457,410,419,405,416,379,394,398,399,381,408,419,413,409,455,390,402,458,416,437,445,432,431,423,395,414,456,374,484,446,381,429,401,398,430,410,446,437,431,430,392,390,435,412,422,400,407,429,397,418,440,385,448,381,389,361,460,400,382,376,431,427,406,391,433,396,422,401,467,420,419,486,390,424,419,380,376,446,419,441,447,443,404,439,412,460,406,402,435,456,405,378,454,430,387,384,461,389,460,424,410,407,380,398,378,392,474,451,442,434,425,413,394,436,450,417,384,435,419,420,415,413,377,431,412,440,440,344,421,425,420,371,421,440,389,398,404,443,435,402,425,391,433,476,400,375,410,453,395,440,437,409,443,415,468,444,369,444,397,393,448,433,383,412,387,378,371,368,374,422,438,439,376,412,397,415,444,394,468,391,402,441,386,425,437,428,424,413,379,404,454,409,437,412,447,451,456,395,460,439,442,418,410,403,377,366,456,470,463
48,33204906,434,455,392,430,436,429,375,410,418,424,375,408,391,444,423,390,403,424,413,390,428,467,415,424,455,417,431,467,420,457,396,466,410,446,418,429,392,431,371,403,466,436,411,408,425,441,355,439,434,363,378,436,401,431,395,458,415,443,451,435,458,400,438,399,435,428,436,397,483,442,381,392,409,414,436,396,404,377,435,424,462,409,453,372,424,421,464,390,412,420,409,444,416,427,401,404,385,457,390,427,406,406,410,421,429,425,408,433,396,442,426,376,420,425,412,444,352,428,426,435,447,397,422,390,444,425,418,395,419,425,460,453,445,398,469,426,424,390,432,408,421,448,448,424,433,434,381,461,414,416,399,427,479,480,442,395,381,419,450,405,422,423,411,427,412,379,392,453,427,423,440,469,380,431,445,430,411,415,425,432,436,461,432,445,456,475,442,458,424,446,433,422,439,448,425,435,396,423,431,379,363,446,375,397,442,459,408,467,424,458,496,434,414,449,389,377,406,425,429,399,419,407,442,412,421,426,365,393,414,387,452,461,392,431,441,441,375,409,376,393,435,447,384,426,427,474,374,401,444,452,390,404,433,439,412,411,406,440,415,416,407,418,411,429,406,397,419,409,444,476,349,449,424,387,406,408,384,445,439,402,414,452,455,447,469,432,455,416,454,428,420,425,428,465,412,415,452,442,428,455,412,454,413,416,437,434,447,425,458,405,423,430,434,442,402,435,422,424,425,407,412,429,442,445,484,469,420,392,403,392,439,432,435,426,428,431,411,453,439,426,405,447,362,428,441,434,446,451,380,428,456,408,391,408,411,443,409,393,405,442,458,413,425,393,421,441,428,397,458,427,431,420,472,462,411,416,431,371,424,440,402,463,410,393,405,432,403,432,454,416,381,465,403,437,441,407,429,411,420,399,393,447,463,469,418,412,438,412,388,425,417,439,424,446,426,400,389,371,407,422,422,433,438,396,454,416,409,372,423,421,434,389,411,431,422,432,437,400,458,414,443,380,437,389,424,438,447,441,431,355,386,407,412,425,417,445,393,444,466,442,428,436,454,450,416,431,432,447,413,427,411,374,440,398,401,385,441,394,420,444,371,419,391,438,452,379,453,456,467,447,428,399,427,401,428,405,414,414,376,411,451,396,424,454,396,456,414,460,443,388,428
48,35826346,395,433,460,440,397,391,455,449,431,437,477,441,415,415,414,404,399,422,425,462,469,413,462,447,463,440,436,423,454,374,388,404,386,405,463,440,408,378,462,401,454,438,465,433,394,441,398,483,445,428,429,467,384,403,451,398,400,437,426,410,416,379,441,422,462,389,397,445,433,435,430,458,410,411,431,439,424,436,422,375,436,390,437,400,404,440,426,412,429,406,419,387,444,406,443,463,407,437,431,407,460,408,421,402,408,463,454,466,455,459,429,452,429,432,480,478,464,425,416,442,428,448,424,413,415,420,453,491,471,399,428,411,408,400,420,472,423,451,443,431,443,416,417,389,420,448,418,474,415,401,448,427,434,439,419,424,449,415,464,423,413,444,396,433,471,445,420,441,420,432,447,445,436,435,405,411,427,462,404,420,458,446,400,408,434,448,422,443,412,367,474,448,448,407,437,435,424,454,430,432,447,428,422,422,424,381,437,437,407,400,454,416,416,444,410,433,405,418,452,397,421,431,374,441,419,423,400,428,487,435,403,412,424,402,435,430,426,444,445,440,441,436,424,388,407,438,413,373,413,415,393,443,470,425,440,440,413,404,426,401,379,416,394,440,417,448,448,420,408,426,413,378,412,449,474,419,479,435,426,450,424,420,421,441,455,389,422,444,397,481,457,444,423,430,419,446,413,439,467,357,435,419,414,399,435,457,396,391,379,416,390,433,388,455,470,393,457,395,436,430,398,418,423,455,446,473,461,414,429,390,420,421,440,454,442,401,387,378,428,471,403,414,394,405,422,419,425,436,373,439,403,417,373,482,446,440,420,441,407,403,419,452,421,460,423,340,384,384,462,447,422,436,446,442,407,411,451,463,424,386,460,423,416,406,403,441,398,419,382,393,412,451,370,399,468,458,416,449,390,445,407,461,439,442,378,430,429,418,421,434,423,402,424,402,359,428,429,405,449,434,413,423,472,413,422,410,416,391,440,446,411,380,455,437,472,443,442,412,433,376,410,360,412,426,432,417,502,413,405,430,396,423,432,385,422,419,488,364,422,433,435,426,410,444,381,431,387,424,422,460,443,431,450,408,416,404,440,390,422,422,459,408,400,463,428,426,429,432,405,427,478,479,420,413,451,394,471,438,438,428,417,424,485,397,438,388,403,455,395,390,468
48,38447786,421,325,454,429,412,415,439,444,393,463,397,430,449,490,431,485,422,423,407,451,451,444,451,470,451,448,407,481,419,442,379,426,470,403,453,397,436,423,425,384,449,411,440,421,445,464,401,461,437,449,391,459,417,446,401,426,453,455,446,441,402,423,387,411,397,482,435,461,438,415,484,368,446,485,418,429,433,421,434,435,436,420,413,415,403,449,396,456,426,387,396,438,425,409,431,470,403,433,404,453,460,419,409,419,383,424,421,438,408,460,401,417,465,432,435,427,420,440,409,397,455,457,367,435,443,425,351,442,450,419,454,379,408,454,453,449,423,369,388,405,447,433,479,476,502,423,425,478,475,461,423,464,447,465,434,458,437,437,425,426,430,424,457,417,382,447,452,428,427,443,427,389,460,357,445,416,411,459,460,405,438,477,401,433,441,482,457,434,421,439,411,423,441,432,467,411,447,517,430,455,391,435,441,405,438,457,409,416,433,393,439,450,445,431,431,392,425,390,414,414,429,409,431,437,398,443,404,474,434,418,401,428,454,426,463,472,411,426,446,392,444,423,403,494,474,362,463,418,458,435,419,427,428,424,429,445,478,425,434,421,382,448,456,461,403,429,460,445,468,445,451,444,463,461,420,421,416,448,457,477,463,433,455,413,422,450,412,448,440,429,413,419,462,441,421,468,454,435,400,419,461,434,446,421,429,429,419,430,453,454,445,449,405,449,443,415,457,440,428,443,418,386,450,425,419,468,474,427,435,467,447,485,449,449,440,392,487,430,461,395,445,431,408,440,406,384,400,436,409,425,454,412,457,412,396,459,434,376,456,442,404,360,424,429,476,411,434,413,478,422,478,415,416,482,415,432,405,446,408,412,439,402,410,417,487,423,402,398,450,473,430,430,368,448,426,436,406,400,422,429,398,465,431,484,423,427,393,447,476,406,423,429,440,433,414,443,417,469,495,413,423,415,442,438,412,495,457,469,417,444,417,440,474,466,438,451,454,448,400,410,457,451,460,467,458,441,417,455,435,420,448,411,424,416,441,424,435,372,384,439,428,413,399,435,464,411,396,418,441,428,424,417,408,407,459,422,427,427,430,395,427,463,508,435,425,475,480,393,394,438,422,400,433,429,417,414,435,436,397,402,438,392,407,413,439,486,471,447,415,439,374
48,41069226,491,461,454,435,404,435,413,447,470,480,442,419,480,468,402,453,450,458,471,499,442,442,421,389,434,488,424,437,450,479,424,403,461,452,417,450,424,466,437,471,438,405,444,447,455,481,466,428,381,400,436,437,417,466,455,416,449,457,424,465,449,459,410,463,459,438,457,440,497,407,384,472,431,469,437,454,444,450,429,476,421,429,461,396,399,449,424,408,467,408,458,423,437,437,429,398,462,478,376,421,466,436,426,437,427,458,441,414,423,399,431,385,419,436,444,446,475,459,455,466,474,486,455,449,432,455,444,488,420,421,432,384,435,465,438,450,423,453,414,432,432,427,418,447,455,431,412,387,495,393,503,452,442,404,400,438,457,468,486,428,429,422,495,467,432,417,414,438,445,478,449,419,483,426,444,417,419,425,469,439,409,468,460,413,486,447,442,463,443,457,441,453,406,456,475,451,455,420,435,437,451,456,425,451,419,465,479,527,457,502,460,461,405,408,422,472,393,423,448,501,399,481,472,433,458,426,454,455,470,449,398,392,467,432,477,465,386,425,415,440,474,402,433,411,499,452,440,482,475,440,441,468,418,441,445,449,445,475,475,421,480,375,478,406,460,475,413,463,487,411,439,407,412,468,449,424,491,402,393,484,448,398,442,432,520,440,438,452,440,515,476,469,419,440,452,470,378,466,470,462,451,444,454,439,440,425,432,467,461,448,417,433,451,442,449,438,426,494,448,417,453,459,414,517,471,359,433,425,462,438,422,449,405,422,468,491,437,499,397,461,408,460,458,411,420,473,473,448,435,429,461,480,424,472,432,466,431,373,458,462,444,434,444,467,460,426,438,444,467,431,437,441,456,377,485,459,402,442,422,392,478,473,475,443,444,455,482,484,482,443,432,432,443,446,402,373,416,480,444,393,438,503,424,456,476,495,417,460,417,473,408,380,496,479,479,453,452,435,470,483,456,451,452,391,438,478,445,481,388,471,457,463,445,390,449,440,440,436,442,442,444,455,473,448,431,397,475,421,399,424,441,406,444,413,448,449,414,492,451,464,406,472,447,362,458,422,436,458,465,438,414,430,495,409,414,437,432,457,443,455,407,454,502,422,437,460,450,433,454,452,435,452,466,446,419,431,472,422,438,381,441,472,409,444,434,441,396,453,435,500,416
48,43690666,478,466,448,473,428,460,475,465,463,447,461,503,489,444,493,413,488,443,472,493,471,489,478,451,451,430,358,426,411,472,449,517,446,440,436,416,495,472,429,481,477,468,466,471,447,462,457,470,415,400,507,478,507,459,470,488,418,446,426,407,499,448,449,425,468,451,480,528,444,462,490,486,493,448,438,470,448,454,430,449,503,538,498,461,463,479,410,434,483,457,465,407,452,441,475,457,437,461,468,396,511,455,488,447,486,509,402,452,476,508,454,443,430,448,466,470,458,531,435,440,402,495,482,455,481,447,422,436,477,444,481,469,406,392,487,477,471,465,489,439,484,514,461,429,526,487,462,489,490,434,481,500,439,452,414,479,513,465,437,400,455,492,458,494,459,418,417,470,463,448,440,427,496,479,480,478,441,482,483,457,440,439,423,433,450,485,496,443,478,465,508,530,515,430,476,463,475,404,467,497,407,440,460,487,512,442,499,509,444,460,449,463,458,414,428,484,523,527,484,456,530,523,437,468,442,488,416,468,470,473,427,445,449,435,508,454,531,410,443,433,480,454,449,518,445,425,494,480,472,491,465,503,465,499,404,522,496,475,435,488,460,494,501,459,436,442,423,443,460,424,527,466,435,477,427,415,470,456,478,421,507,456,445,492,481,423,425,459,534,463,405,423,479,431,443,470,447,458,478,520,473,422,473,488,483,456,448,435,486,436,434,466,459,468,428,511,455,439,497,480,453,494,485,470,478,483,472,424,497,495,447,419,461,515,440,471,433,454,433,425,491,481,439,496,445,465,443,470,505,469,438,438,425,438,505,488,444,469,452,437,458,507,407,480,435,493,502,488,433,443,467,469,462,481,486,523,475,433,457,492,462,461,449,509,497,441,477,481,431,431,469,441,434,456,444,456,391,502,468,498,386,449,443,436,462,501,460,451,442,415,494,520,494,469,430,424,442,417,429,467,515,463,438,535,474,430,508,481,465,392,404,523,415,464,438,494,498,506,468,415,386,486,464,445,445,489,481,501,410,443,503,416,463,516,467,408,477,480,448,511,409,550,454,491,479,465,457,440,509,447,427,429,438,457,407,467,446,445,443,445,417,466,450,501,422,481,492,430,437,480,450,480,466,425,467,448,465,467,423,449,493,444,439,524,416,455,482,453,435,458,423
48,46312106,449,476,452,470,478,518,487,622,512,475,487,430,434,521,461,446,547,418,504,482,516,513,442,471,418,461,480,502,489,510,480,509,469,478,532,492,493,503,476,532,489,515,436,464,510,452,517,540,442,535,403,469,504,481,542,445,524,525,494,456,484,453,486,512,518,481,479,452,490,489,497,477,476,466,526,475,432,509,479,528,548,472,454,462,510,524,470,493,466,497,419,366,487,535,526,540,549,475,469,507,472,463,459,442,484,403,475,524,512,506,490,578,484,471,532,486,500,481,516,490,442,433,508,447,492,448,449,506,532,510,491,518,500,413,583,450,552,478,514,481,508,485,442,533,491,526,467,534,486,547,532,489,498,500,472,407,484,462,472,499,454,460,535,453,546,446,502,481,455,535,457,538,467,427,465,490,602,492,452,549,501,538,522,464,446,535,488,532,540,511,527,520,573,570,447,551,531,495,515,517,532,499,443,476,463,489,467,401,492,473,526,486,402,472,513,471,496,478,522,468,466,505,456,477,514,496,470,467,573,499,493,490,481,497,497,551,500,440,486,501,482,490,498,483,503,516,503,543,509,493,494,493,535,482,431,485,506,512,463,561,469,508,452,468,532,510,505,455,485,509,510,518,468,495,528,442,505,549,514,510,514,531,499,466,469,506,544,523,464,453,491,447,431,513,502,404,447,506,530,517,502,438,580,568,447,517,548,462,446,490,485,478,427,472,513,431,555,444,466,540,469,478,524,498,509,504,506,466,503,462,433,459,476,527,489,496,548,455,424,504,463,534,509,456,488,486,530,502,473,485,489,545,478,516,525,503,500,477,487,475,482,419,463,549,503,507,496,510,534,483,475,525,504,499,528,480,491,448,482,488,468,513,464,494,500,518,510,443,533,445,477,504,461,512,570,508,494,585,433,487,517,471,432,536,465,473,410,478,485,451,453,463,461,434,469,467,529,465,537,440,480,490,478,433,500,477,494,455,493,421,475,542,422,481,561,451,551,465,483,475,460,499,492,522,546,479,461,473,480,510,514,511,448,550,497,485,534,465,529,487,531,459,547,432,462,522,490,472,482,511,499,489,512,499,463,498,484,600,500,446,509,481,516,446,476,492,431,461,513,492,505,512,509,482,436,480,430,529,479,487,458,513,474,437,521,476,446,531,520,470,519
48,48933546,530,481,493,501,518,532,514,453,520,440,504,524,452,458,568,533,435,493,517,472,535,471,554,521,563,517,481,475,528,454,496,570,474,441,556,534,519,461,437,504,465,469,472,514,530,567,491,490,509,515,516,515,527,458,494,505,425,529,544,517,518,505,459,542,485,601,457,505,525,469,534,579,499,521,570,582,479,545,466,497,466,562,502,469,515,503,533,544,467,499,536,516,583,540,579,497,578,530,432,445,503,521,498,560,479,516,549,518,497,552,427,512,490,476,498,557,550,541,495,478,521,488,469,492,483,518,510,534,519,503,512,602,486,575,519,502,533,492,491,487,504,560,585,470,466,521,465,493,410,531,532,513,518,477,508,531,483,525,527,532,555,484,575,501,522,458,521,501,518,535,512,519,477,491,560,517,549,510,487,511,551,488,553,421,542,496,495,539,537,537,490,490,527,500,471,452,465,439,496,523,544,526,527,547,538,556,474,506,516,562,509,484,495,500,492,546,504,479,494,501,521,532,549,502,477,515,486,452,497,504,578,481,512,575,472,556,500,428,458,578,523,536,486,487,484,496,539,535,510,518,554,600,488,522,482,568,580,593,574,489,477,453,480,497,598,518,497,495,513,474,479,515,474,557,479,487,506,548,526,615,503,517,510,484,508,497,519,485,516,463,510,488,515,491,545,472,514,510,472,532,523,523,520,518,474,519,499,533,559,459,499,544,594,568,515,484,512,459,539,544,540,565,515,520,494,533,604,475,506,532,492,500,535,499,556,453,467,468,508,505,467,488,563,478,536,488,448,486,517,513,468,451,518,505,508,518,518,483,519,517,496,498,499,510,488,512,533,505,542,495,527,517,525,590,442,496,520,533,500,510,458,550,520,491,515,450,411,569,477,540,483,596,412,501,470,458,505,501,517,481,486,465,486,467,486,539,508,551,491,511,526,472,487,524,456,491,497,506,533,549,473,520,546,491,506,543,476,496,473,507,525,527,623,546,593,526,496,485,515,562,552,509,484,592,463,536,524,499,494,512,505,434,500,498,506,425,453,492,611,493,509,535,584,510,488,513,521,492,547,460,551,482,475,546,554,469,497,490,488,466,480,480,522,461,533,477,535,541,475,465,549,483,463,550,497,483,561,561,536,496,530,481,530,461,498,536,558,507,542,567,504
48,51554986,562,569,493,550,562,573,541,474,529,514,470,467,505,539,511,542,492,538,485,531,554,581,423,550,502,419,484,507,556,566,500,568,474,526,549,556,518,493,585,512,575,537,531,498,548,507,541,530,469,590,534,538,508,507,509,464,492,518,490,526,544,516,562,552,529,514,549,507,479,568,463,538,566,505,510,525,493,541,486,546,570,552,503,573,577,550,518,522,529,558,506,505,504,508,520,501,481,478,594,523,523,572,480,554,499,537,513,538,518,547,579,494,484,530,507,478,561,499,549,513,554,515,510,552,537,525,465,539,562,554,517,509,561,561,483,491,556,490,557,493,513,501,520,579,556,566,545,503,533,522,501,562,531,560,544,549,545,543,475,515,526,530,499,562,449,509,568,516,583,460,592,551,525,528,601,516,519,551,562,532,483,550,477,503,537,540,599,525,566,584,475,521,584,561,519,577,477,565,562,527,508,541,514,575,525,510,515,573,471,484,543,536,458,536,491,524,590,579,488,501,560,555,425,545,547,485,501,581,480,515,596,539,522,535,512,527,498,498,550,538,535,507,470,501,503,518,518,550,626,520,492,563,577,491,624,505,521,513,581,562,517,515,507,524,522,510,542,509,524,476,462,533,493,556,565,559,541,543,571,508,474,467,578,592,598,518,520,544,566,536,515,593,518,540,500,516,501,538,528,543,547,532,566,531,513,486,522,564,497,571,565,490,554,474,555,576,560,517,524,532,529,488,531,569,455,503,439,557,563,543,504,530,552,522,496,501,569,459,553,551,573,502,478,518,478,511,523,562,543,480,560,499,525,523,488,478,509,548,563,547,556,515,546,512,508,543,532,478,502,529,581,532,481,525,597,497,559,531,517,551,473,479,551,569,524,517,502,489,523,567,512,523,471,487,546,526,561,497,554,526,527,577,577,533,563,545,519,541,520,515,534,497,536,601,486,570,556,563,576,543,527,560,514,547,534,477,549,557,512,557,555,539,564,539,570,480,571,442,437,568,501,379,563,573,557,549,563,485,500,515,519,472,477,599,520,518,488,537,525,561,535,544,468,464,492,519,448,560,496,454,572,521,461,481,480,580,563,545,479,549,530,582,549,501,576,520,564,535,505,480,530,511,507,518,521,642,558,496,466,519,486,519,537,500,595,525,490,539,562,557,529
48,54176426,562,544,507,554,561,544,518,622,469,542,538,546,475,535,609,513,536,540,494,604,446,585,527,540,555,555,507,527,558,528,533,571,553,517,467,578,490,527,575,510,515,556,524,545,471,510,568,533,524,494,542,551,529,574,496,551,601,587,507,557,588,504,559,595,531,497,479,536,588,579,537,592,530,546,497,519,486,535,535,578,553,484,547,543,488,611,551,527,436,584,479,575,502,529,553,464,524,585,594,546,500,545,517,559,494,539,531,577,509,520,550,539,542,495,603,507,575,457,504,547,455,546,534,477,580,506,546,558,566,575,551,529,576,553,510,535,537,499,538,580,492,534,535,485,596,543,504,500,521,557,603,530,569,477,562,532,485,500,544,478,548,582,519,568,512,574,567,522,497,622,512,594,592,592,494,569,510,467,558,510,505,508,511,564,526,573,500,463,603,463,528,509,498,465,517,559,530,549,526,523,519,582,531,488,507,528,559,530,535,571,554,523,585,501,537,513,588,594,489,474,551,497,510,491,541,501,495,542,530,520,569,508,542,488,512,554,517,558,550,534,522,517,534,527,518,513,593,514,546,552,534,558,529,504,561,572,613,573,536,514,554,586,528,511,535,537,543,511,556,568,564,574,551,500,574,548,493,558,573,542,558,555,525,510,551,567,525,518,561,538,567,513,580,537,599,645,522,539,594,468,536,568,529,558,532,506,529,514,562,547,481,465,546,580,558,523,511,552,529,532,590,536,593,526,557,561,463,604,531,554,611,495,566,483,527,519,581,426,543,527,669,565,561,545,576,545,589,542,618,460,594,559,536,475,540,505,510,557,495,584,524,510,512,560,548,518,467,633,536,551,540,527,545,501,533,545,510,567,593,576,534,569,512,514,593,561,568,520,545,506,548,552,545,521,546,550,503,532,522,570,558,577,491,469,534,529,592,496,553,572,564,532,506,514,553,508,458,543,594,518,555,519,567,489,554,520,553,502,620,604,590,500,505,567,536,506,527,539,527,562,501,521,564,521,509,507,462,559,487,501,518,487,544,579,478,520,571,492,535,522,563,547,494,574,504,530,521,624,521,512,484,560,562,592,495,456,487,592,545,549,567,553,585,600,594,530,520,460,554,561,585,535,601,546,562,469,504,579,542,594,580,490,529,542,530,551,568,542,596,527,511
64,27962026,440,391,452,412,458,448,480,495,465,439,417,427,416,439,444,442,438,444,433,437,466,424,435,432,441,380,450,399,452,462,443,431,407,450,390,435,422,440,500,458,443,419,438,444,465,458,421,461,436,461,421,486,399,438,436,417,467,403,468,437,442,400,441,438,389,432,421,432,452,456,422,444,444,433,370,370,407,433,436,427,472,435,410,444,453,463,444,425,486,437,407,495,417,393,381,458,417,432,449,458,432,433,448,393,429,470,413,434,446,384,438,419,421,449,443,439,407,486,389,445,426,439,428,447,450,418,445,442,465,445,455,438,456,412,429,422,387,433,421,441,448,487,453,405,453,435,433,432,418,454,460,446,448,448,444,437,464,448,446,487,377,441,462,421,442,423,437,433,435,444,435,422,402,408,442,407,466,407,416,482,398,473,423,416,408,454,481,479,433,392,423,424,453,436,435,413,411,419,427,417,476,439,436,426,434,416,437,448,396,389,435,433,471,396,425,410,433,438,403,421,411,442,461,413,444,421,435,401,424,456,407,439,462,392,459,401,355,419,421,423,447,426,449,488,443,416,414,402,401,455,425,431,486,404,457,476,418,418,445,481,452,412,416,472,453,452,432,418,460,456,405,420,429,455,452,437,413,451,454,392,443,419,438,424,455,500,449,421,420,469,442,480,454,419,431,419,400,399,414,469,448,459,424,447,447,417,460,430,458,444,413,429,406,447,436,463,465,447,449,445,461,455,503,472,439,490,411,410,473,412,435,423,456,379,455,472,435,406,399,429,446,460,444,400,447,418,441,438,464,461,436,428,454,430,465,413,379,458,433,397,394,453,413,413,416,411,381,454,412,435,464,402,414,428,458,446,421,425,426,435,463,445,422,479,440,410,455,380,471,444,452,437,380,473,448,441,420,409,471,413,435,464,450,442,469,436,454,431,427,476,403,422,451,428,417,389,488,382,411,433,425,413,421,445,417,457,430,440,440,421,447,420,398,444,420,409,378,470,452,418,460,373,445,477,465,393,432,493,409,427,412,466,411,483,419,404,412,436,423,437,447,421,455,402,463,417,457,473,427,464,417,441,460,419,517,446,428,458,450,431,417,441,452,438,427,433,448,374,425,436,438,406,440,419,444,490,428,430,427,415,463,448,473,489,441,449,493,453,446,453,468
64,30583466,454,439,422,472,409,487,430,443,424,431,466,417,448,426,429,463,459,447,466,432,446,483,417,436,482,442,405,453,443,461,455,455,458,455,431,441,466,449,430,428,459,462,466,431,450,457,437,446,435,456,441,471,426,422,437,434,442,428,427,453,421,445,445,466,449,481,428,411,426,473,457,426,491,452,443,439,506,426,469,445,435,463,468,432,422,445,439,439,420,432,472,453,427,464,447,447,443,459,457,436,431,487,457,428,447,444,436,446,456,433,485,465,413,423,489,469,466,426,434,450,436,454,442,438,473,456,446,409,433,445,479,410,471,453,418,451,430,421,473,463,448,433,478,459,438,440,439,415,434,477,466,447,482,466,443,466,394,442,459,454,501,434,466,418,425,390,426,487,456,439,466,424,425,439,492,438,472,437,428,453,490,469,433,436,427,480,419,433,442,432,468,450,439,437,415,424,459,433,484,447,473,426,426,432,401,422,436,431,444,457,470,496,418,453,425,454,469,443,446,448,463,475,436,486,465,464,429,436,477,457,458,462,435,445,427,441,455,466,449,496,452,416,446,466,441,455,436,443,454,438,433,425,393,462,450,460,434,473,481,467,409,425,521,453,474,449,468,457,440,431,445,476,495,454,433,453,465,444,453,426,418,437,422,479,435,460,452,433,442,473,448,451,415,464,430,458,460,453,427,424,448,472,435,424,417,452,455,436,462,478,426,419,473,480,435,435,415,452,405,473,447,465,448,483,458,462,427,445,436,494,454,454,416,446,487,429,429,444,456,404,467,443,444,478,472,460,429,445,471,509,457,413,463,446,459,470,416,454,443,418,478,487,427,433,437,472,430,448,432,474,415,447,465,438,452,489,476,466,447,473,433,393,438,478,443,469,409,425,438,455,434,456,447,444,443,476,462,443,428,400,429,464,428,409,471,453,413,476,460,462,471,429,439,435,435,429,460,429,456,448,472,424,455,455,414,487,445,428,428,415,447,425,430,462,466,452,430,468,434,481,428,485,418,445,434,452,438,407,436,418,467,454,439,443,463,471,412,485,444,421,446,438,445,427,436,413,477,457,488,459,424,455,427,448,430,461,426,470,442,494,452,435,460,422,466,443,445,510,420,454,506,450,448,442,445,430,459,469,425,444,420,437,475,448,464,445,472,448,461,439,436
64,33204906,434,448,456,460,435,501,466,437,446,458,465,459,446,490,474,477,442,437,484,497,455,454,462,470,472,459,444,498,441,436,468,435,449,480,446,418,434,458,465,499,441,429,471,444,428,440,470,446,421,456,486,468,441,452,443,425,454,492,440,450,466,438,455,428,474,484,433,448,438,450,458,457,469,483,433,493,441,443,423,484,471,445,475,465,472,437,461,427,448,464,473,434,417,477,462,446,469,413,448,458,418,434,488,498,443,396,437,437,439,479,439,450,439,456,427,422,453,462,452,424,491,489,453,472,416,479,429,445,494,434,458,495,449,440,406,399,454,475,429,472,467,467,416,456,431,486,479,442,465,452,467,469,444,456,455,450,462,443,448,435,436,461,449,456,436,423,435,462,421,470,474,457,442,487,464,469,460,465,413,433,423,428,462,459,444,468,434,438,476,483,451,500,458,436,470,456,455,422,446,472,435,515,434,423,439,453,448,443,447,428,405,434,439,462,491,411,438,459,472,455,517,455,468,497,418,428,469,470,482,457,470,447,452,433,488,429,465,427,417,449,461,459,414,466,465,433,436,417,492,474,429,441,460,426,437,467,435,473,450,472,458,434,445,461,454,456,460,464,452,418,448,436,441,442,436,455,492,457,423,490,445,435,416,460,434,440,454,474,475,448,430,432,490,444,445,472,456,431,463,425,444,467,405,432,482,465,428,439,462,487,477,459,409,476,462,421,506,451,469,466,461,463,463,457,444,458,453,453,457,449,485,437,444,451,447,440,422,461,477,483,415,445,472,457,439,438,437,439,459,452,484,436,490,432,413,470,436,424,464,445,421,450,454,477,431,454,426,519,442,479,430,482,461,458,465,494,454,474,478,489,485,464,445,454,443,425,436,462,456,458,476,465,486,460,489,475,436,444,466,442,452,479,451,433,438,452,457,475,472,445,475,409,444,428,475,468,533,476,471,421,462,416,435,417,450,422,483,450,481,468,441,471,442,448,450,450,463,415,424,475,458,428,458,451,510,453,429,416,473,490,458,445,425,464,517,455,454,435,455,475,438,427,443,415,458,491,472,436,447,470,454,440,481,431,452,443,446,451,452,460,473,426,455,438,456,501,470,424,433,486,459,448,473,445,479,457,474,448,471,447,451,425,452,485,445,431,443,456,516,444,438
64,35826346,476,498,469,474,457,446,456,450,472,468,452,464,464,501,418,436,459,457,418,436,430,491,449,437,461,454,455,448,470,454,457,473,446,443,491,463,416,444,465,464,523,429,447,484,454,444,438,468,456,460,445,420,447,438,447,424,427,501,475,440,455,461,485,457,483,452,446,469,458,468,450,464,510,458,427,502,444,443,438,452,470,448,444,430,457,459,448,455,449,431,428,422,464,470,491,431,422,506,438,440,477,451,473,445,454,480,417,414,503,461,435,436,450,443,427,440,456,451,484,429,462,444,471,468,472,445,432,438,454,458,418,449,449,475,427,491,456,495,462,478,468,466,455,458,444,455,456,441,487,454,460,447,427,428,435,441,470,447,444,462,443,481,468,467,435,449,428,437,422,463,428,459,437,467,492,486,468,419,465,428,433,458,447,478,447,451,451,427,491,494,416,449,454,423,474,471,510,472,422,442,440,466,458,417,426,480,439,435,463,460,427,472,449,451,456,467,435,457,444,425,441,472,481,510,430,429,444,465,457,471,502,453,489,433,452,456,502,437,492,461,445,482,462,495,474,426,483,445,461,439,456,417,487,447,444,451,478,411,434,495,436,468,474,447,476,457,442,427,429,454,426,464,476,451,417,497,483,406,464,455,466,423,417,454,460,431,422,457,441,454,414,433,474,413,454,446,483,467,477,477,455,439,453,463,490,423,450,437,456,459,436,474,462,476,470,416,441,435,437,459,461,467,454,448,420,485,449,447,428,440,430,486,442,427,470,459,496,428,453,444,457,442,486,450,451,438,462,517,445,463,457,441,473,432,476,468,463,473,448,451,438,447,435,425,437,420,433,426,429,449,459,467,448,464,456,472,430,443,444,446,531,470,417,473,476,455,434,434,435,465,475,448,444,451,437,449,487,455,461,475,455,457,457,430,480,473,471,449,452,487,440,466,435,435,464,506,470,449,474,479,482,461,408,448,456,479,472,465,448,458,454,451,466,408,450,425,451,451,448,486,446,452,484,427,445,476,447,455,429,441,430,443,460,445,492,436,475,459,476,448,436,445,442,423,472,445,482,445,437,444,448,474,426,468,448,482,459,424,484,457,489,419,445,438,447,469,454,525,415,453,477,446,476,434,452,456,469,435,455,434,467,475,502,454,464,446,431,425,461,446,453
64,38447786,461,426,452,443,458,448,478,423,464,453,444,451,490,435,476,456,449,471,455,479,444,474,450,407,463,428,486,436,446,441,454,445,439,504,499,442,481,495,504,463,435,485,471,435,453,457,457,456,507,460,444,424,441,432,504,467,447,453,454,488,438,462,457,448,452,491,449,428,469,421,514,473,482,483,475,440,446,461,437,474,438,434,423,425,452,464,439,426,442,418,468,456,430,446,441,442,427,473,435,421,495,437,427,477,444,475,445,451,468,490,450,437,464,465,461,436,431,486,420,437,491,448,452,436,461,483,451,448,469,468,427,409,444,424,454,445,447,454,479,464,426,430,478,442,420,456,490,479,432,480,492,431,465,468,457,472,460,455,452,453,464,424,438,431,478,433,446,460,470,435,434,481,478,420,441,435,480,435,482,437,438,439,432,455,458,453,488,440,451,439,453,446,460,470,463,498,461,445,486,455,454,459,460,476,455,488,448,458,460,449,461,429,437,457,505,445,477,408,492,422,449,470,451,454,454,449,495,441,453,440,419,444,447,443,449,447,454,421,449,486,457,488,435,470,454,503,425,442,455,434,434,448,458,426,428,458,504,431,433,451,518,419,464,452,455,456,441,443,457,438,469,454,462,458,450,455,452,482,473,465,448,433,439,441,454,441,474,459,473,490,444,453,448,461,482,429,437,429,454,453,469,495,463,444,436,437,459,451,445,443,472,457,454,458,407,466,413,492,485,447,461,463,448,465,443,470,442,448,453,460,465,455,425,435,434,455,442,470,492,488,435,455,498,442,485,470,453,418,443,432,432,491,469,447,436,497,479,447,459,438,486,475,480,495,498,463,432,461,447,482,439,461,479,447,458,467,471,439,459,447,430,429,457,485,437,429,429,463,438,438,504,455,482,447,420,437,494,463,449,437,452,439,488,451,460,466,441,478,454,506,456,481,416,449,455,461,464,491,430,448,461,439,423,437,505,450,454,469,483,437,427,437,450,453,466,440,428,445,465,436,443,408,465,478,488,461,425,473,455,415,493,472,453,439,453,458,460,457,473,458,456,440,447,437,437,443,434,446,454,482,482,502,427,459,417,417,491,439,436,447,428,452,443,463,403,475,434,456,455,424,439,456,421,453,448,449,470,407,463,466,453,458,491,463,453,440,437,459,438,477,455
64,41069226,469,447,488,429,426,439,484,471,439,468,468,446,487,458,504,440,467,464,456,435,470,450,419,461,455,444,457,429,442,444,479,470,584,536,471,493,472,455,491,477,475,468,457,438,430,465,500,425,495,481,470,506,460,446,468,506,480,447,481,438,488,452,468,484,485,474,469,472,445,491,479,458,482,448,476,471,479,449,444,489,460,500,497,455,439,449,478,487,433,445,482,450,450,436,460,475,461,437,479,498,461,447,482,495,471,466,515,507,489,458,500,422,471,457,450,469,471,473,479,456,482,488,440,459,429,501,517,492,480,478,455,507,475,492,440,456,449,442,498,446,485,431,485,508,442,473,486,448,459,485,457,469,461,506,479,488,451,448,446,478,487,465,469,455,471,447,438,452,462,507,464,492,479,516,453,473,442,492,485,450,499,425,498,444,466,478,474,457,431,452,443,480,473,499,540,464,468,437,461,461,483,501,442,472,455,465,451,500,446,491,501,463,439,475,512,472,443,465,483,471,482,447,472,431,448,414,448,468,491,424,501,441,480,443,418,453,439,435,441,436,467,478,449,509,455,434,487,431,439,459,429,464,478,517,487,497,439,470,445,469,489,474,458,477,454,467,484,444,481,517,463,444,469,458,472,456,442,483,486,464,443,454,516,463,481,469,443,457,516,437,424,456,472,444,456,483,506,435,440,462,438,493,442,497,519,467,492,447,452,433,454,475,483,507,464,392,492,435,480,492,451,512,463,473,480,453,441,426,460,442,458,458,441,491,464,448,506,527,444,498,467,443,468,455,491,459,451,462,420,502,546,497,462,427,462,458,505,510,441,490,425,457,478,450,444,473,484,467,478,479,430,473,487,486,445,471,485,469,450,440,451,448,448,479,494,436,541,467,476,474,442,507,544,560,445,475,484,482,456,479,478,434,515,454,450,509,501,455,481,499,492,479,481,463,488,428,472,474,437,440,475,474,431,525,489,449,459,441,451,430,493,491,471,466,442,457,482,494,418,452,472,493,469,435,467,462,527,468,470,443,453,471,454,459,452,475,453,522,452,512,451,520,474,469,466,468,410,442,449,483,468,449,517,486,495,489,548,541,459,499,470,429,464,487,494,483,443,469,514,451,471,536,462,465,465,470,466,453,441,443,479,504,465,473,453,517,493,455,465,491,459
64,43690666,471,486,487,495,553,488,567,479,518,469,472,483,490,489,516,488,514,482,503,514,504,531,526,442,490,467,482,466,457,484,496,507,482,482,474,486,493,506,474,460,539,477,535,498,482,490,498,479,474,485,487,463,562,518,479,467,463,536,493,456,484,495,462,513,525,461,546,455,498,509,460,524,464,522,467,514,500,477,485,467,489,499,523,458,475,479,442,499,497,456,584,514,551,474,473,508,539,487,488,499,450,505,496,443,449,506,471,453,490,489,461,471,507,471,493,503,469,517,525,543,573,487,474,501,504,483,508,536,477,452,454,482,502,475,477,498,497,439,500,548,474,493,516,540,541,467,460,485,468,523,459,462,461,439,490,551,510,519,423,468,484,509,499,497,466,490,460,472,501,531,524,528,497,487,492,496,480,514,525,475,485,491,487,499,468,455,491,489,469,443,503,485,502,437,514,526,493,466,477,507,483,499,529,475,506,460,503,467,536,498,467,495,461,496,447,480,469,508,460,517,489,483,458,519,469,451,479,430,493,452,485,503,495,486,467,490,524,518,492,491,486,491,457,555,517,459,452,494,501,490,443,526,483,503,460,448,486,535,542,517,480,534,465,490,517,456,457,502,471,513,505,526,475,563,479,478,490,443,514,578,517,501,442,495,528,480,432,474,472,529,488,497,463,497,508,494,493,494,475,507,502,502,522,475,505,493,477,456,443,500,527,505,500,448,544,489,484,525,499,465,476,458,472,492,459,506,560,486,502,487,523,509,498,455,470,509,498,465,482,520,495,513,529,491,531,450,530,547,478,467,457,511,551,519,500,460,495,487,458,492,466,532,493,499,504,525,505,488,516,428,473,470,446,442,490,514,510,496,483,498,472,527,522,542,500,494,544,491,495,517,461,505,492,503,502,518,514,482,482,472,494,476,483,453,506,469,495,450,479,525,508,503,452,516,482,522,554,482,465,462,529,480,499,552,490,477,471,528,499,492,581,540,545,494,539,513,497,478,541,499,519,495,491,491,515,455,498,459,529,528,506,438,477,536,535,494,483,511,492,502,533,487,537,519,446,460,477,474,480,462,451,460,527,514,484,492,557,483,472,477,528,523,460,470,503,477,512,453,509,512,490,500,460,540,483,540,485,521,490,476,466,464,444,462,550,456,498,492,468,485,480
64,46312106,476,554,540,545,506,526,515,519,516,527,550,532,516,528,545,482,500,502,485,531,497,523,544,576,542,522,508,579,578,606,555,513,526,536,552,557,520,503,564,535,587,520,454,528,476,580,501,530,530,526,580,506,547,471,587,548,513,490,567,571,533,515,519,512,492,516,490,545,491,598,526,539,507,538,511,617,598,566,535,525,576,540,481,486,562,586,519,567,524,508,521,549,491,497,506,560,513,541,514,596,570,509,533,563,546,534,543,534,500,542,522,527,576,551,496,487,520,514,530,518,527,486,520,582,515,551,537,531,553,596,493,507,537,562,497,525,582,498,527,537,554,528,521,547,548,521,471,521,493,591,530,589,516,522,515,492,568,481,526,536,531,592,548,600,542,529,540,556,537,528,522,525,515,532,561,590,475,544,516,608,572,537,545,486,516,535,579,504,532,511,511,536,457,466,504,601,531,556,565,528,522,545,537,493,492,536,559,497,541,512,519,528,548,539,481,517,521,576,510,510,565,512,507,566,570,480,564,488,555,533,535,536,516,512,519,572,495,529,478,510,532,574,531,505,478,517,539,541,478,540,548,579,529,566,548,545,514,590,499,524,549,540,502,588,462,515,561,512,549,578,503,534,502,520,463,543,550,546,542,546,487,532,571,497,591,545,551,574,537,551,562,587,555,526,576,536,563,510,547,515,548,499,482,557,504,538,524,542,489,493,564,536,547,513,545,564,524,576,485,494,506,506,541,520,547,514,498,477,510,581,520,527,577,515,512,489,553,514,526,538,540,567,515,496,518,505,499,553,500,549,527,510,547,576,549,496,519,526,521,550,548,509,499,542,549,548,588,518,534,557,557,565,518,539,562,532,576,541,573,490,531,552,556,580,544,481,532,540,550,535,584,595,512,579,546,512,562,584,567,543,573,532,527,477,503,531,513,530,553,544,554,548,524,503,522,548,476,574,498,522,549,526,516,526,547,508,489,481,545,534,543,452,605,559,508,597,515,571,589,565,571,518,517,549,581,518,532,526,562,537,528,588,537,517,534,505,600,557,545,514,563,556,529,516,526,482,482,531,503,552,529,540,525,558,524,518,505,493,545,602,531,536,527,599,543,513,465,463,535,545,500,475,520,552,540,499,475,570,528,565,530,578,526,572,526,547,481,557,587,622,507
64,48933546,533,583,518,596,514,583,568,547,498,560,515,510,556,597,544,542,578,565,575,573,591,526,566,626,599,555,557,541,598,572,525,551,550,549,563,562,657,565,532,616,612,537,547,552,516,556,517,546,580,522,534,531,573,524,587,471,539,580,547,549,534,621,544,524,563,620,588,496,573,559,544,517,578,611,617,568,601,599,501,563,545,546,565,559,506,527,518,542,545,560,534,523,538,496,528,513,563,523,518,606,591,562,528,561,598,569,608,551,569,567,521,518,569,560,553,601,495,576,571,548,548,581,557,555,571,572,567,571,479,507,491,569,519,557,599,585,522,524,539,600,495,535,514,522,596,555,484,563,606,586,596,551,563,587,503,508,515,545,538,551,485,552,528,479,552,584,527,559,544,556,598,540,581,593,536,563,556,582,592,568,538,551,553,509,571,599,502,554,528,561,579,547,625,532,580,551,568,552,551,638,593,534,557,545,580,563,555,569,547,571,523,560,569,568,572,568,540,613,553,526,545,593,624,598,566,524,546,528,556,543,560,514,598,569,557,545,570,573,526,536,566,597,533,605,608,486,501,554,558,555,554,533,524,610,523,598,579,584,508,636,577,544,533,539,556,535,546,566,528,548,539,566,497,552,517,485,585,555,628,545,591,570,560,567,552,534,541,538,588,531,580,557,576,566,549,563,568,528,566,564,536,589,576,586,568,547,649,486,594,659,507,542,541,596,557,542,545,562,567,605,553,568,540,589,583,508,512,551,569,567,572,553,549,524,529,513,607,509,592,573,573,600,536,565,524,589,533,569,537,523,555,611,555,576,583,563,594,540,503,592,602,567,509,532,614,569,515,498,573,530,601,540,543,571,581,519,557,559,584,583,577,593,516,512,618,551,595,579,560,493,557,609,477,497,580,524,573,581,554,564,581,580,538,540,547,609,563,560,523,557,555,530,639,576,602,628,583,576,500,531,577,496,567,565,586,543,581,569,558,584,553,531,535,544,546,607,606,544,547,594,549,567,550,533,581,586,551,552,548,564,557,561,590,530,619,523,568,553,538,530,571,596,517,487,611,579,602,503,558,580,508,527,547,558,599,504,552,529,596,558,583,509,556,569,544,525,531,509,545,533,564,482,520,576,560,564,580,586,553,544,533,540,576,546,585,586,625,536,567,543,515
64,51554986,586,590,553,575,595,517,613,602,586,610,582,522,612,586,606,529,546,599,603,550,559,576,559,577,565,592,549,548,539,581,577,549,577,577,521,584,569,586,592,577,533,566,577,582,551,587,515,589,556,570,542,604,565,576,547,598,608,540,599,526,552,545,556,545,506,543,538,576,566,598,562,537,597,634,550,577,578,575,572,512,562,532,581,647,572,525,611,556,573,585,580,497,554,580,540,543,567,608,584,582,534,558,543,589,561,612,576,625,583,568,573,549,583,556,566,613,565,571,580,556,576,567,568,521,559,595,615,534,633,601,560,568,567,581,541,568,591,607,615,600,595,565,602,600,543,536,586,539,604,571,573,547,597,535,532,579,551,616,546,557,527,589,573,568,556,513,570,576,573,571,628,521,617,531,559,534,534,560,533,534,571,575,569,609,609,555,570,562,587,545,538,578,551,549,578,612,555,547,578,565,535,577,553,560,544,635,564,579,592,577,624,558,546,545,544,618,571,519,574,568,586,604,546,601,598,624,606,579,607,617,603,552,527,546,617,577,558,584,533,594,572,592,621,570,534,575,585,571,568,555,553,567,581,543,575,611,585,569,516,557,594,566,584,628,608,604,566,570,543,587,568,535,559,536,596,545,560,571,579,557,596,596,607,641,539,603,578,644,540,523,593,595,542,579,573,581,522,524,562,589,588,504,528,587,568,581,576,560,613,558,575,583,559,580,511,548,542,582,561,556,557,604,527,572,538,569,584,579,579,628,541,529,558,560,595,587,555,613,596,608,587,579,596,557,497,567,603,620,587,595,544,520,543,644,550,578,535,616,543,630,595,606,597,525,575,576,596,570,547,582,605,593,566,565,591,573,551,571,526,529,539,640,559,504,603,566,586,576,646,593,588,534,587,554,546,585,546,567,594,566,568,628,574,555,532,518,560,584,558,577,560,558,591,573,575,568,594,594,537,619,530,538,563,578,549,561,579,543,554,588,496,573,590,590,546,586,565,600,567,595,587,561,590,589,572,574,556,588,571,567,581,545,506,592,541,603,612,576,539,658,573,578,655,567,545,546,591,610,577,542,599,610,581,579,582,605,629,505,562,576,562,567,512,566,540,587,592,516,521,607,603,587,581,594,577,567,596,615,571,528,523,582,593,584,578,599,559,570,549,586,574
64,54176426,577,620,580,553,570,599,620,605,554,547,523,595,580,598,546,553,612,556,573,602,554,573,637,587,587,541,579,575,589,547,607,626,556,600,538,548,572,587,555,579,570,582,558,659,593,603,598,574,604,573,563,556,611,571,642,599,598,532,613,589,609,580,554,558,578,572,589,637,586,546,584,577,626,564,586,558,593,613,562,563,558,532,625,542,623,522,630,567,600,583,551,552,610,572,585,591,619,579,561,615,577,547,587,540,563,519,546,579,571,578,592,564,514,609,571,623,560,622,579,537,567,569,637,626,608,635,587,581,561,593,532,527,575,570,514,568,593,636,557,600,577,641,619,560,559,565,625,561,550,602,566,572,681,573,607,559,571,584,604,618,590,553,542,549,592,599,535,569,558,591,538,594,564,569,607,608,599,637,580,608,565,547,610,582,574,552,590,569,559,571,613,555,640,576,606,554,566,587,571,681,606,538,563,609,627,577,632,667,565,572,599,529,562,566,545,575,578,592,643,653,585,626,621,564,583,582,562,590,568,596,555,525,600,568,566,585,626,606,634,612,595,585,580,570,573,550,606,645,538,532,602,617,614,573,624,562,575,529,551,587,574,558,602,555,545,565,614,549,582,607,592,620,573,555,586,613,559,555,654,607,609,633,580,618,596,575,575,601,605,532,625,562,581,625,535,596,564,590,629,557,584,587,588,604,572,607,592,557,556,628,555,589,536,524,596,551,543,562,599,548,639,547,606,570,586,587,598,580,546,593,558,601,563,568,620,537,577,590,606,594,565,603,540,662,544,580,550,646,558,558,572,565,571,618,554,647,583,551,605,553,528,560,620,579,548,571,547,614,598,567,562,611,547,583,594,577,609,573,646,589,567,563,563,577,590,583,569,576,538,555,537,573,598,548,583,592,575,601,596,609,573,582,566,591,570,529,539,542,590,605,590,606,594,588,580,580,569,637,612,588,625,584,629,612,595,582,589,601,645,632,606,545,583,591,533,542,580,555,549,507,586,591,558,575,557,592,593,559,585,580,612,573,580,601,570,599,624,575,616,638,608,589,576,566,611,579,610,610,586,599,524,618,578,606,593,538,592,660,594,558,581,566,557,594,602,582,555,532,567,591,558,639,623,555,584,651,589,632,585,563,569,569,524,568,570,546,585,545,599,530,577
80,27962026,424,440,423,462,397,421,368,427,416,392,461,388,362,377,389,397,418,382,424,372,412,403,423,408,395,418,429,435,404,414,410,466,408,397,399,426,413,445,414,424,428,411,449,454,420,426,439,439,442,383,441,415,411,393,431,415,408,416,451,434,390,420,379,414,430,468,423,381,410,463,421,403,411,458,441,413,390,425,415,357,417,402,415,470,407,455,449,429,456,435,421,400,396,394,435,435,351,412,436,425,412,393,411,413,410,438,429,414,395,392,417,441,381,424,441,381,387,379,411,455,422,437,423,400,438,417,395,413,455,412,423,412,416,422,414,422,393,472,415,447,428,435,436,444,444,370,460,437,392,434,384,416,418,380,392,405,355,439,427,464,461,390,394,363,387,420,416,431,415,490,387,455,423,418,435,433,368,401,426,434,442,456,444,423,476,384,425,417,444,432,427,442,433,392,418,433,464,440,391,476,451,404,360,431,454,474,418,446,422,431,370,394,419,421,422,437,406,433,452,385,401,414,443,390,471,434,436,443,446,451,446,444,392,457,387,424,419,419,439,378,384,400,419,413,470,423,472,401,482,396,466,431,435,452,438,420,401,434,415,418,387,405,390,382,415,402,460,442,364,411,411,419,445,438,383,467,431,368,421,402,457,426,428,408,436,417,385,397,409,346,406,483,404,433,418,441,426,364,371,386,347,421,428,434,427,392,412,387,424,384,474,410,446,389,414,420,403,440,369,422,491,435,449,356,462,428,392,452,455,406,467,439,444,394,439,395,404,436,385,377,419,455,439,391,401,385,383,389,439,420,420,419,444,444,346,402,400,456,378,457,474,431,402,464,406,436,482,401,395,418,388,386,402,401,347,436,418,446,465,356,440,405,429,402,436,446,402,414,401,383,405,418,403,406,439,428,498,408,431,426,421,403,445,435,457,446,426,431,412,437,433,455,456,441,415,465,359,458,433,376,415,461,417,444,400,444,421,461,419,424,452,438,422,403,419,442,411,441,413,433,367,439,451,422,400,402,413,361,377,459,409,454,424,432,440,405,394,432,423,431,380,449,410,440,420,430,386,401,468,412,415,353,459,366,465,397,417,425,447,349,397,445,400,427,397,421,439,438,412,388,417,418,400,416,437,445,418,405,395,421,420,408,423,430,427,410,428,460,427,416,417
80,30583466,461,477,404,442,460,465,452,463,438,429,408,471,418,453,408,462,411,443,418,458,429,442,423,400,419,435,441,411,381,437,444,417,404,459,461,466,447,406,429,417,469,434,443,415,423,453,454,423,446,445,422,456,421,407,456,455,441,416,442,430,446,428,453,403,453,431,446,463,430,454,450,420,416,477,401,407,439,411,408,447,378,430,468,447,447,469,458,434,432,441,427,432,460,413,422,476,381,429,458,408,382,458,429,448,444,389,410,391,442,417,373,449,439,432,425,414,423,432,433,497,494,449,470,457,438,446,461,430,428,464,459,409,417,442,424,415,398,402,438,453,438,437,388,413,433,418,392,424,461,423,414,458,419,447,430,465,464,427,441,431,424,441,388,398,466,439,417,447,411,442,486,416,441,442,471,436,432,409,435,415,391,433,398,437,459,458,462,437,461,412,449,450,452,424,401,491,474,454,421,441,448,442,429,388,461,436,486,427,409,428,414,441,456,422,419,452,441,427,448,444,440,434,476,432,485,439,430,410,444,401,462,435,484,417,434,446,442,454,437,483,429,435,488,432,422,401,425,405,413,480,433,395,452,408,427,449,448,445,430,428,385,438,471,434,458,457,428,454,449,448,435,491,469,437,460,427,431,428,442,415,457,455,394,448,453,391,467,429,477,465,421,435,434,413,415,404,405,455,376,427,487,417,416,416,436,423,440,425,442,436,471,446,466,425,428,420,404,464,446,424,399,440,442,450,439,416,456,412,389,453,421,438,485,440,426,451,436,478,464,440,427,422,464,424,441,405,400,472,479,448,428,409,443,429,449,459,440,485,444,443,436,410,435,402,410,429,405,442,454,434,403,440,467,443,415,447,426,442,433,421,399,431,404,417,410,395,459,447,449,444,422,411,455,446,415,434,462,439,426,431,455,472,416,458,450,464,431,459,405,423,450,426,395,418,426,422,405,407,410,409,442,437,431,467,460,424,450,392,411,438,442,414,437,462,410,434,417,401,450,444,416,433,435,392,420,410,446,412,429,449,415,395,431,434,390,434,433,429,450,451,427,409,461,404,398,434,445,411,468,467,437,455,411,428,414,433,432,492,458,428,444,426,397,438,418,484,491,431,447,412,409,468,429,458,457,435,438,467,441,440,464,430,426,448,439,447,463,438,444,431,442
80,33204906,443,433,438,455,422,460,470,446,460,444,464,455,443,423,485,494,472,446,458,445,437,464,436,463,438,484,471,436,433,502,419,462,455,479,463,453,438,445,438,413,451,387,453,398,443,431,443,416,466,419,463,441,461,443,450,452,398,480,445,435,445,429,447,460,436,468,422,444,435,453,476,452,426,462,462,480,476,461,474,406,427,468,453,452,485,422,435,472,434,464,475,451,449,458,422,420,420,440,444,438,378,447,433,414,479,458,456,440,432,430,497,403,460,407,433,469,444,410,444,463,456,455,438,435,457,438,440,419,423,462,454,453,427,446,429,475,487,474,442,461,475,469,448,457,467,424,401,427,447,432,440,461,427,471,452,423,435,445,425,503,420,443,428,429,468,466,435,461,446,434,425,423,439,458,449,430,448,480,459,444,413,455,437,399,460,437,490,461,444,450,436,442,464,476,464,461,429,437,450,474,451,449,436,422,400,440,476,465,468,457,439,446,451,460,457,465,472,448,416,464,426,423,466,456,436,477,398,481,430,474,459,431,425,433,380,406,469,421,421,433,444,425,420,488,468,435,434,407,437,444,409,470,451,425,456,433,424,447,496,448,457,461,430,443,446,458,427,422,481,425,439,431,453,426,490,440,464,426,448,465,501,414,463,461,417,437,422,432,491,422,416,424,466,431,414,448,449,409,419,423,430,411,474,442,444,472,479,442,464,440,470,459,446,473,418,422,423,430,452,423,431,454,437,448,464,422,448,436,416,442,453,473,414,432,432,444,421,461,427,490,453,445,451,442,437,472,463,470,444,447,421,440,446,421,448,436,444,487,413,463,422,460,430,480,439,441,448,427,450,415,413,464,477,449,434,442,467,452,423,447,429,465,451,434,428,486,433,421,451,432,451,451,430,428,435,435,460,475,443,486,490,443,432,422,459,432,460,430,434,437,438,433,484,462,478,442,474,414,455,418,457,442,435,443,481,414,438,437,458,426,433,420,451,456,434,500,456,428,460,424,435,392,432,455,469,391,439,407,455,451,429,459,450,438,392,455,452,422,457,447,455,424,441,435,435,485,425,461,480,460,459,447,442,430,419,432,470,461,426,428,431,461,407,448,453,428,431,438,445,441,469,436,450,439,432,432,446,481,425,440,426,459,442,444,498,465,433,454,433,467,434
80,35826346,438,454,484,449,424,458,430,436,447,446,474,454,455,462,453,435,449,464,428,421,431,481,455,461,465,438,464,492,430,480,467,496,439,512,435,484,454,454,462,437,442,447,448,432,426,464,473,459,446,460,460,419,429,459,457,443,467,461,461,424,444,429,495,463,469,468,407,433,443,433,473,438,444,450,463,440,425,452,434,439,451,469,418,464,434,468,436,474,438,483,437,471,463,438,442,437,470,437,446,434,511,451,438,479,457,457,484,439,453,448,464,445,426,443,424,424,414,457,467,482,491,436,495,444,417,433,418,443,428,442,469,455,474,495,481,447,418,436,455,444,476,438,434,444,478,442,444,468,491,468,536,441,456,475,471,465,423,430,430,424,428,439,448,454,434,459,487,449,436,433,445,427,485,468,490,452,439,438,479,489,462,438,435,445,465,452,448,438,453,471,460,455,448,448,464,440,479,477,430,463,452,505,436,459,443,487,461,432,432,469,425,454,438,454,476,425,449,454,473,491,447,472,427,471,453,482,451,426,480,469,446,481,441,408,441,474,435,459,441,421,470,447,448,439,445,487,465,455,426,458,434,462,440,434,475,456,455,394,475,471,472,471,444,441,442,444,430,454,483,472,456,444,431,467,405,423,474,461,499,466,492,481,437,417,466,453,405,445,484,454,462,471,480,469,446,445,441,443,451,454,450,453,461,425,453,444,443,443,426,428,469,391,484,437,436,428,436,442,440,464,460,468,459,436,428,439,462,431,435,442,430,474,470,412,476,435,482,467,436,507,439,416,449,425,431,456,466,465,460,442,449,463,429,457,509,437,446,494,442,439,481,426,477,452,456,467,446,460,440,434,417,449,418,451,460,467,437,448,521,454,429,421,433,443,449,471,482,415,418,457,475,414,429,432,448,446,448,466,429,438,402,502,464,469,446,462,433,447,450,425,445,439,475,493,464,437,399,469,437,480,438,450,463,487,435,452,439,432,460,452,416,486,461,440,459,474,448,438,447,445,477,442,485,442,429,421,476,438,471,430,438,456,416,478,416,415,467,443,435,501,427,430,458,451,451,454,438,483,431,447,473,466,432,452,439,468,494,495,441,469,437,475,466,459,416,424,455,463,473,445,427,439,435,477,473,447,470,463,458,454,459,413,448,433,473,451,478,427,453,465,438
80,38447786,435,454,482,469,465,455,455,451,447,453,469,482,454,426,461,447,480,438,481,474,476,438,425,447,471,456,442,496,435,435,422,454,442,456,453,461,427,434,447,446,425,436,424,435,461,489,466,448,408,457,455,434,466,459,417,485,454,453,450,415,425,453,428,405,433,432,466,431,447,503,420,472,490,450,411,459,430,439,465,445,440,439,447,436,481,459,447,459,483,462,460,473,426,476,470,459,450,450,466,424,452,463,465,415,462,463,433,463,465,418,459,463,459,428,419,453,453,448,460,416,447,435,449,457,457,467,465,492,439,430,468,436,471,442,477,452,470,422,445,458,463,454,448,469,457,465,486,465,437,438,445,470,440,450,474,437,453,421,430,464,456,447,464,450,463,507,431,443,462,441,450,463,449,465,463,453,429,453,453,476,452,429,466,441,406,481,481,450,454,435,495,456,458,419,462,425,448,446,438,447,476,436,456,463,450,447,460,477,421,479,489,427,427,439,497,474,456,476,428,442,442,476,452,456,464,426,437,448,447,430,470,452,446,426,445,486,486,462,425,485,453,469,467,446,434,450,468,459,464,443,446,478,436,471,414,413,464,434,481,447,448,438,436,458,425,415,433,443,438,449,421,440,444,445,449,445,476,466,464,483,436,445,449,476,457,454,462,441,427,458,442,462,442,439,402,452,476,429,460,437,484,426,436,465,436,408,472,466,447,456,430,457,443,455,443,504,453,463,435,464,439,445,471,480,424,445,448,472,453,473,441,418,457,457,448,460,472,453,439,473,455,453,454,446,449,497,414,458,477,456,469,437,472,433,495,474,453,442,461,457,474,438,469,447,454,463,470,442,435,430,480,480,451,441,458,473,429,444,420,462,466,456,444,455,456,454,459,436,436,419,449,440,445,510,462,407,431,439,436,469,448,513,464,488,436,499,477,475,471,427,441,467,443,456,461,463,478,500,459,478,430,459,464,456,441,397,458,460,454,443,445,464,504,475,458,449,481,449,433,429,447,456,425,498,442,490,442,414,463,442,486,463,447,461,436,460,444,452,420,416,470,470,471,443,450,456,424,463,433,467,449,418,449,487,461,436,450,470,451,454,432,469,464,459,449,447,419,436,486,463,482,458,449,476,442,435,430,429,449,481,446,465,440,452,419,496,452,441,470,462,444
80,41069226,440,517,426,466,510,486,500,456,477,456,425,458,464,440,494,470,471,474,452,478,487,446,477,461,476,455,475,441,444,480,495,459,476,477,470,462,462,461,450,449,458,435,497,444,451,472,466,429,497,461,459,478,452,416,490,421,472,474,449,509,480,479,420,509,466,442,513,458,431,467,474,474,477,466,438,446,456,448,457,487,459,462,466,448,410,438,436,451,444,438,487,479,488,455,452,479,486,462,473,447,462,437,464,472,470,466,446,474,481,470,502,469,498,515,445,460,470,498,501,464,472,501,468,473,453,436,473,462,468,489,479,479,472,428,448,435,417,464,486,494,501,465,454,451,446,449,477,447,438,438,467,415,470,494,464,442,418,479,485,472,457,455,439,480,482,432,496,444,418,437,505,494,513,461,442,453,459,455,455,461,438,455,442,428,430,492,467,489,477,441,480,470,479,470,424,521,481,474,441,476,502,448,456,462,532,482,522,527,462,442,491,466,426,478,458,471,495,422,475,470,487,497,463,449,426,463,501,468,426,551,416,471,466,454,438,464,488,515,435,472,430,455,484,476,470,492,445,448,481,437,438,469,435,470,447,420,438,447,401,464,434,473,470,428,471,513,561,438,463,453,471,440,418,490,450,425,452,479,474,466,508,473,479,460,399,510,458,470,427,492,457,470,464,481,467,441,498,424,486,477,461,455,442,482,449,479,465,484,457,429,483,465,461,474,440,449,475,455,425,489,478,484,448,495,470,467,448,456,477,448,427,470,458,451,462,497,475,439,445,430,498,464,441,448,471,488,468,485,450,479,465,446,469,429,460,441,434,470,447,422,455,466,476,484,478,445,458,461,522,458,455,458,460,453,438,445,442,457,417,460,488,447,485,428,457,482,468,427,517,472,422,482,465,497,491,437,486,428,435,456,462,478,493,461,496,442,452,494,456,435,433,460,457,449,521,497,471,455,443,521,463,476,496,442,469,470,452,479,491,459,491,466,512,489,514,517,453,452,477,457,486,508,450,456,484,438,493,508,468,484,445,483,459,478,472,452,462,447,448,466,437,456,481,474,463,474,461,479,459,478,476,463,452,493,489,459,458,444,484,439,447,467,452,445,431,454,506,473,476,440,455,469,457,449,455,451,484,489,427,489,473,411,500,506,440,426,484,480,458,484,497
80,43690666,485,507,508,527,479,472,461,513,475,528,460,502,467,522,499,550,487,457,456,448,468,449,478,465,515,507,439,516,464,493,528,468,472,560,477,484,494,448,473,496,491,486,482,472,500,461,530,468,484,427,483,500,507,533,546,472,497,474,460,446,469,522,505,466,479,482,488,469,477,475,511,458,495,469,488,544,476,511,526,447,459,507,487,443,484,458,517,498,505,451,495,514,445,444,504,479,510,453,496,470,473,441,529,468,479,471,455,451,452,464,459,473,495,451,507,520,442,517,507,504,469,486,464,500,450,472,517,467,489,468,490,481,506,444,468,527,492,516,481,531,488,497,467,479,502,440,459,490,469,505,490,469,495,534,461,469,552,499,465,546,457,440,495,470,506,491,474,447,447,562,490,523,523,504,500,450,453,503,461,520,457,496,524,526,496,555,484,508,453,460,506,506,465,486,502,442,460,509,438,504,507,479,478,464,500,501,499,472,473,486,480,457,519,479,499,481,445,513,542,488,509,498,471,443,469,452,460,433,486,497,492,515,515,486,421,518,494,534,513,477,451,529,487,484,466,443,486,477,467,492,513,466,556,440,490,484,456,502,494,497,521,484,514,427,438,468,466,506,493,469,471,535,483,493,492,445,476,460,472,470,525,442,544,480,536,482,493,507,439,428,544,499,469,486,498,527,457,448,471,464,463,456,451,548,469,455,442,468,457,430,515,473,461,507,452,515,548,482,460,488,485,482,496,464,470,470,464,475,469,472,484,484,457,469,517,486,501,469,513,505,533,503,512,466,526,503,436,587,448,476,506,451,456,488,469,494,481,481,493,514,496,482,473,521,461,475,472,488,484,453,473,531,480,511,506,475,490,463,537,486,494,474,467,469,495,493,481,500,477,488,468,438,464,448,456,494,478,490,505,531,464,491,503,509,453,499,469,445,448,475,510,461,495,468,440,506,515,512,456,542,506,513,456,489,443,494,539,513,545,472,541,508,458,521,498,439,515,506,513,479,529,459,495,465,435,444,473,419,488,486,493,470,494,495,531,525,506,502,445,470,471,499,462,489,509,477,470,484,464,484,480,467,445,522,530,482,464,463,521,462,539,490,495,474,519,519,528,500,503,501,481,502,463,513,542,482,510,543,452,502,464,488,457,479,553,463,515,452,475,496,517
80,46312106,479,533,567,471,506,484,531,559,473,523,492,518,588,517,547,474,488,489,513,468,559,490,525,490,560,517,522,546,505,545,526,540,533,490,532,479,513,509,505,496,496,540,521,501,524,513,458,541,481,530,503,476,569,497,552,520,513,498,526,543,525,534,521,512,500,559,489,512,549,566,525,521,491,500,539,578,517,512,541,542,584,521,546,561,518,490,493,484,504,584,507,552,480,518,500,554,525,536,495,482,488,490,524,518,549,506,504,503,484,537,503,540,534,484,539,459,555,496,490,517,553,490,549,485,602,622,539,450,494,479,582,508,483,527,471,535,525,507,501,534,498,536,513,580,493,532,535,503,552,541,501,571,544,502,602,517,464,555,504,516,511,520,500,509,556,501,479,499,497,508,532,536,523,529,545,556,513,508,530,577,521,551,542,513,512,478,576,524,517,504,541,554,527,568,562,533,579,557,554,520,538,567,524,499,535,489,545,462,528,518,492,507,505,522,483,521,520,481,511,540,483,540,539,516,616,474,521,541,461,464,582,446,498,539,486,555,511,515,592,526,478,506,502,471,499,494,487,479,502,552,533,527,502,470,524,506,526,500,579,481,449,511,467,517,495,521,558,546,570,535,562,536,568,547,488,561,562,476,585,506,511,520,542,483,553,530,519,532,523,473,532,519,503,509,542,553,489,529,514,561,476,512,510,525,481,506,505,511,505,512,513,531,484,553,487,548,555,572,522,505,476,591,555,546,533,518,535,500,507,473,533,515,497,539,557,510,511,578,556,502,499,553,506,487,571,615,580,553,498,545,530,614,488,535,541,549,521,486,541,531,510,487,511,560,461,524,579,507,475,513,533,508,499,495,534,495,550,456,495,528,510,549,522,514,497,534,492,460,512,487,497,517,469,540,521,549,520,514,489,493,518,550,513,522,518,544,496,532,587,495,575,502,490,497,547,525,525,505,563,542,551,479,546,492,508,574,481,511,493,518,544,464,560,475,524,516,493,482,496,466,490,583,497,516,505,501,507,537,589,511,493,517,495,521,503,523,562,528,507,548,515,544,522,534,529,547,503,509,538,494,491,467,553,468,531,483,526,557,560,497,506,562,582,520,508,522,557,496,562,521,491,493,530,455,560,556,537,498,514,533,492,486,501,512,503,451,513,551,499,566,517
80,48933546,562,478,517,587,557,490,536,541,572,573,583,553,559,559,570,507,513,499,579,488,475,518,506,565,512,551,534,527,549,489,560,481,529,536,526,540,524,600,556,551,611,510,540,597,500,538,530,574,610,570,566,521,516,555,536,537,541,508,530,527,539,535,564,521,541,557,564,559,495,576,558,613,505,538,546,522,522,550,526,552,503,532,530,524,518,547,529,491,488,544,520,529,515,499,574,563,533,575,565,582,584,527,569,548,514,522,551,549,525,582,618,502,560,564,537,533,498,574,495,496,491,523,558,518,545,540,525,524,467,519,557,579,534,550,528,535,605,542,550,543,527,567,564,545,544,565,555,535,558,523,538,583,526,606,509,508,556,506,570,517,491,556,546,565,525,520,502,555,560,546,515,506,567,496,592,535,597,586,518,553,572,573,525,560,589,625,555,558,536,573,526,630,526,565,495,562,564,532,557,541,530,549,517,566,570,502,522,518,515,561,502,596,596,557,568,549,544,563,597,522,535,573,513,540,513,526,470,587,530,557,494,514,588,528,523,536,510,596,558,508,543,549,573,532,549,535,534,578,525,496,511,499,554,582,516,550,541,517,506,552,555,496,533,572,579,542,543,586,542,546,551,570,606,471,591,516,517,545,508,544,542,561,534,510,512,555,588,577,546,568,539,530,551,515,502,543,466,569,558,520,541,577,531,526,557,560,509,515,571,473,593,514,533,564,547,540,573,492,500,536,525,567,589,536,582,527,534,533,488,563,549,545,554,539,527,529,573,527,536,541,551,539,514,528,539,539,523,566,495,500,559,583,531,537,514,531,496,510,515,556,508,604,594,540,553,559,522,541,537,488,563,519,542,528,529,568,523,505,593,508,558,556,537,588,544,510,526,519,560,587,527,531,521,546,565,521,550,516,540,500,566,537,595,540,555,521,579,500,491,546,571,596,554,532,550,566,545,564,556,558,564,549,532,537,504,516,517,571,479,549,577,512,498,538,563,509,589,551,510,547,510,531,589,518,585,575,541,515,569,527,496,566,546,558,509,556,506,548,567,558,570,541,532,512,542,526,547,501,550,527,560,529,509,549,540,532,514,579,505,569,567,624,559,577,560,545,487,558,514,528,535,568,518,567,504,561,571,595,497,570,555,533,547,571,553,517,515,560,551,535,520
80,51554986,531,559,582,545,505,541,513,508,544,561,567,498,551,555,617,530,544,567,605,481,616,527,592,543,560,573,571,584,597,524,566,590,558,580,543,569,500,519,600,506,527,568,529,561,507,581,551,577,570,534,521,561,537,564,526,576,544,510,596,575,541,570,537,552,540,531,554,565,614,493,558,572,481,570,596,553,576,535,502,556,525,585,592,568,578,568,538,569,492,580,547,546,540,538,588,616,571,598,591,525,509,526,591,590,582,558,587,512,547,589,561,621,516,560,539,520,460,554,552,562,498,542,577,540,532,569,494,511,589,537,516,516,579,525,562,524,550,545,575,588,593,576,625,503,591,547,547,537,564,543,598,551,562,642,522,565,549,527,635,563,557,570,552,573,539,553,558,545,515,529,586,576,547,547,563,561,566,533,530,581,555,550,525,571,560,553,582,533,545,555,535,588,555,571,540,572,550,552,464,513,529,560,526,509,555,544,542,570,587,528,541,581,566,573,563,597,498,507,558,592,582,592,595,569,524,570,598,548,552,609,595,549,554,547,537,547,583,530,590,542,569,578,502,494,519,551,557,585,563,570,529,548,563,512,597,593,650,608,578,538,532,531,591,615,533,558,561,590,501,521,536,522,571,584,506,562,585,515,570,552,556,599,523,540,529,590,524,507,522,519,553,519,561,521,554,498,583,546,520,508,518,554,544,568,538,564,578,485,568,598,537,577,589,567,583,588,561,560,533,494,605,572,526,553,536,493,573,545,573,589,614,578,536,600,549,525,552,526,576,541,537,575,553,580,558,535,515,602,510,559,569,538,544,625,578,527,528,495,557,571,590,513,616,590,580,580,614,572,547,555,546,530,578,545,486,517,605,592,548,538,555,506,551,561,519,598,496,558,542,590,588,604,586,590,561,578,574,518,527,539,578,558,501,562,558,544,484,552,544,535,566,557,603,577,514,580,559,518,546,581,594,527,500,568,560,536,530,597,514,519,589,574,587,569,619,520,521,630,549,583,592,567,533,559,569,576,639,579,546,564,621,537,542,573,564,530,544,573,524,588,572,526,545,552,557,583,587,535,516,603,562,589,580,584,509,564,520,534,586,572,628,536,550,562,547,516,561,542,502,560,530,572,542,515,574,584,504,542,582,562,590,554,503,506,523,586,562,508,532,596,557
80,54176426,546,583,612,578,574,562,529,540,588,619,558,606,557,556,619,569,537,561,551,533,665,530,597,530,614,606,563,524,563,565,581,531,546,577,552,546,520,543,543,528,591,603,526,573,532,554,550,587,540,569,623,602,542,522,575,503,533,506,582,505,518,578,593,586,540,540,585,531,552,526,544,589,516,584,580,607,612,546,549,576,528,578,572,559,614,579,572,567,543,576,563,594,638,572,597,575,599,548,537,593,534,540,599,568,529,585,593,568,533,550,560,600,575,593,534,602,558,526,509,580,596,566,574,602,595,512,592,538,550,560,568,546,600,602,563,568,585,541,502,566,533,599,578,585,522,543,566,556,564,580,596,562,607,554,590,625,573,595,554,554,582,544,590,550,605,545,538,594,556,543,554,572,565,582,553,603,503,544,584,556,540,572,547,523,578,597,573,567,576,582,572,636,538,548,582,560,564,540,555,548,528,626,556,598,604,561,569,534,623,581,613,560,536,574,549,581,609,543,562,561,587,586,537,577,635,559,621,569,568,616,578,587,538,560,516,608,563,545,547,555,549,554,540,556,552,582,567,564,547,532,589,571,598,563,557,572,586,523,558,588,586,567,603,604,623,537,537,558,528,582,522,549,607,548,592,562,612,541,591,578,543,558,555,600,531,598,638,587,543,552,580,607,538,606,549,515,586,540,567,568,559,558,511,584,561,540,561,586,527,591,569,576,623,522,576,546,546,553,501,589,572,556,607,554,536,517,543,533,636,589,567,564,563,546,533,543,558,518,531,565,558,554,572,525,602,553,526,584,562,587,618,628,551,610,562,517,555,538,584,524,575,605,573,623,547,514,629,571,602,580,538,557,595,545,547,588,571,522,566,601,557,574,519,550,595,602,587,577,584,591,560,560,539,560,525,630,546,550,543,568,654,549,584,494,579,588,578,615,587,534,596,546,602,530,572,544,555,590,555,569,604,570,562,573,557,588,590,553,522,593,525,513,560,651,577,572,534,592,531,578,625,596,591,573,568,555,562,613,582,524,548,591,559,547,600,508,606,572,518,590,515,612,606,586,536,570,577,545,534,556,582,567,599,574,504,579,600,609,500,563,592,578,542,585,521,505,521,545,580,580,554,551,554,592,507,627,567,533,567,580,618,590,537,571,549,567,569,554,594,558,491
96,27962026,378,390,436,426,421,455,398,400,416,425,413,467,410,448,428,431,384,445,414,411,406,480,417,430,418,384,397,404,451,424,409,407,386,445,412,441,407,402,453,431,441,410,429,425,419,395,389,474,440,456,428,434,434,428,409,406,381,427,421,425,460,371,463,445,408,417,412,411,445,462,427,464,410,473,416,408,449,396,436,409,397,442,457,431,400,392,411,413,407,439,345,409,420,396,435,442,424,381,431,447,434,401,350,385,436,424,463,461,412,407,392,443,426,378,453,440,390,430,411,459,434,367,453,386,415,445,459,420,445,402,409,479,436,376,413,434,411,420,415,411,444,402,393,475,422,423,427,424,475,464,407,410,438,419,420,428,401,477,413,371,381,416,412,360,391,454,436,408,410,416,434,364,443,447,390,449,422,401,392,393,391,401,415,421,367,424,414,410,467,413,438,469,423,432,467,395,411,366,407,424,429,394,418,408,423,454,409,451,398,443,445,402,411,373,439,373,424,413,401,468,448,455,442,419,419,435,417,364,404,383,431,409,412,411,430,427,403,417,450,441,400,406,422,439,409,464,422,422,388,378,419,408,470,364,518,449,424,434,420,466,448,437,462,408,411,415,410,400,428,365,444,422,406,446,447,432,435,380,433,415,477,433,423,428,404,423,431,424,473,435,410,436,510,400,397,422,383,368,436,434,400,424,471,462,452,475,397,450,409,444,446,384,409,468,419,392,425,471,441,427,449,410,420,421,380,407,421,429,435,395,402,399,401,396,395,433,476,386,482,397,400,364,411,412,451,439,418,433,414,382,438,420,432,436,415,450,381,467,432,418,407,412,445,389,360,384,419,418,380,453,377,392,456,461,451,424,462,478,432,440,358,400,409,403,394,447,446,422,420,378,365,413,430,423,416,490,421,422,420,373,402,440,446,414,399,385,433,442,398,385,420,380,433,446,394,426,427,397,392,429,393,426,426,392,452,416,417,469,423,417,406,400,426,412,434,433,403,412,468,424,420,441,418,430,404,380,405,463,377,428,409,475,466,381,381,445,435,445,393,377,412,444,439,406,405,393,365,379,438,408,435,439,349,453,424,445,422,459,468,412,456,378,436,399,424,370,411,447,392,481,433,408,424,404,398,369,431,485,407,471,441,444,358,450,432,427,380,433,396,398,380
96,30583466,473,430,436,428,367,470,440,435,426,389,448,423,445,462,440,444,468,408,442,450,483,471,402,462,497,425,434,457,428,456,474,444,430,424,462,431,431,424,435,440,452,454,437,417,410,392,473,410,457,412,453,444,433,407,408,437,483,380,455,407,456,442,418,397,434,501,399,402,420,432,470,501,440,439,458,429,480,413,436,457,459,409,478,454,440,429,424,412,449,430,404,420,426,441,490,374,420,393,417,474,463,435,450,419,423,408,411,416,491,457,393,411,497,449,392,423,425,416,446,421,448,417,432,455,418,453,393,463,457,420,418,453,421,443,408,477,428,480,422,432,402,460,372,436,474,453,437,385,409,427,468,452,465,426,446,474,439,457,465,439,464,408,467,447,382,414,455,406,439,444,457,417,458,431,428,484,462,421,418,452,387,402,474,397,441,417,425,421,462,425,469,456,461,385,405,433,442,418,440,433,408,434,414,418,415,450,424,406,425,409,392,443,460,418,465,410,440,416,400,445,407,445,415,415,411,446,377,426,414,409,391,469,491,399,443,437,414,462,396,462,479,445,454,414,465,455,449,443,431,439,432,442,385,442,392,428,420,472,413,443,461,479,424,403,440,474,438,400,414,425,411,441,437,437,409,412,469,500,470,409,417,432,461,440,441,404,452,395,412,444,417,421,415,451,430,434,481,408,414,408,415,399,437,434,419,435,466,462,403,495,389,424,432,440,418,451,447,384,411,406,474,392,449,470,409,438,449,432,402,412,471,426,414,450,444,447,408,438,427,449,429,433,447,367,378,401,435,452,430,401,380,421,442,426,442,417,389,421,477,409,436,405,450,422,453,428,478,433,429,452,424,446,437,413,435,412,396,452,443,399,439,445,428,433,410,386,414,434,420,425,405,450,428,414,444,472,447,426,444,428,395,469,434,386,400,459,425,442,404,402,415,443,401,422,399,471,443,470,434,399,434,448,405,374,458,457,371,464,483,451,461,440,417,442,424,475,438,413,446,458,403,429,448,398,412,455,407,439,411,430,388,453,455,457,422,441,442,440,432,430,445,398,444,417,433,434,436,405,422,426,423,461,452,433,417,375,442,432,405,427,401,425,433,440,421,426,425,390,457,461,405,412,497,414,483,444,429,506,431,403,427,414,431,452,418,463,431,400,400,423,482
96,33204906,423,408,400,433,436,445,479,457,412,406,428,454,450,428,476,481,449,431,420,421,473,434,470,430,415,439,447,441,403,473,446,415,438,471,434,424,433,412,430,466,442,424,476,413,446,455,434,463,406,455,417,429,451,425,505,419,433,433,438,401,457,425,433,428,425,455,412,447,445,429,419,404,434,433,423,396,436,429,419,455,445,459,442,465,464,411,455,403,409,444,420,430,439,426,461,459,425,443,462,430,509,436,410,423,422,437,418,434,467,446,457,455,453,420,460,447,432,433,516,448,418,471,499,419,479,454,412,430,452,474,443,424,477,445,466,453,443,470,484,439,423,413,445,453,434,462,443,466,450,408,435,441,420,454,474,412,422,411,460,430,464,448,414,460,430,476,406,473,462,429,460,467,411,467,448,409,433,451,447,435,452,411,443,411,448,486,387,423,498,446,428,442,408,404,452,452,411,409,486,449,420,452,434,448,412,454,457,445,442,438,459,417,469,425,407,457,436,445,444,400,427,462,453,450,419,453,454,457,437,453,433,410,496,438,467,435,413,492,433,471,429,435,423,455,433,417,455,424,416,392,447,399,469,468,449,441,415,464,465,419,474,420,450,435,432,414,403,422,437,416,424,432,444,446,442,434,437,460,444,415,421,455,410,483,460,446,400,439,460,432,439,423,455,457,437,386,441,439,455,425,478,466,436,478,437,436,445,414,434,401,439,471,427,484,444,454,429,466,454,454,444,438,451,456,425,419,479,436,478,483,464,426,436,410,432,461,473,452,454,464,444,443,475,439,461,472,441,442,460,468,420,423,422,401,459,469,460,405,447,423,444,423,462,462,427,472,467,438,437,468,441,434,423,451,479,436,463,482,423,466,471,382,394,429,427,425,464,398,423,466,443,424,424,462,459,465,428,444,433,400,430,396,426,447,451,413,445,450,438,469,463,420,419,429,481,457,449,477,492,414,402,465,428,470,445,462,476,465,427,474,461,437,430,496,414,450,418,471,455,462,433,442,447,428,464,415,430,444,465,416,463,466,416,453,426,403,431,470,433,450,412,433,451,437,425,472,441,440,479,428,400,427,443,470,478,434,425,444,480,479,451,413,431,405,444,426,433,448,401,423,425,450,480,466,473,444,476,423,424,423,415,401,422,433,491,406,409,437,460,420,454
96,35826346,453,420,437,476,455,440,462,461,433,451,441,431,451,417,437,452,441,477,463,443,479,426,424,471,431,451,411,463,449,460,480,425,462,444,446,450,463,456,419,417,439,456,470,427,414,424,410,507,462,453,428,434,448,457,433,440,437,431,457,418,447,424,455,453,436,443,450,423,448,460,420,427,457,469,471,447,424,443,425,453,435,436,485,466,406,434,454,442,494,449,456,460,461,436,419,475,448,439,426,478,404,458,462,486,447,473,445,470,456,453,460,460,486,489,428,459,445,434,447,434,420,443,405,431,444,466,441,489,470,448,482,485,442,435,449,439,417,412,462,432,455,422,449,464,426,432,400,441,449,446,453,412,446,437,407,472,440,452,444,473,438,428,519,423,428,432,450,440,459,453,416,414,448,428,421,470,474,457,506,457,434,462,415,446,474,427,415,466,431,478,444,451,437,464,472,465,436,465,463,456,402,454,453,447,472,463,420,435,487,472,429,442,425,443,424,406,497,446,434,463,426,433,449,463,436,455,435,400,443,424,427,409,416,480,450,464,422,429,454,465,474,455,459,458,414,441,428,447,409,433,464,473,491,453,483,468,409,418,427,418,466,430,459,451,426,429,417,442,456,461,408,462,487,440,441,413,429,455,421,460,428,435,449,455,428,482,439,476,460,457,466,448,456,428,485,455,473,452,437,443,452,452,444,457,473,443,399,478,452,463,448,462,444,454,417,448,463,458,445,435,458,429,448,445,474,461,482,451,452,448,474,417,414,442,436,439,444,416,439,463,442,434,427,442,445,421,424,457,449,459,445,447,443,449,447,443,487,448,412,433,442,427,468,436,428,440,436,474,451,421,449,439,442,450,409,428,427,436,482,434,470,491,415,440,470,419,429,473,439,498,462,485,455,418,442,480,422,427,453,472,411,422,443,458,491,452,453,442,415,501,434,457,503,445,458,446,466,436,443,449,464,476,417,414,433,414,418,471,443,444,443,448,439,449,414,458,440,478,469,450,433,432,418,468,444,464,443,428,465,445,490,448,450,460,445,437,431,465,431,489,447,436,425,418,465,439,488,482,417,434,462,425,463,432,435,446,436,445,482,469,418,449,435,469,448,476,448,443,404,464,440,406,407,419,438,463,444,407,428,477,460,446,483,447,435,434,431,456,451,440,444
96,38447786,463,458,483,499,479,474,450,457,417,472,464,429,426,498,449,455,441,425,427,454,459,484,458,433,464,448,449,457,426,446,472,477,484,447,465,455,464,437,452,456,438,447,428,446,460,459,424,457,444,473,435,427,439,423,440,450,454,469,485,499,463,452,457,425,437,449,484,450,426,456,432,445,463,463,450,417,452,482,431,447,429,426,455,453,436,446,447,462,430,465,420,435,424,482,449,455,496,421,431,424,455,415,440,441,452,454,460,506,472,453,429,461,450,481,432,448,456,458,439,458,411,458,454,439,429,456,434,467,453,468,465,470,445,464,446,435,432,440,446,458,463,432,436,481,457,449,464,473,517,449,417,471,410,440,466,492,447,473,460,444,472,438,442,496,473,463,445,463,443,488,448,438,439,427,456,441,475,462,436,465,443,478,452,455,466,439,456,465,427,454,447,443,459,436,458,457,480,463,465,486,431,443,434,464,433,475,428,489,481,455,458,435,440,458,452,446,436,417,492,446,404,454,436,419,444,439,460,449,474,470,460,462,483,431,456,454,439,461,497,431,415,446,449,473,495,415,485,416,439,474,435,426,428,426,436,443,480,461,481,451,459,459,424,437,464,418,430,437,431,456,460,451,457,405,473,468,464,403,455,447,466,450,425,499,467,479,399,463,473,420,457,478,391,414,451,502,486,476,476,419,432,442,492,427,445,477,452,449,413,420,463,436,413,444,443,458,484,484,438,410,445,438,448,468,466,450,434,431,457,467,451,464,467,482,488,416,484,419,442,443,456,492,457,450,530,431,466,443,453,435,473,461,469,430,472,469,467,419,476,470,469,474,436,479,459,434,454,425,463,449,458,444,447,459,423,466,494,482,440,495,448,435,428,436,420,505,428,461,450,449,462,464,492,440,442,484,445,406,475,455,435,424,454,460,438,448,457,476,445,449,461,459,459,504,490,467,472,422,457,425,437,465,441,413,462,426,416,476,447,458,454,407,450,429,487,470,458,463,441,419,464,427,395,452,420,444,454,453,475,442,471,461,471,460,431,438,458,464,426,469,447,468,457,424,417,466,451,401,446,442,412,464,431,439,446,446,444,462,473,417,427,468,455,443,479,436,407,454,461,510,473,445,444,422,437,458,474,442,440,425,476,472,447,447,444,465,457,468,467,438,447
96,41069226,451,494,443,472,460,470,467,474,466,466,432,446,505,476,470,440,440,455,451,418,442,456,472,546,445,451,499,469,482,508,485,502,492,451,503,455,469,445,460,443,491,503,443,481,417,463,475,465,540,486,456,416,520,466,503,457,446,481,464,462,436,425,473,450,512,476,478,506,527,502,491,446,457,479,420,485,437,437,470,501,450,444,421,415,472,512,488,476,478,490,482,460,482,495,492,488,488,426,521,494,456,460,456,488,481,435,432,475,458,473,455,478,471,456,471,441,465,481,441,438,473,470,445,497,462,479,458,504,463,445,530,500,465,493,483,474,464,446,468,450,465,443,488,472,501,495,482,472,448,464,506,460,428,412,459,445,538,490,456,487,478,468,471,446,493,484,515,484,446,477,467,458,479,441,465,463,427,445,454,438,445,466,430,449,486,436,444,508,442,488,469,506,491,476,517,460,420,475,418,497,447,469,455,469,504,450,450,470,451,460,419,453,508,467,442,486,482,466,481,513,459,502,434,476,457,450,482,498,460,477,462,508,456,464,450,481,498,524,494,475,499,444,463,473,482,459,518,461,470,514,487,469,506,467,480,487,481,456,503,507,475,458,491,471,450,464,474,459,464,476,445,451,447,469,480,494,474,480,473,483,511,469,481,487,465,455,411,476,460,440,469,495,480,471,458,471,466,456,470,448,465,496,428,503,469,439,518,421,445,496,479,446,491,475,429,473,487,488,483,457,462,460,457,447,467,473,468,471,439,495,478,469,466,463,444,496,469,480,449,442,441,490,467,510,485,425,464,533,472,438,494,456,455,535,448,466,492,467,458,461,532,454,470,512,481,467,498,454,444,477,445,514,448,452,454,450,521,463,507,493,442,422,445,433,490,440,493,487,488,466,474,490,474,456,502,466,450,486,468,464,444,477,429,464,438,464,554,448,474,480,444,508,453,435,524,483,475,466,480,489,454,457,474,475,441,497,432,474,489,472,473,492,470,470,445,507,446,468,496,486,458,455,453,407,505,445,478,474,510,506,495,503,515,455,525,494,454,481,415,464,460,437,464,430,441,471,484,504,514,447,519,468,456,454,486,486,463,445,449,460,481,439,515,501,471,497,444,487,491,477,438,460,467,462,450,444,523,458,467,473,503,458,482,455,416,455,456,515,448,438,480
96,43690666,447,490,526,467,513,495,520,466,518,482,517,501,451,509,456,451,442,483,459,538,481,498,511,472,481,478,509,478,445,497,454,480,462,463,497,467,453,494,565,489,490,458,470,501,458,457,534,533,481,502,499,461,446,489,502,483,452,507,484,520,467,479,470,500,481,524,482,505,460,484,527,513,488,466,465,482,477,473,501,474,528,501,499,502,508,474,473,497,450,471,511,458,513,505,476,507,496,503,487,462,493,471,510,504,499,487,500,528,483,528,498,571,447,515,492,512,478,503,501,499,487,484,480,512,508,469,534,473,494,533,495,466,470,512,478,510,488,489,534,466,485,441,507,533,461,532,487,457,466,550,498,483,489,496,459,515,512,484,537,541,487,539,468,492,464,450,472,547,508,494,541,531,496,542,507,493,440,471,507,501,531,520,512,453,523,536,465,507,493,509,484,469,501,544,437,432,464,476,443,466,520,533,458,502,480,492,508,475,501,546,508,447,499,458,459,485,484,484,470,460,538,520,472,484,560,439,454,458,497,460,467,480,497,500,472,513,499,450,521,482,519,523,486,493,507,499,474,493,509,466,531,493,534,508,446,508,491,541,517,446,442,510,470,493,520,531,510,519,523,506,448,506,466,457,505,486,468,471,517,499,487,496,517,483,503,555,465,469,481,469,497,511,495,488,473,518,494,527,452,533,522,512,512,507,505,478,498,475,462,487,481,436,473,472,432,492,465,452,522,499,533,467,466,468,479,487,524,501,457,486,479,473,486,453,516,427,509,505,515,514,502,504,453,495,481,519,510,536,485,562,444,509,508,484,465,474,521,497,506,492,502,469,507,463,533,489,523,477,521,514,530,489,473,406,455,479,484,553,470,442,518,450,496,467,456,493,515,512,461,473,455,490,499,419,468,500,454,527,561,531,502,537,471,494,570,483,470,482,455,504,504,534,529,463,453,510,479,518,615,510,462,514,439,505,489,470,452,480,501,464,474,482,481,483,534,470,473,532,528,489,497,523,512,465,454,541,545,497,540,463,501,479,454,443,485,531,454,545,489,464,501,500,456,515,509,489,488,549,509,519,471,470,508,457,506,433,467,466,521,493,475,479,471,564,463,502,468,507,512,461,501,479,519,517,564,463,454,484,517,478,453,502,559,514,521,535,526,481,450,532,481
96,46312106,545,534,532,590,531,560,506,503,535,548,568,511,544,532,533,505,510,526,539,546,565,540,475,522,556,607,549,575,575,570,548,487,469,559,483,510,632,536,533,568,517,497,529,510,493,556,511,519,504,543,479,490,566,504,487,528,522,499,518,518,547,551,557,531,569,531,509,500,539,540,564,505,526,550,523,534,545,507,576,521,527,566,539,554,498,542,523,577,535,620,484,486,561,604,545,507,542,484,543,519,554,530,540,565,522,521,542,501,535,502,512,493,519,610,538,531,517,502,501,522,540,501,514,522,519,514,523,510,499,549,528,529,592,538,558,554,489,525,511,537,494,522,502,552,539,466,486,499,496,523,561,550,559,548,554,531,533,545,546,540,541,549,497,539,535,520,471,535,517,516,474,567,562,610,540,544,575,610,517,508,561,556,570,501,501,540,472,480,530,607,514,541,524,520,550,520,576,502,520,580,514,530,504,484,521,566,542,485,570,547,509,542,557,544,496,548,545,549,511,516,542,522,491,597,503,515,537,555,513,591,529,463,559,482,605,523,483,540,601,495,521,544,549,512,525,489,507,536,534,572,538,523,473,478,581,470,508,502,572,528,508,541,550,551,535,571,535,525,532,580,544,527,549,552,585,512,532,490,562,531,579,595,499,567,498,522,523,540,578,563,538,532,545,548,470,507,520,553,529,519,524,509,491,521,509,515,513,538,560,501,511,519,551,565,511,582,525,524,519,548,510,502,555,532,539,529,527,485,561,490,544,523,493,534,538,483,567,540,549,527,563,512,554,485,552,497,591,558,512,528,466,533,483,457,495,522,549,526,519,526,520,515,593,537,516,529,562,505,505,519,515,542,497,528,564,527,539,478,561,491,494,531,528,529,564,497,546,532,574,515,521,467,520,498,478,497,517,541,470,570,491,500,554,539,543,527,515,509,559,478,541,563,493,522,501,485,499,514,546,542,534,479,557,472,555,524,558,524,558,539,593,516,484,591,575,515,551,518,501,581,547,521,530,540,521,555,477,536,592,495,600,522,582,536,536,497,575,555,580,537,543,563,542,553,529,532,552,547,522,509,504,521,522,562,524,552,518,472,564,574,516,555,515,536,521,534,550,538,562,536,562,488,497,516,544,512,555,566,529,610,511,574,451,535,484,557,596,534,504,532,499
96,48933546,513,517,606,579,539,602,524,598,561,527,528,531,540,595,511,527,535,535,518,526,555,543,576,580,600,551,569,555,500,487,541,563,515,580,535,563,593,599,598,556,510,499,487,516,524,558,578,534,541,589,597,562,499,605,545,585,536,522,604,519,544,541,522,631,572,434,540,537,565,539,606,585,510,527,515,549,543,567,567,523,548,565,538,489,567,524,571,520,543,553,492,548,576,563,618,514,560,549,521,575,565,557,542,550,541,551,562,531,463,564,502,548,510,492,614,566,595,563,609,580,535,585,527,528,561,494,528,581,568,608,589,530,520,529,528,582,551,519,570,553,473,604,558,522,484,575,524,569,579,589,582,569,559,496,604,498,501,513,590,509,522,523,488,589,497,559,538,540,522,585,589,574,535,548,547,533,531,520,557,583,616,578,528,528,560,514,578,585,548,580,499,561,497,586,531,602,526,565,540,575,534,585,564,516,573,532,584,582,576,528,485,576,585,541,537,551,568,524,529,557,540,530,524,549,583,589,533,539,576,569,567,532,545,528,557,546,550,639,533,585,580,539,546,519,527,539,526,577,559,583,559,553,567,501,543,540,557,512,562,569,484,534,539,535,563,573,570,574,530,566,544,586,520,481,524,512,507,476,532,553,545,575,594,561,493,504,533,507,536,505,559,547,509,481,541,552,530,518,514,589,542,581,526,546,539,527,567,516,521,516,522,565,558,549,500,537,553,533,576,530,590,549,540,562,555,543,574,547,510,530,537,555,580,534,532,500,538,519,511,540,575,556,627,557,524,546,548,567,579,521,522,511,553,543,555,521,508,559,576,553,498,537,545,562,556,526,508,568,555,548,542,590,559,560,548,496,551,548,530,549,577,533,578,530,525,586,565,558,492,581,605,534,580,580,490,575,564,513,549,568,569,567,522,534,541,522,548,534,526,547,609,528,530,565,529,493,486,570,547,541,601,534,549,578,578,551,524,611,561,514,525,518,503,507,547,569,578,571,570,565,564,554,591,543,601,596,486,520,606,604,531,560,518,512,568,492,572,565,510,609,498,609,563,530,526,556,541,574,553,528,571,537,519,520,594,535,562,596,601,576,517,521,527,565,515,549,521,569,577,549,541,538,572,550,516,572,547,535,505,490,488,556,511,584,538,562,532,522,487,560,572
96,51554986,558,517,589,581,558,520,572,572,519,565,517,549,589,471,502,542,565,535,477,522,569,604,578,625,573,581,602,557,589,550,549,562,522,626,542,554,593,583,565,604,595,504,553,532,510,560,557,567,579,589,531,536,668,557,591,530,561,531,532,545,554,600,617,565,590,543,564,568,615,540,562,581,530,556,528,525,562,608,578,490,510,576,602,582,539,558,543,545,597,558,605,576,546,527,585,551,512,571,549,515,559,496,607,557,621,589,596,562,555,592,509,602,550,550,551,573,524,558,570,601,538,560,547,563,544,564,504,537,600,595,535,561,554,619,557,564,526,592,591,567,544,532,577,546,552,541,531,550,553,577,542,559,568,474,584,487,584,535,516,555,553,528,591,524,549,509,492,575,617,517,588,533,551,599,549,552,563,562,573,607,656,570,552,492,617,580,601,576,555,562,621,590,535,511,563,510,600,576,569,598,542,538,604,553,592,599,538,511,550,591,511,489,585,531,545,542,608,509,571,558,528,510,550,531,569,511,521,574,565,582,578,541,533,563,559,563,557,568,603,547,588,521,575,529,638,557,503,604,573,589,591,574,536,573,552,557,559,588,515,558,485,517,554,563,494,567,527,549,577,605,529,535,543,547,554,558,618,559,622,600,602,525,575,558,580,563,603,590,574,549,593,588,557,544,571,571,584,579,593,550,496,537,559,584,578,613,551,518,547,545,587,629,583,537,565,512,538,529,567,513,581,557,547,622,569,601,557,575,532,563,555,593,592,556,545,514,570,586,582,545,570,583,580,585,536,571,581,591,544,570,485,562,630,619,528,555,579,571,575,564,604,564,600,593,521,576,569,597,534,558,547,523,604,549,623,604,583,560,508,580,567,572,545,570,552,542,546,587,613,528,530,512,578,535,573,566,614,518,548,497,528,585,553,566,499,548,519,576,610,633,556,570,581,497,562,605,578,560,521,577,546,544,539,545,579,539,575,560,553,565,619,547,523,541,545,541,525,515,535,562,569,547,498,550,570,528,557,531,534,566,634,583,519,544,571,555,552,528,599,540,590,507,549,570,568,580,529,564,585,591,571,557,549,543,473,525,539,568,605,515,563,574,575,587,614,584,535,586,518,551,529,588,603,504,562,530,549,556,548,550,533,536,526,578,511,547,603,589,536,572,579
96,54176426,545,579,539,547,580,605,614,593,655,596,590,523,612,560,529,559,565,542,564,572,550,524,543,574,581,541,531,528,500,585,549,638,545,551,567,539,562,538,647,538,565,584,649,566,614,535,563,577,590,570,544,579,546,559,569,560,517,530,566,566,547,598,544,510,640,612,564,588,548,578,554,655,545,554,549,573,536,540,565,559,556,614,602,549,610,597,561,547,585,569,571,610,528,536,569,482,564,546,591,495,537,610,556,556,533,575,552,561,558,529,482,579,562,551,551,464,623,613,570,527,572,526,531,610,567,577,524,579,535,565,631,573,636,589,611,583,550,577,509,616,550,511,535,535,594,596,608,535,532,579,551,588,576,599,536,578,568,531,563,607,560,561,559,517,617,515,611,562,548,566,587,562,586,573,564,555,636,553,561,524,578,602,542,557,515,576,573,529,569,580,579,515,606,562,561,570,570,527,585,530,554,592,557,573,617,605,584,579,538,584,526,601,587,591,591,528,604,523,564,559,550,593,520,542,561,563,557,622,547,552,582,596,595,582,646,576,566,590,573,589,594,558,556,597,546,552,586,638,577,610,569,606,552,565,540,506,545,588,572,560,551,642,618,569,589,579,596,549,565,563,534,573,581,579,559,605,582,574,569,615,555,550,529,586,566,573,588,556,550,554,544,573,512,559,583,521,582,566,525,571,556,543,585,559,539,570,555,542,656,550,566,567,535,591,589,599,505,572,555,522,592,554,547,546,564,555,544,606,561,549,561,588,597,528,559,573,536,634,548,567,565,573,599,579,548,550,571,585,610,567,557,561,590,594,518,580,585,608,575,618,508,585,575,558,496,589,555,563,549,528,556,570,535,554,599,524,541,540,562,521,552,554,559,561,549,535,625,489,587,563,593,540,576,506,630,557,538,547,565,522,577,564,500,553,563,513,557,545,546,581,565,620,574,568,565,532,565,554,540,637,523,565,500,552,578,534,539,585,517,568,562,598,520,557,560,570,571,573,543,584,596,539,566,569,596,581,545,539,528,559,536,605,540,542,571,559,605,624,601,566,575,623,573,575,588,534,532,592,565,550,547,541,533,571,547,561,636,531,598,609,583,555,553,557,571,574,549,527,586,528,559,579,577,499,595,611,591,606,532,572,575,595,584,559,593,583,550,586,636,602,609
112,27962026,377,395,433,420,406,472,406,450,409,434,407,430,440,502,438,394,433,414,429,385,431,447,411,453,437,436,444,454,420,413,446,475,412,414,420,424,420,457,395,453,443,405,397,460,435,465,404,492,463,418,410,457,470,466,418,418,450,416,430,446,402,443,408,437,414,444,427,437,444,443,453,438,393,441,390,435,410,382,412,380,435,454,485,446,413,419,396,474,415,423,454,412,412,452,410,472,388,370,402,438,411,406,414,439,477,435,452,412,453,454,419,381,416,448,500,424,380,455,415,459,445,397,434,407,426,483,427,434,429,452,392,429,416,424,432,401,423,440,378,421,432,445,455,491,446,488,388,452,404,457,439,406,422,431,459,443,407,424,442,439,442,463,393,458,439,407,443,422,420,423,426,442,414,399,445,441,467,446,429,463,444,471,437,439,450,401,420,393,402,449,427,424,418,435,440,402,453,413,476,419,385,465,421,431,440,455,344,426,413,436,422,436,431,427,447,416,424,445,430,379,421,444,446,437,444,425,405,461,398,408,440,426,451,459,434,404,443,448,426,381,430,443,438,404,386,436,419,418,483,442,437,407,438,399,398,458,427,462,424,424,451,463,441,442,422,449,422,449,394,453,427,418,397,461,424,410,442,450,430,429,406,426,439,409,443,425,436,415,392,399,432,433,442,426,441,443,408,392,430,426,455,445,437,446,453,405,418,382,460,442,412,426,424,449,461,412,378,448,439,476,438,429,428,423,432,445,409,428,431,437,463,431,442,446,464,435,446,426,415,410,394,439,438,438,413,437,423,422,413,446,425,403,413,429,473,430,427,417,467,359,436,449,457,480,370,443,450,442,418,419,481,460,443,459,401,436,409,411,423,456,420,428,429,438,416,431,434,451,438,440,433,420,474,411,468,439,406,411,437,404,456,432,395,421,485,435,432,388,473,453,473,449,443,466,438,457,480,437,416,453,448,435,441,440,426,446,410,442,427,440,427,479,400,426,462,463,443,459,432,431,452,418,415,431,396,403,402,400,421,424,417,454,396,458,419,424,439,441,454,458,414,413,451,395,453,415,410,435,433,428,481,416,430,410,437,427,414,427,395,445,405,450,416,423,421,424,453,464,461,451,404,448,470,401,442,442,431,502,414,429,440,425,451,463,391,429,424,416,457,465,432
112,30583466,451,422,460,445,459,427,453,467,440,419,412,436,390,485,429,481,404,456,455,493,464,428,467,416,489,481,431,430,419,446,442,449,442,458,416,475,406,501,462,432,441,428,453,427,435,427,416,478,396,437,458,414,457,431,416,446,454,440,429,446,465,466,431,458,472,396,432,460,452,433,447,445,440,469,434,448,455,421,432,453,428,420,440,433,432,411,447,464,474,422,447,456,412,430,445,438,428,438,469,406,423,442,444,444,435,424,452,442,444,461,433,455,403,455,415,484,430,454,436,446,411,455,478,466,457,430,413,415,440,413,468,448,407,444,410,449,442,451,461,465,463,462,427,462,423,461,443,442,435,459,423,459,444,456,466,469,401,462,434,461,449,409,443,438,447,444,434,419,478,442,434,444,416,431,421,435,433,460,402,407,436,440,456,441,502,446,455,419,442,455,455,437,480,435,429,435,412,425,466,446,409,425,416,434,434,478,433,440,464,455,427,437,406,411,434,463,450,414,461,507,480,453,483,430,417,438,453,415,436,452,441,436,448,444,432,423,440,414,424,493,446,434,473,467,507,425,435,406,436,404,464,485,489,444,457,440,413,414,488,435,414,484,449,487,466,464,408,462,446,445,434,460,426,414,454,450,483,472,453,451,445,422,394,400,429,433,405,441,432,420,456,435,450,471,443,452,447,434,489,423,445,423,479,458,442,457,447,428,457,421,391,393,472,448,459,417,418,378,435,471,489,439,422,434,464,458,405,434,453,430,444,431,484,427,428,424,456,435,455,437,427,442,412,426,417,423,422,477,461,457,459,461,489,406,427,430,429,445,463,440,482,440,437,422,459,442,453,412,433,421,442,443,454,455,403,419,441,435,453,422,417,447,411,446,435,447,426,452,448,466,432,431,461,428,412,443,424,437,434,425,437,446,432,450,452,430,407,402,414,427,422,461,443,442,437,418,419,458,445,425,407,410,422,435,442,417,428,426,431,430,435,402,451,416,404,423,444,435,439,420,448,414,417,471,458,428,418,461,408,456,443,423,458,409,415,454,453,433,404,404,416,432,456,440,435,451,418,456,443,424,477,457,415,414,449,376,424,428,443,466,429,419,436,492,417,411,439,445,449,438,453,462,477,453,462,413,433,460,425,414,441,431,485,401,413,462,430,447,422,387,408
112,33204906,424,424,438,436,463,402,452,405,437,373,439,415,477,440,408,394,440,455,484,463,427,480,432,462,442,426,441,426,435,461,472,436,458,461,460,508,485,466,427,411,460,433,423,452,422,465,452,447,440,404,409,412,471,455,447,437,449,394,413,455,418,454,445,450,460,461,427,442,436,448,415,424,413,460,444,455,440,456,414,449,439,444,481,428,451,449,461,480,477,408,445,471,432,438,441,433,455,459,438,459,407,486,421,411,482,427,440,434,446,446,423,490,411,398,430,407,430,412,404,435,483,491,442,461,459,436,420,440,462,436,436,442,414,460,429,424,424,451,466,443,450,444,438,425,463,438,446,438,452,432,423,465,433,438,459,472,490,425,441,474,438,456,407,433,390,440,443,453,438,457,429,405,468,439,462,445,414,434,442,451,498,503,404,446,423,454,421,461,463,492,482,443,428,453,444,410,451,406,447,478,465,504,434,474,470,478,441,446,461,456,415,456,445,442,432,421,429,403,371,493,410,452,430,449,411,455,458,462,488,477,454,491,456,454,486,415,457,478,462,464,414,442,485,443,449,428,451,451,466,423,420,434,460,444,471,471,468,426,423,413,449,459,424,436,430,434,435,460,435,455,424,451,446,434,481,471,439,453,413,462,438,447,472,415,459,416,436,464,473,444,418,462,433,456,470,481,420,406,424,421,443,435,464,422,440,420,461,451,458,415,422,438,471,460,437,419,453,414,402,456,425,477,408,442,433,414,436,488,482,426,453,421,460,426,410,437,420,422,413,443,429,481,410,455,468,418,501,443,445,385,421,432,425,472,418,421,447,440,472,462,457,467,415,439,446,449,445,430,448,429,454,443,454,458,443,435,460,436,432,485,455,431,423,443,463,430,441,443,436,450,442,438,453,460,455,455,408,419,423,402,446,453,460,416,429,431,435,468,455,422,456,399,428,423,398,439,436,436,460,427,444,431,464,446,432,438,436,442,453,382,425,441,450,460,425,462,412,459,442,428,445,453,434,468,440,446,409,436,419,492,461,456,452,464,453,428,411,460,459,426,424,453,466,502,455,410,433,467,429,437,454,448,443,427,437,459,452,440,442,457,450,412,443,377,443,459,487,457,421,420,442,429,431,425,458,431,454,443,456,456,433,475,432,427,453,430,453,422,413,420,413
112,35826346,453,474,425,439,453,448,452,508,455,475,447,444,413,442,461,453,448,464,434,385,465,425,465,452,433,428,441,437,436,450,451,414,428,471,502,437,443,473,414,426,435,448,462,439,427,423,453,456,451,441,426,524,462,463,456,471,433,465,449,499,459,492,443,435,467,460,428,438,429,436,461,472,420,423,432,476,403,403,440,493,429,426,462,481,489,447,455,423,440,445,482,410,441,437,445,474,426,449,474,491,441,423,453,435,494,439,464,460,457,418,453,453,472,426,426,463,481,448,449,483,459,428,439,439,470,437,452,449,426,431,447,463,433,510,440,452,455,458,497,458,455,453,444,448,445,426,428,439,445,485,475,462,426,476,415,459,470,429,489,478,445,406,445,438,495,463,424,455,449,479,448,427,471,461,501,471,448,470,465,439,442,485,438,434,436,427,422,470,476,442,467,447,443,441,447,451,415,455,460,468,452,430,446,429,458,452,463,442,411,485,437,441,501,411,472,428,439,454,444,430,436,470,438,446,457,449,497,464,473,471,441,445,473,445,464,436,433,453,444,413,453,434,446,443,427,438,487,445,430,468,473,444,455,415,440,455,432,478,486,435,448,430,476,466,415,451,475,431,431,452,463,446,436,438,464,430,460,396,413,477,477,454,429,490,457,472,450,425,451,454,444,448,422,469,426,403,454,462,432,453,445,465,437,466,450,442,496,445,417,463,476,432,445,454,428,453,434,431,475,463,424,466,459,464,423,453,452,418,472,443,448,429,447,435,447,475,495,427,435,456,423,463,480,475,455,454,469,435,430,469,440,448,418,468,484,428,444,432,437,444,463,461,466,435,434,463,447,445,411,466,456,455,435,428,462,468,433,429,482,448,371,450,441,444,446,430,444,452,441,458,444,452,416,450,452,484,416,442,473,454,411,398,447,508,431,487,460,434,420,449,472,463,426,457,485,479,443,439,451,445,457,448,445,477,453,457,462,429,450,425,457,462,457,441,449,455,420,468,461,453,450,515,434,405,440,447,462,456,446,446,440,465,454,440,437,422,438,437,427,440,432,461,434,427,437,482,453,468,488,440,445,417,469,420,442,465,451,452,455,442,436,432,428,438,500,462,454,449,458,478,470,410,440,476,454,461,477,437,452,444,451,424,461,449,441,466,438,462,444,420,449
112,38447786,461,496,461,419,454,467,461,448,433,455,442,412,458,408,490,456,471,456,460,431,430,475,479,495,442,466,430,493,427,440,467,507,460,457,531,431,436,502,447,439,415,459,443,420,434,499,439,417,482,471,455,445,459,452,465,468,434,483,436,439,423,468,446,474,423,426,415,489,436,436,445,472,421,475,466,475,434,428,448,447,467,480,462,475,432,458,444,441,500,425,433,423,442,434,433,465,458,515,447,442,465,502,448,460,483,450,442,426,482,447,465,480,447,410,435,475,457,484,457,438,439,464,471,467,429,446,477,464,462,429,477,447,442,449,460,489,450,446,458,457,430,483,434,486,458,459,444,443,467,443,435,448,436,448,481,464,489,479,464,438,483,437,463,466,467,439,439,467,474,451,463,452,483,452,449,448,474,472,442,463,458,461,448,472,482,449,493,462,467,447,463,477,464,451,471,456,457,435,445,467,441,441,469,431,466,454,429,435,452,451,412,466,438,464,431,452,434,454,503,474,450,444,439,463,431,440,448,466,425,437,454,434,432,445,430,524,459,490,405,461,498,457,474,444,432,471,483,470,475,458,420,435,430,488,441,447,405,452,475,489,455,444,436,441,435,454,477,446,453,441,471,425,429,462,518,423,456,453,469,488,445,435,480,463,493,440,435,448,431,446,482,438,466,426,500,482,451,442,478,459,462,487,454,411,458,435,467,467,450,453,425,448,460,456,460,438,430,473,435,470,438,429,482,444,470,492,439,451,450,453,477,454,456,457,447,416,452,454,438,481,454,466,445,444,460,463,458,429,491,441,423,489,428,471,473,428,439,449,412,404,489,401,439,485,493,502,436,431,476,437,450,454,509,433,451,453,479,431,412,466,461,424,462,449,476,443,512,437,449,455,456,426,469,440,471,436,464,404,456,463,430,468,439,434,490,460,438,432,469,455,415,473,437,426,452,472,442,484,467,436,460,412,457,420,422,414,465,487,482,489,473,455,434,453,443,486,463,436,441,463,442,464,471,452,454,420,466,456,490,455,459,450,471,472,444,443,456,475,448,467,446,461,444,438,443,456,433,437,499,472,467,485,453,446,438,471,425,434,467,481,492,417,458,455,434,455,472,486,461,445,439,458,455,453,417,436,437,415,427,426,432,443,443,437,448,491,482,480,436,448,443
112,41069226,456,455,423,457,502,456,558,434,469,446,407,443,479,452,473,511,486,497,431,484,461,462,488,491,469,443,471,489,489,435,508,443,484,516,475,442,471,486,486,517,485,456,489,456,493,473,490,469,473,456,445,447,443,497,440,465,464,448,480,521,424,470,471,459,482,453,483,476,468,461,471,477,479,476,469,454,463,472,457,473,469,420,505,493,443,480,537,507,452,479,477,494,486,466,460,448,479,431,492,446,463,452,497,446,467,485,488,472,492,449,486,496,438,468,461,467,441,468,388,450,514,487,467,478,484,464,440,472,507,465,477,412,457,398,451,482,435,461,422,453,448,428,448,434,455,460,472,512,433,440,417,446,515,487,479,462,493,424,465,491,488,485,519,458,480,446,478,465,492,508,453,471,487,453,444,455,480,485,497,443,445,494,511,460,510,424,488,485,454,448,434,505,435,464,472,457,497,450,497,525,429,466,471,490,479,475,459,443,432,428,517,473,483,499,434,449,534,473,462,461,450,481,486,488,429,492,478,509,465,451,421,461,411,440,500,451,446,461,481,472,418,470,454,463,475,453,468,431,499,492,467,479,449,468,469,420,488,456,488,469,501,463,453,483,482,489,460,467,465,477,431,523,429,504,499,482,446,449,421,461,423,514,451,464,468,535,442,459,486,452,482,442,492,441,472,504,480,522,509,409,448,478,495,462,490,460,521,476,523,444,477,464,440,460,449,502,477,457,426,494,464,424,510,493,425,490,466,476,489,435,468,475,444,453,483,469,417,465,459,453,446,479,468,442,492,506,444,450,517,511,479,489,464,428,477,462,491,460,470,437,483,450,434,498,485,470,473,501,483,461,436,417,473,488,479,470,474,449,544,455,438,472,427,525,473,500,472,463,475,481,462,471,467,499,469,444,482,512,498,514,471,426,464,484,476,417,482,445,476,493,450,460,452,454,484,454,464,493,502,485,494,544,456,470,438,433,498,456,469,525,446,472,440,455,447,457,477,446,428,482,433,444,446,477,432,468,471,478,462,464,456,437,483,448,473,500,396,462,493,444,457,444,420,495,469,483,524,487,472,398,485,487,510,459,464,478,458,531,437,481,439,444,452,444,457,511,484,480,453,459,452,449,419,477,490,438,462,493,445,472,466,475,481,467,449,474,451,451,459,467,446
112,43690666,522,509,498,492,512,518,537,511,497,571,500,449,500,482,554,513,530,522,481,488,509,479,486,459,485,588,484,492,454,480,481,502,445,502,492,480,529,548,493,511,445,511,506,535,465,476,484,514,479,484,439,468,489,457,477,438,538,496,490,490,496,503,492,477,520,447,498,465,499,502,464,575,509,430,524,498,511,520,501,489,476,455,541,480,503,469,489,512,531,453,505,472,461,482,442,494,496,561,438,483,536,492,540,483,547,498,482,549,495,434,514,530,487,502,532,452,512,552,558,477,535,505,487,460,477,485,485,414,440,518,485,485,443,480,450,479,507,487,530,502,491,499,498,526,502,503,498,491,489,411,560,513,531,579,511,531,519,498,548,486,497,503,483,536,494,516,499,499,506,504,488,523,522,521,471,461,465,525,533,509,522,489,521,475,542,533,474,550,440,530,517,500,499,517,562,478,502,500,493,522,458,487,467,460,480,468,536,437,479,528,518,503,468,521,544,515,497,483,477,537,455,463,508,545,509,501,445,484,476,520,470,462,515,522,511,566,485,535,482,461,522,495,477,520,479,478,482,517,509,501,497,467,505,495,459,495,519,457,501,514,451,448,551,535,527,536,510,510,429,492,448,466,527,511,456,466,464,469,523,533,524,543,501,526,523,518,475,535,483,488,512,475,527,481,489,471,444,492,466,532,540,484,456,491,439,461,485,459,495,502,456,473,523,495,464,542,479,540,506,496,487,465,507,480,461,509,508,502,576,468,458,464,529,488,512,448,481,515,505,501,502,488,488,489,471,517,514,516,483,517,456,503,530,561,547,532,490,501,478,490,498,514,449,457,523,460,499,465,482,522,531,491,468,567,553,516,511,471,518,486,490,513,477,534,510,496,484,493,541,513,533,493,498,538,488,467,509,468,468,462,522,476,499,476,480,523,486,494,499,499,476,519,494,498,549,482,475,483,469,476,514,443,468,468,505,497,523,478,532,508,530,483,487,487,517,486,511,541,491,528,489,480,429,543,490,463,516,540,519,508,495,502,498,504,501,495,483,474,479,493,486,574,460,522,506,481,476,491,526,524,470,495,482,477,533,524,512,491,465,516,495,556,523,518,483,508,521,540,541,462,538,485,472,488,497,503,446,503,476,466,545,512,496,524,525,456,465,468,521,519,554
112,46312106,597,587,505,558,501,529,543,491,562,535,522,514,487,544,592,591,571,569,550,562,543,569,504,528,551,553,503,556,501,588,595,561,589,577,502,531,492,560,548,542,531,534,551,546,515,552,546,543,541,512,581,530,558,509,535,530,590,539,521,537,520,565,545,526,539,564,512,562,522,600,586,545,508,542,561,537,540,535,560,569,539,555,517,515,506,506,511,591,514,509,521,565,477,563,568,531,521,520,556,493,559,483,511,499,537,504,495,530,528,525,524,485,479,538,488,569,569,547,576,580,597,585,570,555,522,502,500,532,543,598,549,595,568,535,587,504,532,546,548,604,532,535,472,530,529,571,536,575,569,524,538,574,543,530,528,545,519,521,582,556,598,571,548,570,571,527,600,530,511,538,592,547,562,541,544,528,581,565,548,526,534,547,537,570,535,545,518,543,552,522,584,538,552,564,578,525,550,528,548,576,503,530,604,603,562,553,503,561,552,527,530,528,510,547,524,561,544,598,542,489,538,601,564,624,542,504,549,512,584,497,556,492,569,516,553,608,543,538,585,586,541,511,534,545,574,543,505,551,572,614,440,511,531,512,556,587,539,506,567,568,552,535,576,524,509,505,523,516,579,507,504,502,548,530,543,548,607,530,557,548,493,596,525,515,527,501,570,529,510,589,525,603,560,549,621,570,504,564,531,582,556,525,546,491,529,541,545,621,585,584,584,528,517,593,541,510,547,528,541,578,592,608,506,540,564,582,517,526,566,484,589,560,492,569,516,521,546,524,592,515,550,625,520,525,538,595,480,577,546,552,570,488,509,504,547,491,539,524,538,528,497,562,574,542,546,502,584,448,535,519,550,548,502,544,492,565,522,528,515,530,546,587,551,560,562,531,565,537,552,572,614,554,520,523,569,580,537,503,523,474,543,560,475,524,547,576,458,561,567,493,540,603,578,547,547,599,542,545,569,553,588,529,489,564,587,549,558,559,561,560,589,521,583,501,543,519,520,543,541,516,576,470,602,546,514,572,564,544,519,565,574,561,532,554,563,585,563,590,558,549,525,573,510,527,574,516,531,539,550,580,551,513,545,525,593,639,564,517,592,573,586,489,529,554,569,511,544,543,594,551,544,601,555,538,546,537,550,564,551,503,545,546,560,536,570,506,578,529,560,509,572
112,48933546,563,594,575,532,551,541,617,516,511,613,576,551,571,562,562,594,545,565,551,601,556,582,551,563,548,537,540,625,508,595,570,544,584,617,521,552,544,597,557,515,533,553,558,538,521,544,515,510,520,513,569,468,584,549,550,562,550,587,560,616,524,631,621,561,527,536,547,555,615,507,572,597,541,529,566,560,573,559,568,516,600,558,581,524,599,570,518,537,566,573,539,536,556,523,508,621,571,607,545,548,593,521,603,544,533,566,542,532,599,542,543,549,546,555,567,573,592,547,538,605,580,506,595,558,552,550,545,545,561,583,575,548,566,533,573,625,547,610,523,560,575,576,583,557,562,535,539,549,578,590,572,586,571,597,519,568,507,609,635,622,599,593,523,567,556,586,526,550,553,556,518,587,594,582,545,535,551,635,596,578,615,585,561,519,549,574,596,515,557,568,521,530,525,533,582,516,568,587,560,649,587,593,561,513,596,602,541,534,515,577,518,552,558,551,544,601,556,583,489,587,524,513,548,532,534,571,595,572,567,576,593,564,553,564,554,580,624,578,580,557,558,596,585,575,587,555,533,537,564,513,554,527,548,573,591,553,570,604,581,607,537,573,572,547,524,602,565,568,521,559,575,531,541,522,535,607,567,581,586,540,536,510,562,570,553,568,537,500,569,528,579,538,504,556,581,566,573,559,544,566,608,576,604,569,554,519,571,590,503,587,588,536,615,535,512,567,609,594,550,504,580,526,573,554,500,547,587,513,510,569,537,543,531,567,597,530,564,602,601,540,573,577,559,580,562,561,559,588,630,552,516,556,569,525,580,611,599,540,568,509,563,527,568,525,572,533,600,525,504,541,567,584,602,533,592,573,607,532,564,580,579,576,553,577,539,598,540,537,544,521,617,524,565,582,539,640,605,574,605,604,545,617,594,559,553,533,541,578,559,596,505,564,587,576,532,492,602,565,547,556,563,563,567,597,569,557,570,540,489,576,562,555,631,604,614,551,549,580,605,500,526,502,590,573,544,546,538,573,585,575,581,595,576,554,615,564,558,560,610,532,568,526,593,482,589,552,598,527,546,539,614,539,598,590,554,553,538,547,588,536,549,554,606,536,592,572,542,504,555,589,582,581,581,536,562,538,500,535,569,587,549,590,570,587,564,568,587,549,557,582,530
112,51554986,566,557,598,566,509,595,552,580,570,552,641,585,520,588,589,555,582,527,566,556,607,578,581,510,577,555,559,592,560,567,607,606,577,571,542,529,618,616,590,624,574,614,580,576,530,571,526,571,572,569,600,505,568,555,551,602,606,554,553,559,558,554,595,569,559,565,576,569,566,571,550,596,543,549,580,545,612,586,590,599,582,565,537,575,572,550,579,527,628,592,600,566,565,571,529,560,563,584,560,618,544,548,528,557,603,585,587,532,623,567,545,605,589,546,572,570,581,617,595,579,567,567,587,571,529,573,519,597,567,578,597,573,553,617,582,559,582,575,571,613,536,561,534,576,576,569,548,531,629,593,557,587,594,569,621,618,602,534,571,558,596,549,563,558,547,546,550,551,588,602,588,593,575,594,609,611,554,587,559,538,561,607,571,580,531,543,567,532,595,619,565,557,650,572,617,572,536,588,574,587,574,614,594,610,595,529,533,559,574,587,602,615,570,571,579,576,569,658,625,587,590,622,531,544,588,594,579,554,593,529,571,544,543,577,545,518,572,558,519,625,574,588,542,569,590,566,553,541,581,605,581,581,567,596,634,566,503,563,604,553,537,561,556,547,535,585,508,564,572,565,549,578,536,607,585,536,579,555,592,609,538,624,571,567,530,597,572,605,592,598,577,587,571,553,520,488,561,547,518,625,602,587,595,535,564,560,571,543,569,621,580,589,563,611,574,563,586,550,634,582,572,585,551,579,630,608,577,542,593,569,532,586,571,544,575,595,605,526,600,568,546,547,606,584,577,557,572,511,594,581,542,578,528,555,509,573,603,577,577,536,546,611,559,551,547,542,537,565,617,528,553,573,612,550,618,662,601,566,534,530,640,581,580,582,545,530,547,558,629,564,598,574,595,567,581,563,538,651,559,554,602,569,605,551,603,560,547,562,541,578,590,536,619,595,614,541,557,601,487,542,545,609,573,633,575,585,522,525,535,546,582,595,614,616,575,555,598,587,574,533,616,546,568,564,585,583,609,535,548,570,571,587,522,551,526,542,619,595,549,554,567,597,547,591,589,561,534,592,588,545,545,643,629,581,567,576,573,546,609,586,597,560,575,594,616,596,628,589,555,559,531,563,543,575,523,593,533,548,597,585,597,630,546,548,572,527,566,543,583,548,624
112,54176426,563,573,570,567,587,543,605,602,592,587,573,609,616,632,556,546,582,583,546,566,603,555,611,575,580,565,635,589,567,564,578,592,560,588,551,558,594,597,555,582,626,625,604,536,574,574,615,599,659,599,563,602,551,537,537,537,573,580,607,565,566,553,616,564,557,583,578,547,537,587,571,581,561,601,564,604,555,535,565,622,605,609,530,597,562,618,625,515,542,580,579,528,592,563,538,588,579,625,563,590,548,582,561,580,592,583,610,545,530,497,559,581,550,665,592,599,598,638,528,593,562,567,580,535,577,568,552,571,525,603,582,579,604,565,605,533,583,563,584,554,578,562,621,597,630,585,578,581,539,546,607,584,584,581,565,630,557,553,570,584,602,633,629,575,568,563,611,604,590,566,584,564,526,547,604,592,616,612,540,563,652,560,575,577,590,601,516,549,574,571,569,606,569,562,535,575,602,621,587,631,510,510,555,589,549,564,531,572,595,614,538,593,578,569,602,598,562,563,535,557,578,553,584,536,586,584,558,599,571,570,574,565,540,531,583,585,511,592,564,563,589,550,627,579,572,516,582,557,545,558,565,564,577,548,565,586,578,610,574,570,554,592,568,513,600,607,604,551,618,529,583,627,609,567,596,530,601,595,637,605,595,563,532,576,621,570,591,602,565,574,596,554,575,568,582,580,590,570,553,563,556,575,574,615,584,569,576,612,580,587,577,575,587,606,585,588,583,529,595,555,607,631,573,577,571,581,582,597,583,569,597,584,616,609,546,589,615,613,524,576,566,607,536,529,567,538,559,611,616,530,561,579,567,557,582,583,616,585,561,650,574,558,606,564,568,574,627,595,572,599,562,585,618,575,628,597,609,593,569,572,588,589,583,566,533,547,577,563,561,547,572,531,605,553,571,554,603,549,575,588,573,587,568,595,585,573,624,601,563,579,524,572,637,589,681,554,611,562,541,540,564,556,534,586,541,568,609,632,567,600,571,592,557,590,604,583,574,557,572,624,574,581,580,605,527,572,594,625,533,639,607,592,595,545,579,519,623,629,593,512,574,566,573,584,585,601,539,604,559,564,532,618,560,584,557,621,631,611,537,582,611,571,556,576,548,565,561,584,565,600,593,578,529,570,588,571,589,534,509,567,623,602,597,530,616,576,608,551,538,589,559
128,27962026,450,479,496,461,437,455,469,456,402,463,469,478,453,472,450,428,445,477,433,445,453,450,489,467,468,486,396,453,434,469,463,432,434,434,472,427,462,451,392,474,430,448,438,414,464,438,478,494,463,437,453,474,463,466,470,426,523,488,454,482,467,433,431,431,453,441,456,464,447,434,432,445,424,498,436,447,461,492,473,438,436,493,443,443,442,440,459,474,452,443,470,407,425,450,434,426,443,459,468,444,443,449,478,461,448,418,445,459,422,426,463,473,428,439,434,433,474,467,458,480,436,457,486,429,427,421,461,501,474,447,442,463,455,429,426,458,456,429,430,450,478,442,440,444,463,455,447,432,472,430,436,443,465,471,464,443,429,432,450,454,457,453,444,449,455,479,451,491,426,455,445,475,447,436,428,429,477,431,451,438,450,427,424,445,432,500,456,471,448,470,436,439,458,425,443,436,419,451,424,458,440,424,453,430,474,457,448,444,504,449,432,432,507,405,408,465,424,496,463,412,524,466,459,453,494,451,436,472,500,428,462,461,480,467,447,476,429,451,476,436,466,467,444,448,434,489,481,447,452,409,435,403,445,472,443,448,444,424,456,436,453,479,463,450,463,451,428,454,462,447,428,423,410,445,427,433,437,462,460,407,454,425,443,449,439,461,467,444,470,422,458,463,467,462,447,505,448,440,431,451,429,438,434,436,450,416,445,465,446,490,459,416,418,453,515,483,420,437,472,455,427,430,452,450,477,427,448,456,470,455,475,453,419,460,447,453,424,449,480,427,444,453,439,449,432,540,478,492,443,478,454,458,464,460,427,439,426,446,427,425,419,444,416,457,447,436,431,473,446,428,423,443,409,425,482,432,455,444,447,462,462,474,416,448,447,439,425,441,468,479,431,444,460,424,469,467,433,453,482,437,464,431,465,424,444,406,435,443,470,457,474,448,473,439,440,437,504,451,451,439,405,453,417,486,417,438,445,443,450,470,473,495,450,464,450,490,471,416,419,452,468,457,388,445,466,458,422,463,456,444,438,444,453,453,470,443,462,432,521,459,442,455,458,481,456,480,460,476,458,453,432,470,442,437,458,448,464,445,437,470,425,435,447,446,443,462,469,426,437,464,461,449,456,436,450,425,445,470,438,464,451,483,462,423,444,414,427,416,398,411,418
128,30583466,435,462,479,464,482,464,452,420,457,471,452,445,434,461,462,458,455,445,462,443,486,462,443,460,448,423,415,445,488,456,457,431,434,438,453,431,491,449,466,458,499,426,477,437,487,423,455,461,464,455,460,501,496,442,409,446,439,428,429,442,483,475,453,452,462,437,439,437,429,428,461,519,459,465,432,423,457,446,469,456,441,424,468,464,462,464,475,428,487,418,411,461,436,475,477,425,436,482,474,460,444,451,444,426,445,436,440,451,448,431,457,438,459,430,446,488,467,463,462,469,475,479,445,449,512,472,399,428,424,450,444,472,482,427,418,435,496,451,432,461,437,449,486,481,466,464,428,451,448,437,468,445,448,457,457,432,456,480,432,419,447,466,427,468,438,486,430,456,464,456,495,487,407,423,464,452,458,483,455,433,434,472,482,484,405,460,450,454,438,464,500,487,472,446,451,471,487,513,466,496,471,472,452,430,456,459,463,428,450,465,451,442,449,461,426,446,461,467,448,450,443,435,435,475,438,466,447,437,434,471,417,448,491,446,434,457,421,484,444,466,470,456,432,443,432,445,480,462,444,411,473,437,480,448,445,419,441,466,449,424,456,432,433,478,463,446,462,408,444,459,472,442,452,501,448,457,426,443,448,441,451,430,441,427,423,461,458,427,489,455,477,457,459,455,444,429,436,495,470,449,458,467,442,470,481,429,424,419,424,436,447,440,483,436,448,434,435,490,516,471,415,461,472,428,458,435,408,447,455,454,440,417,445,441,464,415,432,431,461,433,441,445,477,436,420,429,432,451,436,445,470,446,431,455,493,478,471,467,437,434,448,433,454,416,473,431,453,418,434,464,450,446,488,423,442,471,446,455,445,422,455,452,459,423,437,427,470,444,470,440,433,479,461,438,457,458,460,428,459,421,462,475,437,437,460,481,445,481,452,487,466,458,452,450,476,472,522,430,474,444,456,456,426,480,424,433,459,450,479,446,429,437,479,457,457,477,453,458,467,461,470,501,462,431,475,481,440,437,442,420,486,467,435,471,418,429,428,445,479,464,473,446,478,454,419,448,469,424,433,410,447,453,472,430,427,484,467,423,455,460,431,451,425,449,472,471,449,447,426,497,459,431,426,445,467,435,488,461,441,477,464,439,437,471,443,435,454,470,455,462,434
128,33204906,507,449,442,430,468,452,467,457,466,446,442,452,447,445,485,452,452,452,415,431,418,467,449,438,472,474,444,426,452,418,468,483,487,428,525,451,489,442,467,463,465,424,427,435,436,432,426,437,459,462,486,462,453,418,432,445,432,435,450,445,504,443,437,445,470,421,444,465,404,474,450,467,462,477,430,476,453,426,452,448,425,453,425,476,482,431,470,427,456,442,470,463,455,419,426,453,449,439,460,456,462,479,434,490,468,456,459,451,420,479,417,436,480,448,443,425,434,427,500,443,460,436,450,481,479,469,447,467,436,477,445,437,443,414,438,458,445,451,425,460,416,456,458,450,484,449,445,451,468,475,431,481,488,437,424,432,459,476,483,449,447,476,464,467,467,445,452,471,428,473,456,458,496,434,456,417,461,454,480,458,448,478,441,459,459,478,454,440,436,452,430,455,467,457,478,450,453,470,460,473,442,469,427,426,451,445,490,442,465,442,440,423,476,480,439,446,447,468,464,498,442,426,488,406,481,440,427,415,436,496,481,421,445,472,451,450,464,437,493,498,452,451,435,439,460,453,447,466,434,412,489,425,450,515,450,476,494,492,444,423,457,424,439,483,450,467,468,455,447,454,441,442,494,432,468,451,455,443,455,474,465,451,493,436,428,479,459,451,465,494,463,469,455,437,433,413,496,443,437,524,453,470,461,451,450,466,524,463,460,428,461,444,452,464,426,437,470,453,439,430,490,440,427,432,443,475,469,507,467,438,425,448,435,509,426,464,437,466,437,419,464,437,426,464,500,452,450,438,450,480,456,456,422,467,477,449,420,446,440,457,454,433,457,467,433,433,442,426,457,440,483,434,449,453,445,438,468,473,435,443,459,476,405,460,466,448,443,442,451,415,455,443,458,451,485,480,463,447,449,462,430,480,432,486,468,472,467,425,476,453,440,418,466,490,493,482,478,475,416,434,441,449,440,446,487,425,474,478,522,435,439,423,429,481,427,480,450,449,475,432,462,448,443,444,453,477,433,466,462,457,441,485,431,453,437,436,476,471,451,439,452,472,430,469,459,433,433,438,446,438,455,454,450,384,461,430,456,503,426,456,459,468,479,427,471,464,429,456,438,472,453,454,408,457,464,473,434,470,455,481,460,459,450,460,448,454,464,442,454,445,427
128,35826346,451,457,455,453,453,462,440,435,479,445,449,437,476,487,481,463,455,482,449,470,460,449,428,450,462,440,431,445,489,452,471,446,454,476,455,444,486,470,489,485,420,437,464,438,486,497,437,453,453,411,452,416,458,498,442,445,491,428,409,439,466,438,463,447,430,450,442,511,464,459,490,437,449,452,464,419,439,438,467,460,481,443,442,448,448,485,471,459,441,426,489,508,437,451,519,406,444,458,434,440,459,455,456,425,435,426,417,451,432,446,453,483,465,439,445,455,456,470,437,454,453,424,473,472,446,446,444,446,444,462,439,416,480,467,475,432,447,443,430,444,465,482,454,444,444,411,446,434,426,427,447,469,475,490,451,440,437,453,443,473,479,492,451,433,459,455,439,443,408,469,443,453,420,454,453,482,447,469,457,425,474,449,409,441,416,461,452,476,514,475,446,481,461,418,435,423,456,445,444,464,461,449,462,454,456,518,419,458,466,428,448,476,460,466,479,466,443,424,442,463,492,418,454,466,454,457,448,473,467,448,455,466,469,486,442,448,439,489,454,445,460,461,447,442,477,423,454,484,467,483,453,424,406,480,472,444,449,459,427,440,438,487,492,440,456,489,459,451,474,486,458,467,446,496,418,436,433,469,465,444,459,469,423,449,445,464,461,467,468,474,506,443,467,453,462,459,493,436,463,459,481,427,448,462,424,446,459,428,469,472,442,456,506,502,478,448,450,452,482,437,417,444,457,496,428,467,453,439,479,459,428,456,487,449,449,476,427,429,472,426,456,468,465,436,459,466,458,420,465,411,447,432,418,475,456,457,459,436,420,408,469,467,461,432,449,418,425,448,428,426,464,473,419,479,465,453,484,418,435,427,502,431,452,442,447,438,424,509,452,435,489,426,465,440,465,493,442,477,458,467,420,460,440,423,435,436,437,494,483,444,437,472,409,439,451,444,466,465,463,469,502,440,472,447,468,449,429,451,458,471,479,448,408,463,467,457,489,435,457,440,445,431,453,434,480,445,478,456,446,442,431,493,444,438,452,461,438,431,429,435,448,437,439,457,440,436,472,464,446,468,481,402,442,456,449,444,449,463,459,446,440,463,481,431,465,442,471,497,417,469,455,414,446,480,413,458,490,428,475,494,486,437,438,463,461,462,454,431,446,431,448
128,38447786,461,459,460,437,437,448,423,471,462,419,476,523,480,433,428,477,518,480,443,458,452,476,470,483,411,433,453,481,457,474,442,464,489,466,439,444,438,481,474,451,456,449,438,489,440,466,468,453,469,452,466,451,440,464,461,441,492,459,437,467,456,446,449,427,477,507,474,461,433,464,446,440,471,469,460,464,473,465,451,494,472,455,433,435,475,442,444,454,462,433,470,445,444,456,453,453,443,508,444,454,480,457,431,428,486,436,435,424,431,445,458,504,459,430,467,437,438,441,449,458,438,431,451,447,488,452,434,427,449,506,464,426,432,452,456,449,428,452,444,456,461,450,447,437,434,454,437,469,486,490,437,433,425,437,478,471,481,435,455,457,469,455,449,445,436,448,475,459,489,460,502,436,421,428,427,429,420,456,459,432,435,480,437,420,471,408,463,462,457,467,417,492,469,451,450,430,470,429,491,464,477,472,438,465,447,460,430,453,438,483,455,476,428,461,469,436,470,459,476,430,455,439,435,444,448,463,456,473,427,486,458,476,428,438,435,457,459,451,500,480,438,424,477,465,480,460,463,494,444,487,444,445,499,448,458,476,474,427,550,469,417,470,428,444,481,419,464,465,443,465,445,474,453,440,432,421,485,441,446,477,468,468,480,458,429,467,480,470,472,470,450,426,470,436,478,482,456,454,435,438,455,455,456,472,477,443,434,446,488,443,441,443,535,453,458,451,438,456,462,454,479,453,430,430,460,433,452,451,448,458,446,489,455,449,472,462,440,468,457,489,489,453,471,440,457,462,458,429,465,458,449,439,424,434,457,463,438,469,460,478,464,440,444,461,471,449,474,457,486,467,493,457,453,479,428,460,483,450,480,453,491,457,451,408,455,437,483,437,457,443,448,409,479,465,471,468,431,420,445,444,477,450,436,470,464,483,478,475,449,470,450,492,459,429,473,430,442,488,473,477,449,419,453,466,460,413,479,428,440,478,453,468,456,440,451,455,461,474,479,467,457,455,449,439,456,490,481,433,493,494,411,438,449,417,427,441,453,471,489,446,468,425,459,434,437,432,471,478,447,452,445,464,460,472,452,427,469,453,506,459,461,508,441,424,475,449,425,460,464,478,471,476,430,446,457,454,436,449,468,468,442,481,447,460,430,455,449,450,480,458,458
128,41069226,473,440,505,462,518,478,451,474,450,479,495,463,458,561,428,455,492,474,506,475,479,476,467,500,451,473,494,468,469,471,511,495,457,469,489,479,586,480,487,481,460,452,472,516,479,488,486,468,483,470,470,484,524,475,489,478,487,485,467,472,442,458,431,466,509,467,478,491,477,464,459,439,496,462,469,466,435,479,427,429,455,511,495,457,477,450,460,487,474,483,445,435,462,474,467,467,469,435,476,482,478,483,419,447,498,447,469,473,471,460,500,545,444,452,475,463,502,458,466,517,517,452,490,440,494,448,524,481,456,490,524,463,450,460,455,541,548,472,466,420,522,425,462,469,476,462,462,406,443,445,482,545,472,497,512,472,487,446,462,451,476,472,473,458,471,492,477,451,481,449,515,468,505,494,429,487,474,490,429,506,492,480,486,467,492,506,441,458,469,511,475,455,462,462,437,485,474,499,484,474,481,473,491,499,473,460,455,464,444,489,472,489,469,440,459,437,528,460,516,481,476,456,475,454,501,487,476,486,475,434,444,545,440,463,450,482,482,489,463,480,435,485,476,461,471,469,452,464,446,504,452,480,447,487,469,484,450,457,504,468,457,508,469,450,470,516,442,437,472,447,465,516,456,456,439,469,460,429,503,440,458,460,523,481,459,474,447,480,481,455,449,436,447,490,468,449,468,483,423,445,483,486,466,510,510,449,484,465,469,494,441,446,492,457,525,496,518,449,485,488,451,457,452,473,427,438,475,442,508,473,464,496,440,441,493,465,448,437,456,479,439,436,452,471,551,462,474,470,462,484,455,463,438,478,481,449,460,458,495,477,471,481,439,490,462,491,504,450,478,451,456,473,450,460,469,469,462,484,468,462,467,466,463,480,467,487,460,490,519,432,523,479,423,454,480,521,479,480,470,479,468,492,440,526,451,477,425,455,494,473,449,439,447,479,448,468,451,506,441,459,434,483,468,455,490,535,451,464,495,486,439,469,424,488,495,420,440,505,442,455,463,486,431,465,466,514,462,431,459,528,498,482,485,462,451,452,454,468,477,474,471,479,521,474,445,456,466,451,435,507,473,484,469,464,495,494,431,462,492,495,503,515,473,468,465,469,501,484,437,475,425,506,480,485,470,457,500,488,419,490,459,506,459,506,492,517,440,487,516,464,474
128,43690666,483,575,557,528,541,458,499,529,457,464,538,528,521,556,454,541,480,506,498,521,502,505,504,483,489,458,468,534,512,469,449,543,579,481,505,512,448,508,552,568,492,546,447,519,451,496,517,508,539,510,539,459,570,536,525,551,520,467,520,501,497,467,507,498,506,483,490,505,508,531,521,514,533,500,467,531,531,467,479,553,532,463,481,513,459,512,488,460,506,470,464,552,570,481,514,531,474,474,527,441,511,497,563,542,442,563,485,506,490,529,535,569,488,489,484,564,495,547,494,452,626,485,492,522,554,467,490,487,578,526,531,540,492,506,494,516,503,521,487,514,465,509,487,487,527,467,485,511,504,530,509,510,460,509,482,512,562,526,481,492,528,490,447,461,494,462,522,458,544,491,501,459,462,540,522,475,489,561,510,489,550,493,463,464,505,475,494,489,481,487,505,487,453,460,475,482,498,545,528,507,493,480,581,485,500,518,494,551,488,497,507,521,475,464,499,459,537,482,521,514,494,503,501,494,508,483,496,529,508,490,521,445,470,504,523,534,543,544,530,508,545,489,516,503,497,455,474,544,561,540,526,480,500,473,508,520,520,532,484,493,464,462,494,475,519,491,483,487,501,537,523,494,420,463,532,465,496,457,509,512,489,514,459,552,506,533,489,496,527,471,572,463,473,540,514,525,509,543,498,545,497,489,482,555,502,524,507,487,446,519,524,482,536,477,538,475,519,547,503,533,516,479,469,504,498,517,573,483,464,499,473,496,472,462,529,564,524,495,507,526,496,523,531,485,537,530,584,472,472,468,511,475,514,497,488,527,507,489,499,490,548,513,520,486,514,521,498,510,451,517,501,527,583,509,492,517,491,499,512,476,534,477,487,557,463,559,463,513,559,532,468,467,495,482,525,474,537,484,532,522,520,512,523,551,482,475,530,512,521,528,540,523,491,543,540,459,516,499,491,547,522,509,485,514,480,534,518,478,519,489,491,526,508,509,508,526,465,483,472,540,484,527,504,513,517,453,518,486,503,529,493,484,498,495,527,515,509,500,496,511,494,513,530,522,470,485,515,528,468,513,497,546,535,529,548,513,530,483,508,475,520,487,539,502,527,528,459,521,498,487,487,543,488,505,498,484,458,503,462,564,476,513,514,529,520,510,532,462,493,486,475
128,46312106,647,574,577,557,553,561,545,530,580,506,543,548,577,545,517,575,590,579,651,537,537,597,624,563,538,478,550,525,629,576,554,554,608,568,552,528,513,587,493,512,553,581,569,571,594,576,574,548,606,584,523,550,508,563,575,554,532,543,582,566,543,510,603,558,582,530,550,529,569,577,521,579,555,530,510,556,500,551,515,561,501,528,524,492,589,571,592,577,520,579,559,509,552,564,574,534,566,531,550,565,539,588,545,563,552,570,570,620,575,583,592,581,570,560,513,542,556,588,558,570,598,526,551,544,539,587,518,571,524,537,531,564,532,574,588,530,524,541,631,545,540,573,524,567,607,549,530,585,515,593,567,607,518,595,514,561,580,541,591,578,598,577,497,549,561,530,528,523,585,541,578,554,580,538,590,555,525,556,582,587,560,507,552,534,532,503,560,530,535,552,608,637,531,523,558,570,578,524,610,520,615,618,552,541,539,492,558,565,528,569,616,535,554,568,498,583,598,548,586,530,556,560,550,553,522,503,531,528,528,595,571,555,646,542,565,550,536,568,543,560,566,499,530,625,514,594,522,546,499,532,591,583,523,610,603,515,499,545,605,535,552,540,554,561,561,562,591,542,568,575,566,535,609,563,578,559,509,572,540,562,551,538,569,567,530,537,557,587,513,569,555,609,592,579,585,533,544,546,542,534,564,546,467,495,579,558,597,589,535,539,532,530,588,609,501,559,497,547,558,527,592,556,591,540,581,553,518,528,536,545,553,554,574,500,590,554,542,560,577,522,569,580,543,538,577,571,568,538,556,583,547,551,503,552,544,538,559,588,590,559,571,635,615,558,587,553,576,587,566,480,562,501,543,492,559,555,542,550,528,584,521,549,529,574,578,514,547,635,578,547,540,529,545,553,608,536,487,571,636,548,595,517,553,583,487,526,540,543,554,512,550,587,589,528,526,528,599,519,549,519,567,589,544,592,595,514,559,558,574,565,515,522,514,596,552,570,501,569,577,568,530,541,581,601,540,558,525,560,573,539,560,510,553,538,510,494,605,572,513,590,510,575,579,571,511,615,547,558,585,599,580,531,574,574,517,561,529,530,530,553,573,562,496,553,611,595,540,576,568,589,478,513,565,540,530,572,581,554,578,549,548,509,574,498,581,542,533,550,537,559,551
128,48933546,588,608,567,564,582,581,518,593,552,549,590,554,615,576,618,557,578,585,589,625,579,545,565,559,556,617,628,531,561,595,590,649,509,569,512,610,613,617,582,522,568,573,574,557,559,529,577,642,597,549,571,571,559,531,594,556,596,546,538,524,540,612,583,590,579,644,638,560,572,579,524,553,585,583,602,619,559,632,556,618,612,568,586,535,601,616,600,569,519,549,598,548,557,600,565,526,535,616,535,614,572,558,531,582,557,597,610,574,561,590,598,553,574,578,608,604,602,579,559,581,600,523,582,610,605,572,610,573,623,568,616,548,589,579,551,588,558,551,619,588,592,609,546,600,566,577,581,566,582,570,569,611,636,576,595,601,581,604,578,536,538,547,638,594,588,572,580,573,617,620,582,556,573,613,568,563,527,567,571,589,579,558,539,605,547,620,539,596,547,609,552,568,550,583,593,571,539,546,580,557,584,587,604,567,534,583,550,560,602,561,581,576,562,571,590,565,598,568,570,544,581,569,609,550,534,592,573,625,604,579,601,581,589,567,574,513,602,572,595,635,549,578,607,550,649,539,539,560,567,579,553,564,578,589,574,588,596,568,574,574,550,565,606,559,565,524,601,592,645,574,595,552,602,537,617,556,521,509,583,559,530,592,591,598,595,605,580,540,597,581,534,588,584,536,529,587,602,570,570,587,519,544,545,632,553,611,572,551,558,556,588,591,573,574,600,547,578,566,544,586,575,595,600,550,596,509,552,568,547,548,589,552,581,549,561,588,580,548,547,569,496,555,551,557,549,593,615,565,567,597,571,567,576,561,556,600,563,610,564,560,573,545,598,534,557,575,570,521,598,569,537,545,574,610,560,540,594,599,586,555,545,565,586,605,581,584,592,642,587,587,633,622,545,593,553,599,603,606,581,599,589,570,570,593,608,572,576,526,578,574,556,553,577,534,574,560,556,529,514,594,611,562,649,577,601,538,653,546,628,568,581,540,607,564,561,556,562,645,520,554,571,567,573,565,637,560,579,624,644,630,601,577,597,583,576,562,546,609,557,595,579,566,588,571,571,604,571,585,547,507,561,564,567,604,563,616,547,574,629,566,568,562,599,574,556,611,550,605,542,588,562,571,564,592,574,590,575,557,575,600,546,531,578,677,564,596,604,619,562,594,617
128,51554986,594,577,504,588,623,625,533,586,590,574,597,569,529,564,618,632,552,579,579,571,585,598,593,569,560,566,595,531,562,597,563,636,594,540,570,594,634,589,576,560,601,548,623,614,589,647,557,593,604,568,591,622,598,589,569,646,611,563,521,593,588,599,556,595,571,530,624,569,616,546,569,589,609,571,539,584,581,585,622,558,604,616,572,535,540,608,570,576,588,571,614,601,558,603,552,615,601,575,621,555,568,593,599,569,632,560,609,605,566,610,624,554,563,548,616,555,588,606,574,572,546,602,597,597,558,640,569,603,575,605,575,622,617,530,620,594,589,642,590,578,589,613,579,658,570,557,586,611,552,600,589,576,591,568,592,548,585,603,551,584,538,587,623,559,523,574,553,561,561,571,574,621,560,584,586,603,589,600,574,565,580,554,602,569,572,641,577,579,615,589,591,606,618,576,559,597,603,626,534,569,610,638,634,588,628,570,532,566,596,564,589,623,554,571,554,586,563,609,636,546,599,639,586,575,557,571,531,607,581,611,639,583,587,648,596,548,595,556,587,556,567,610,618,566,619,570,616,585,618,595,612,628,639,598,570,594,596,558,558,559,603,608,587,581,597,574,610,592,557,585,583,609,565,599,537,579,599,565,601,623,580,621,595,560,593,554,613,595,600,592,542,588,620,591,558,560,563,572,577,628,565,572,574,634,595,565,596,601,597,595,582,592,592,552,596,561,581,582,560,586,612,563,643,602,589,611,594,592,575,587,549,594,547,512,591,586,597,586,620,577,544,580,588,613,587,585,592,567,589,598,592,639,613,546,540,619,625,597,601,597,600,608,573,569,650,579,564,580,595,585,573,583,556,582,654,571,579,562,567,605,646,594,606,586,551,580,597,576,599,605,567,547,593,575,559,565,571,609,635,632,589,546,560,604,579,551,567,581,558,565,615,566,613,610,575,580,610,610,594,592,572,586,580,546,547,593,622,615,572,582,574,602,595,612,592,590,575,608,542,603,651,595,612,604,614,542,634,601,590,608,550,624,641,580,588,548,625,578,624,582,551,604,558,592,591,615,597,565,564,592,616,632,578,587,568,586,611,567,522,571,558,590,573,614,570,581,553,586,582,588,543,611,605,580,577,634,581,581,644,620,615,588,575,583,593,588,565,567,593,554,609
128,54176426,599,605,584,585,548,597,544,611,564,577,584,594,565,628,586,608,607,539,569,583,640,569,595,568,604,598,629,561,576,615,550,602,640,559,641,583,641,569,607,619,567,596,593,568,591,581,573,608,623,588,586,611,545,586,560,553,560,607,563,591,624,591,550,538,589,596,635,601,643,617,572,570,589,584,576,560,587,609,628,603,610,592,598,608,629,572,569,575,586,620,577,611,587,625,687,622,601,559,610,614,599,542,577,602,576,612,571,596,645,603,555,533,566,616,620,583,570,591,583,594,608,582,568,566,578,545,582,612,570,598,612,583,577,562,596,578,607,588,602,642,638,580,612,591,592,586,560,582,592,590,570,613,587,596,582,569,561,547,595,552,577,596,580,637,603,553,588,592,616,578,615,548,633,620,600,597,589,591,581,621,637,630,633,590,557,591,612,589,607,627,620,588,587,575,575,590,567,609,589,580,568,609,554,616,644,623,586,589,636,594,577,587,556,564,597,572,634,633,606,570,609,609,607,594,609,580,624,609,649,544,634,600,596,573,560,576,604,591,566,635,577,604,597,623,594,517,624,589,615,601,568,568,597,638,609,606,610,569,588,573,590,628,610,582,577,565,568,569,633,565,607,637,587,546,572,587,594,661,580,610,655,576,580,527,630,603,571,635,601,622,587,628,605,560,590,598,628,536,612,653,588,557,608,608,561,612,610,626,612,599,621,625,575,631,556,658,641,600,549,557,576,615,636,600,590,587,563,594,641,629,624,647,598,607,632,576,581,597,586,559,609,606,583,618,577,580,577,576,589,587,588,589,625,550,557,614,573,545,588,627,590,581,614,537,595,586,569,608,573,578,629,591,606,619,594,590,563,616,616,615,591,578,589,574,612,571,556,593,578,575,560,614,585,584,552,566,579,578,577,583,584,593,557,591,578,565,598,592,612,620,568,592,596,563,629,605,596,608,604,572,605,572,571,576,599,587,633,628,601,632,606,607,591,585,598,588,590,584,627,595,610,576,587,562,561,628,604,560,593,582,594,562,564,573,659,575,604,636,550,562,629,588,596,544,605,626,604,578,587,569,605,638,534,586,555,600,622,609,564,597,578,580,604,553,622,602,588,591,616,640,586,600,571,579,540,586,546,610,599,575,623,601,579,571,670,577,597,583,559,617,557
144,27962026,438,385,457,416,407,415,396,446,424,388,434,406,425,403,440,423,400,437,442,434,401,425,426,406,399,448,413,390,453,472,457,402,438,415,415,403,427,416,385,408,422,408,473,436,398,382,378,382,437,424,422,367,388,423,397,457,425,393,422,390,438,442,402,443,421,437,377,446,459,399,415,409,409,409,365,423,424,428,432,439,410,409,439,415,419,406,420,363,440,423,419,424,432,421,406,389,415,434,422,400,449,363,380,395,416,387,373,329,394,462,419,409,408,400,441,406,408,370,429,397,433,413,402,402,388,416,406,398,405,397,424,388,357,453,424,403,487,417,416,464,406,386,444,346,423,432,391,384,383,421,433,391,448,411,416,427,465,411,419,411,387,486,374,414,406,425,445,434,436,324,411,425,404,407,427,439,403,384,436,437,435,441,426,382,390,444,383,457,355,380,376,439,424,368,368,419,391,405,364,423,380,377,412,423,438,389,431,413,388,419,437,451,451,377,423,419,425,422,389,437,406,396,354,430,428,423,422,379,432,401,367,442,379,367,436,394,429,439,389,443,404,415,425,423,415,389,416,427,409,409,458,391,420,425,392,423,432,415,405,463,419,376,393,420,444,436,373,396,428,416,397,346,394,372,425,366,396,385,434,380,417,443,427,447,396,395,339,437,395,401,465,369,378,406,388,381,397,465,417,405,422,417,424,412,421,376,405,401,403,370,454,386,393,418,409,433,384,400,447,458,459,456,444,419,492,448,443,399,409,367,477,370,400,410,418,413,467,455,415,403,391,399,411,337,394,421,403,381,398,412,490,421,380,391,397,400,474,475,411,427,401,347,412,469,451,374,436,386,406,404,383,405,420,445,411,438,398,454,411,371,424,398,380,339,436,380,367,422,409,403,408,409,437,392,419,377,424,391,358,402,454,418,436,428,401,381,392,403,432,423,436,390,430,401,395,469,445,410,390,468,403,391,434,443,390,420,371,394,397,389,396,427,404,430,443,414,399,433,439,419,397,403,371,418,401,428,423,425,414,391,441,447,406,423,438,406,422,464,381,427,409,430,400,401,402,402,401,385,467,416,398,358,446,386,397,447,401,426,435,385,410,409,403,372,435,387,380,424,399,417,411,385,440,379,407,366,388,443,404,407,440,442,414,458,403,381,441,419,449,374,414
144,30583466,394,440,450,443,470,456,479,436,396,422,433,443,445,453,433,443,448,405,426,443,418,431,419,457,448,457,449,471,369,445,393,438,412,453,460,398,441,420,386,434,396,476,443,383,436,438,443,435,423,408,433,434,439,434,469,417,457,427,436,466,426,466,390,421,432,416,434,439,453,441,427,435,429,398,404,461,441,410,423,441,412,425,398,419,454,435,488,434,439,462,406,421,420,421,409,419,419,417,414,433,469,396,431,427,458,442,448,437,434,418,450,401,421,393,406,393,431,409,411,413,435,441,472,443,433,440,419,436,405,422,411,416,399,402,440,422,453,437,412,401,418,431,429,452,521,404,415,436,452,436,434,394,450,472,457,403,412,414,425,433,471,389,432,484,403,423,444,385,433,400,469,432,459,439,407,407,483,455,401,407,425,457,456,462,457,452,466,415,382,437,453,436,434,445,442,427,436,446,443,437,436,462,397,456,467,454,416,423,433,427,389,416,429,442,435,413,473,413,457,419,488,428,414,439,422,466,414,476,416,427,465,364,463,443,485,430,447,411,442,402,430,428,470,441,468,436,386,447,452,387,406,486,419,428,450,405,402,441,390,438,527,431,439,439,474,414,392,446,424,426,444,445,442,429,412,444,466,427,442,413,395,422,456,462,470,491,459,459,414,493,415,452,406,445,447,431,411,401,424,460,469,416,405,389,406,431,423,426,421,379,452,454,436,399,447,406,452,476,392,432,433,390,413,419,404,388,477,402,460,404,443,437,446,439,429,435,455,425,471,411,437,453,479,472,442,429,443,410,417,407,419,443,439,443,405,443,408,443,457,422,398,410,408,452,433,424,487,415,419,477,457,462,453,461,459,393,463,456,437,398,457,504,390,445,435,409,443,425,458,444,418,412,457,462,458,403,476,439,387,448,406,478,419,435,452,452,387,415,460,446,446,413,436,456,414,444,449,422,439,441,442,411,441,416,411,393,427,413,435,457,433,434,434,412,451,431,445,429,432,443,410,475,414,471,439,398,442,451,488,454,476,412,452,443,391,421,404,471,443,473,407,432,443,426,419,451,418,433,414,440,427,392,439,453,403,424,450,438,445,436,440,434,420,416,466,426,430,411,380,402,424,426,451,417,404,468,425,477,437,483,498,413,422,413,408,461,437,472,450,421,483
144,33204906,411,449,446,442,433,438,475,467,427,420,410,446,424,478,447,456,463,456,443,433,476,419,442,467,457,443,417,459,438,453,479,429,485,429,408,481,407,427,437,425,471,438,411,433,429,419,449,427,463,463,474,482,455,460,452,444,455,465,474,429,402,436,441,468,439,420,403,434,478,406,417,420,401,437,435,436,454,456,439,452,425,494,417,427,408,420,443,433,423,424,483,483,493,396,426,425,414,439,476,452,463,447,444,484,448,452,442,459,421,435,461,419,474,472,415,475,419,454,463,463,447,477,422,454,430,414,463,406,434,414,458,445,467,457,454,485,424,453,464,456,468,453,463,427,446,447,426,404,442,425,422,456,458,439,442,470,473,482,412,447,408,453,401,426,403,456,501,428,447,417,442,436,445,426,460,440,418,442,421,454,430,446,433,457,451,442,408,448,446,411,438,436,435,444,434,446,459,404,417,440,501,443,415,460,479,451,490,430,465,410,411,465,415,451,431,444,447,409,459,475,423,438,484,408,435,448,447,442,457,425,463,455,444,426,436,430,399,442,440,485,426,472,424,439,434,432,408,443,464,448,461,482,425,437,472,469,409,474,435,431,375,425,434,433,482,425,439,452,441,485,411,460,439,444,460,383,436,456,440,443,421,418,450,435,467,429,452,429,450,454,433,415,437,441,433,424,458,436,442,472,454,459,440,406,467,480,462,455,445,432,446,448,423,474,446,445,487,425,462,465,403,443,454,453,471,430,416,455,477,419,455,452,479,474,495,443,424,462,446,461,417,444,432,490,453,445,471,415,456,436,461,411,447,454,448,475,462,390,477,487,427,427,440,435,469,414,495,478,467,418,454,462,448,456,445,476,433,433,432,438,431,486,417,455,443,425,446,505,438,450,440,411,442,445,446,445,479,432,452,451,443,475,469,430,465,439,445,425,460,431,463,473,467,432,426,456,448,419,405,442,454,449,435,446,448,445,453,475,510,454,472,458,438,440,438,415,413,403,447,446,454,482,467,437,468,462,454,447,409,441,444,456,435,466,458,420,446,424,445,442,454,433,441,441,437,427,473,429,439,443,446,427,456,418,451,466,440,487,467,438,475,439,463,443,403,449,445,436,417,424,441,408,435,464,431,433,447,437,441,485,454,412,450,440,450,455,437,445,469,448,425
144,35826346,470,465,466,468,461,406,468,450,443,455,417,416,435,437,454,456,472,450,470,454,443,448,500,437,452,445,450,431,454,460,499,457,452,428,440,478,489,464,444,500,441,446,449,426,423,444,442,447,465,413,441,434,466,458,500,480,424,489,447,472,447,419,425,404,455,539,451,443,440,435,441,445,452,473,463,437,429,449,424,416,462,447,472,449,445,442,474,468,443,440,444,419,453,439,469,440,465,457,457,415,455,476,459,443,414,446,430,462,456,453,472,459,458,443,503,440,459,437,463,466,457,433,444,450,460,462,439,448,477,447,414,465,435,487,461,438,435,448,465,436,450,422,449,442,452,484,445,484,456,427,416,465,443,460,426,454,458,427,450,479,471,421,446,438,462,471,446,506,446,480,408,405,448,438,452,469,464,425,428,466,433,448,437,434,434,474,450,438,434,445,447,419,442,462,423,414,420,439,465,417,492,426,462,460,467,449,477,425,451,462,438,449,463,432,459,466,446,422,456,464,496,450,454,462,454,455,447,466,482,444,431,442,480,444,476,427,483,465,472,440,440,432,460,445,469,441,446,462,450,460,485,434,480,453,443,453,465,448,467,450,433,454,466,421,443,467,460,432,463,458,479,482,478,438,431,445,444,436,476,416,459,452,464,439,465,424,434,454,463,449,463,412,464,459,442,442,421,453,489,461,474,465,481,446,473,456,467,433,462,446,435,463,463,455,435,462,442,439,463,466,444,470,427,431,461,437,480,449,424,457,439,500,408,436,497,425,435,464,433,481,452,444,468,436,455,450,460,463,449,448,435,468,458,474,439,428,431,450,465,452,431,462,464,453,441,452,406,436,443,463,453,453,423,476,422,419,453,435,435,478,456,452,417,452,433,474,425,469,446,488,461,445,444,447,461,440,444,498,447,425,494,493,436,446,479,447,425,399,425,441,427,409,413,472,466,462,464,482,449,455,435,453,452,416,462,469,452,439,447,420,472,452,450,439,460,466,463,494,445,460,478,436,465,461,460,493,473,446,456,476,465,452,470,456,512,516,444,473,439,472,431,434,469,481,454,458,424,439,478,484,445,447,467,448,415,464,439,416,479,467,453,444,457,449,428,424,447,424,483,452,476,437,451,456,462,489,483,458,490,470,482,446,425,445,418,455,468,411,409,426,440
144,38447786,432,457,434,426,447,442,445,448,443,427,446,447,458,492,449,475,414,446,475,448,449,432,454,451,458,435,446,463,457,456,511,429,424,438,413,427,464,468,413,426,432,448,463,505,453,455,451,470,439,464,469,449,422,443,435,457,456,430,452,442,435,449,436,461,441,427,461,487,466,481,431,427,465,452,437,465,428,426,469,471,503,459,467,431,450,419,437,444,468,444,469,477,428,451,437,473,439,425,465,460,463,465,455,464,477,470,497,445,464,443,420,436,477,444,423,482,459,406,451,492,488,412,477,469,447,469,424,466,421,466,436,426,481,501,415,463,431,454,453,458,421,466,484,476,434,438,464,466,450,454,465,438,426,469,451,439,441,442,465,467,446,477,446,439,419,425,434,436,457,468,455,467,440,429,439,465,430,441,459,476,396,447,443,471,418,443,434,460,413,456,460,455,482,486,472,427,465,446,478,422,450,436,449,469,447,448,456,420,453,440,454,424,436,446,485,417,429,453,464,441,490,486,445,527,431,487,446,436,458,449,453,422,437,468,433,444,479,455,454,456,438,432,427,452,456,463,465,483,441,433,433,461,437,446,472,414,450,461,446,478,415,443,444,457,454,465,423,448,497,426,457,436,425,428,477,447,426,466,464,459,439,462,435,415,439,456,479,475,452,432,462,489,465,469,437,478,466,426,437,446,513,431,455,485,456,469,447,461,469,446,444,445,444,448,436,426,434,474,462,456,450,469,498,476,457,489,454,449,452,476,447,463,449,430,419,417,473,451,455,458,477,478,453,451,424,445,460,485,454,435,452,445,411,452,499,468,471,472,468,469,460,423,444,453,459,469,497,462,504,488,457,457,457,468,454,472,455,466,479,443,426,441,447,458,437,464,474,448,467,452,429,446,447,491,471,471,470,445,458,509,459,440,480,458,457,458,473,455,440,485,457,459,420,462,436,445,483,444,424,437,442,468,425,464,435,450,425,448,472,481,475,473,442,447,434,435,479,428,418,479,449,504,446,435,437,426,427,475,458,460,475,426,460,479,448,425,428,458,441,437,478,447,487,489,431,427,419,413,469,453,465,434,454,469,463,445,462,426,457,474,476,469,444,443,458,453,459,437,431,452,471,474,425,441,447,446,444,413,434,453,432,481,489,454,460,452,466,464,446,443,434
144,41069226,446,481,455,443,456,464,446,487,448,431,438,453,452,476,489,404,434,505,486,472,483,469,436,450,450,458,437,490,464,439,499,437,466,442,484,469,473,458,440,472,456,457,437,450,447,451,476,496,444,484,497,462,471,472,484,490,428,488,446,509,436,493,496,455,462,448,465,458,447,463,502,408,444,470,452,478,465,438,458,474,431,494,475,473,441,458,481,448,444,426,449,446,438,434,469,436,431,446,428,450,471,451,470,436,501,455,428,451,458,437,435,433,441,468,488,414,446,462,470,478,489,490,436,434,494,475,482,437,422,471,448,457,479,481,454,445,471,493,440,474,454,468,476,421,461,469,436,470,453,452,431,468,438,473,454,464,485,457,440,450,455,457,399,463,451,486,450,524,472,457,481,461,447,487,433,441,469,469,427,426,456,536,461,474,439,429,461,444,415,453,439,494,460,435,484,460,467,464,474,447,463,401,485,468,491,447,414,489,475,477,445,439,457,425,481,504,465,447,476,523,454,458,459,442,485,478,458,450,475,466,466,448,482,462,440,476,427,467,485,462,456,458,438,463,462,511,501,473,432,434,469,429,524,414,458,482,471,440,467,446,471,467,457,442,446,438,458,447,449,443,476,449,448,471,449,409,455,429,457,438,454,429,459,484,473,457,425,466,455,520,440,477,502,462,443,435,473,491,468,464,446,454,451,438,458,460,491,455,482,440,467,468,466,482,436,446,506,492,423,443,430,444,459,461,506,451,454,468,466,437,471,454,528,466,500,457,507,469,459,465,437,443,468,445,443,468,477,454,455,446,433,443,465,495,465,487,480,482,459,439,447,432,458,452,444,432,419,433,493,463,471,448,513,440,450,434,454,428,455,462,438,430,440,467,455,469,465,427,460,457,483,472,451,458,493,466,487,448,486,489,531,451,458,474,449,459,478,447,466,481,470,489,463,496,431,488,442,476,461,461,481,493,486,505,428,465,449,452,468,460,483,490,479,461,448,499,466,454,508,470,438,451,500,508,459,476,437,464,441,499,456,450,496,464,483,449,443,467,450,439,444,436,454,448,450,479,485,419,483,484,501,428,452,440,496,453,474,458,440,469,455,468,478,470,440,447,490,434,487,460,447,449,477,472,462,434,460,450,474,439,464,473,481,459,501,423,431,460,430,494,432
144,43690666,508,497,459,460,472,449,446,462,462,461,433,483,481,464,485,453,481,500,502,478,521,505,495,507,496,549,482,492,435,481,480,444,474,472,472,467,427,510,429,466,499,477,463,463,478,460,479,487,473,485,484,469,469,459,466,489,471,437,443,444,468,544,482,470,463,445,455,467,448,499,428,477,498,454,474,450,465,542,449,439,487,425,501,494,496,446,461,462,456,465,477,527,460,487,481,487,500,467,470,454,451,470,498,445,457,456,464,465,470,464,496,447,493,474,443,508,440,480,445,454,480,487,462,494,468,438,457,442,462,430,446,448,500,482,492,479,542,458,502,459,506,447,471,460,480,434,523,430,445,499,509,477,448,454,490,533,486,483,428,460,445,475,443,417,474,448,469,477,510,447,480,486,545,454,499,489,494,486,493,556,478,436,450,501,496,493,496,440,497,477,434,526,484,457,471,440,484,476,465,439,469,480,466,501,491,472,446,504,480,519,476,462,478,475,479,509,510,448,477,514,451,513,466,425,490,497,466,514,495,512,458,505,464,458,459,456,462,456,455,460,480,440,484,489,469,509,455,498,468,483,511,456,488,453,495,461,462,524,468,474,510,476,547,464,427,449,485,472,465,481,495,455,471,456,491,450,527,481,462,450,497,454,470,457,460,459,488,521,444,461,480,482,453,455,474,492,511,449,557,461,497,543,511,463,481,496,450,461,455,415,464,462,410,501,486,499,530,461,535,461,465,484,446,510,505,468,528,482,465,459,451,503,463,482,484,460,505,445,511,449,463,480,464,478,469,462,468,454,499,454,465,482,476,474,469,498,492,455,506,505,473,466,502,477,432,457,459,497,420,467,481,477,458,460,469,495,486,479,483,436,480,482,519,474,432,447,449,461,458,473,486,472,490,506,472,501,447,457,495,477,447,479,471,503,504,486,489,462,478,489,482,485,517,480,495,466,466,471,447,488,462,443,451,481,480,410,476,431,475,440,446,513,429,478,468,528,471,468,428,485,492,448,507,475,482,491,446,484,463,482,461,471,446,453,447,431,488,471,484,499,458,470,493,458,462,471,504,487,451,456,453,456,487,477,475,481,464,494,429,491,469,480,484,486,451,461,472,451,467,483,502,476,439,488,455,474,465,542,513,490,451,405,462,463,527,481,427,467,451,447,422
144,46312106,457,485,489,514,551,529,541,474,470,509,486,530,482,502,512,491,467,528,557,461,490,512,493,513,513,504,475,472,480,558,472,524,514,480,451,489,511,487,517,527,530,529,528,515,552,484,427,499,530,467,507,450,531,515,554,537,499,489,484,486,537,499,519,501,470,459,497,499,515,536,555,476,478,495,529,507,522,485,571,562,479,471,547,467,568,498,512,524,600,497,482,559,503,549,511,467,544,518,497,516,520,499,488,530,529,519,476,549,546,511,446,474,475,519,491,591,502,506,481,482,553,538,541,530,520,532,556,497,517,501,495,532,550,486,531,532,522,483,525,528,474,469,516,430,458,540,495,520,524,520,512,440,531,540,523,524,482,471,503,471,477,507,522,472,517,536,559,503,494,452,486,474,496,504,542,504,456,474,510,499,533,493,533,471,501,552,522,434,502,510,473,507,487,527,535,512,520,502,514,503,493,508,510,455,524,489,527,550,499,455,455,523,486,484,470,511,477,545,539,504,489,453,490,542,488,509,503,486,480,460,491,468,559,452,510,512,539,492,497,514,487,502,500,492,466,482,481,494,497,470,505,494,544,479,479,526,532,496,500,529,487,459,499,546,477,511,467,546,468,493,484,506,488,504,487,481,531,542,440,544,507,582,504,519,508,471,488,548,546,535,469,486,486,568,498,512,511,526,492,466,489,471,539,510,538,516,575,493,493,541,537,472,515,506,528,499,479,515,525,437,520,469,465,501,509,514,471,495,429,480,462,483,537,492,500,515,482,464,482,520,476,548,552,514,532,497,466,498,498,492,537,553,506,499,515,473,513,484,515,478,480,509,482,521,538,505,501,442,510,510,493,506,487,529,475,522,541,533,548,538,458,524,529,513,533,521,493,528,514,492,523,487,512,528,519,445,520,507,503,487,480,517,517,470,517,430,486,508,461,497,494,518,525,532,438,487,498,498,474,477,477,535,481,502,505,502,471,501,506,523,496,531,526,455,536,556,515,528,493,544,451,507,544,497,462,465,506,492,503,476,506,446,521,521,545,525,500,479,539,494,535,518,498,530,527,518,480,473,519,461,489,484,454,545,525,501,540,477,477,481,532,473,478,569,448,477,531,513,524,483,477,503,508,496,502,524,497,482,509,487,456,513,553,472,495,492,471,507,499,475,497
144,48933546,500,549,554,537,510,546,548,534,511,509,495,536,589,576,575,475,492,531,574,545,531,584,482,531,549,544,551,537,557,521,509,543,502,551,541,521,522,566,503,506,512,497,555,486,510,498,527,511,514,542,563,510,536,501,519,537,556,569,546,560,532,545,518,497,538,556,538,586,512,543,518,566,509,538,524,494,576,509,565,530,632,547,487,518,553,563,487,501,589,588,545,526,503,539,510,486,529,509,601,554,598,562,538,542,548,507,559,558,526,562,551,557,612,561,475,522,547,503,529,522,574,529,550,490,533,527,525,472,531,538,519,487,536,497,484,507,490,535,532,470,496,503,509,500,543,550,493,552,531,551,533,598,452,546,533,533,540,558,542,530,551,525,507,537,580,499,537,532,512,561,511,551,507,541,512,557,476,534,571,549,580,468,537,525,537,515,551,566,523,526,561,517,500,536,527,557,543,523,550,534,493,497,530,515,496,505,514,535,516,507,539,428,511,535,537,546,538,537,561,572,510,500,526,544,510,535,520,568,517,530,524,549,547,552,481,543,600,500,535,499,574,501,555,556,519,503,510,521,562,512,556,561,569,501,482,548,515,524,534,527,512,524,592,557,536,561,521,553,554,542,500,558,550,541,532,479,539,502,545,478,496,529,515,540,520,571,557,480,554,530,549,561,521,591,555,522,536,530,552,492,531,491,526,527,485,577,499,499,540,589,527,556,580,502,549,515,523,579,548,493,505,515,514,597,508,551,582,515,491,542,509,552,553,547,495,530,449,553,543,485,528,488,536,558,495,514,519,546,556,540,549,547,566,527,552,495,506,518,578,553,506,566,526,546,505,516,480,557,553,551,509,484,526,479,479,547,558,558,558,545,541,582,513,521,530,476,479,524,521,546,522,508,484,508,481,549,487,539,522,501,559,517,536,528,563,526,509,529,529,543,535,577,485,569,536,545,552,561,541,486,582,524,501,491,508,507,548,528,520,536,563,552,520,533,524,474,547,577,510,507,489,471,505,568,583,524,527,490,541,591,632,557,531,538,498,520,451,524,534,567,508,545,545,548,525,519,550,499,521,541,560,485,478,606,472,527,524,522,564,559,528,576,544,583,543,559,599,511,541,578,532,516,529,548,594,500,547,586,546,570,508,544,564,533,516,491,558,562,553,518,512
144,51554986,569,556,614,530,583,526,555,517,479,529,512,580,556,525,570,508,582,567,534,544,574,564,576,562,570,517,588,509,579,529,584,600,540,548,619,530,602,519,548,569,574,583,562,582,489,491,618,582,593,578,499,509,568,540,552,534,509,583,539,566,544,536,547,569,545,564,558,565,526,560,557,595,530,537,603,519,507,590,558,558,594,511,577,554,512,566,515,549,542,546,594,550,557,516,549,539,500,546,543,567,570,554,638,529,586,560,574,542,534,602,605,598,519,568,557,556,546,574,540,586,522,542,560,565,527,565,567,519,607,557,575,560,570,559,532,588,573,552,563,579,598,513,540,551,598,484,535,475,551,494,555,619,522,562,625,506,585,643,548,564,571,552,565,579,524,509,599,606,584,541,536,565,568,531,560,529,570,581,591,555,543,616,579,550,536,561,519,568,555,532,530,531,612,508,550,603,586,526,555,505,536,520,529,559,542,562,553,627,581,511,543,495,523,564,540,524,479,498,550,550,576,533,574,557,484,523,548,568,520,595,575,611,545,547,547,578,530,522,540,555,603,523,502,554,525,557,568,560,586,564,557,551,549,540,553,520,594,538,598,552,554,590,548,533,558,546,567,522,512,540,610,608,515,614,499,544,518,557,513,579,537,535,556,562,527,511,557,553,573,497,555,514,545,541,531,604,510,547,616,579,602,492,607,561,584,566,548,559,520,571,570,570,548,559,564,511,498,604,522,545,602,511,549,535,497,555,586,552,542,553,516,571,546,563,552,509,542,527,576,606,508,536,500,576,603,532,542,556,584,518,602,544,602,563,509,579,512,505,571,493,565,583,498,565,556,582,476,529,544,527,564,534,513,552,565,576,579,548,539,579,536,542,629,526,574,522,581,551,564,563,564,580,578,510,565,524,534,544,555,514,565,574,524,492,484,581,586,536,522,567,575,554,520,583,530,585,564,525,560,547,582,602,567,557,522,522,549,559,524,527,523,547,531,571,525,522,567,562,525,559,490,600,511,598,580,568,509,536,495,519,544,576,547,551,549,576,580,569,486,545,556,532,546,571,583,556,515,554,554,598,592,550,527,577,556,560,565,497,545,584,612,526,562,562,508,589,565,524,603,512,533,502,527,561,572,555,588,612,597,556,512,550,553,588,512,572,522,596,541,530,561
144,54176426,579,601,490,638,580,572,584,476,553,572,564,600,575,579,593,551,569,520,576,566,535,589,577,518,577,608,565,574,589,590,590,514,550,562,520,596,551,539,550,592,559,545,597,624,607,584,578,542,553,527,555,563,542,567,562,558,573,561,549,515,542,569,585,565,581,552,560,548,537,557,629,610,567,547,550,569,544,507,587,565,575,471,591,559,554,566,594,523,553,611,598,556,599,481,560,557,574,568,544,616,546,605,535,554,581,571,569,657,548,485,591,551,564,576,521,587,572,591,548,572,590,541,565,579,491,639,565,599,529,575,545,541,522,538,485,549,546,546,585,545,548,555,527,524,586,577,585,560,558,584,574,607,540,575,625,542,607,572,588,535,565,551,565,574,587,583,555,558,569,543,583,534,577,630,528,565,553,560,558,545,542,563,560,567,579,592,566,570,587,584,526,554,593,521,562,534,607,606,570,532,554,617,587,571,541,585,543,568,532,599,563,595,550,590,622,588,533,604,575,600,559,549,581,566,595,595,596,585,551,567,564,571,530,542,535,599,584,594,614,563,573,559,517,561,512,548,536,588,584,486,611,585,574,584,562,570,561,548,544,564,519,514,625,560,555,554,621,568,579,523,552,493,595,559,513,593,580,547,519,608,551,561,566,612,594,567,569,528,646,571,554,535,599,529,607,605,529,559,596,541,593,606,553,578,589,565,549,533,589,629,563,564,514,600,542,541,583,543,596,532,520,546,610,604,533,553,603,533,575,568,564,620,602,560,558,536,548,510,565,572,581,574,567,634,589,601,601,564,562,548,499,556,545,576,508,585,560,546,597,599,541,500,611,611,571,543,560,531,529,588,600,516,550,589,554,556,592,584,553,525,547,566,554,577,547,536,593,591,577,530,582,526,561,601,557,575,538,619,611,551,548,551,479,634,537,535,527,604,580,498,628,558,583,576,571,565,539,547,597,565,600,562,543,577,556,573,577,563,596,580,652,525,580,533,533,540,577,631,558,572,572,577,547,534,527,570,519,591,539,604,613,563,544,599,566,524,592,574,573,530,609,565,598,606,579,624,487,587,570,614,537,556,635,572,533,515,559,527,540,573,539,584,544,523,522,542,613,557,554,544,537,541,520,540,572,546,530,566,583,547,616,583,539,637,524,546,546,572,606,528,549
160,27962026,332,380,416,347,420,403,381,384,382,410,409,337,365,309,409,432,343,342,354,360,395,370,363,391,368,376,344,373,422,387,395,354,430,382,388,393,357,409,359,328,396,368,309,356,406,391,318,356,370,415,334,347,387,404,413,367,360,381,382,332,388,378,431,387,391,445,382,366,402,352,361,361,387,349,386,403,381,415,331,344,331,398,408,351,365,397,382,330,402,331,364,321,384,375,378,361,401,365,376,380,374,377,410,402,415,363,363,354,349,360,330,382,368,365,351,342,414,346,371,390,372,392,360,405,379,383,413,404,381,365,400,330,382,298,397,426,374,374,400,354,402,372,345,375,383,391,409,334,317,389,362,455,391,412,378,338,406,422,358,351,404,413,385,428,347,323,375,401,362,328,390,332,405,338,324,395,387,385,342,378,356,405,356,354,367,446,386,358,386,342,405,348,383,359,408,413,425,382,426,363,437,391,390,404,380,399,404,376,385,368,403,408,329,347,355,423,344,389,333,366,357,393,394,363,369,378,383,356,386,400,372,389,350,350,427,347,419,346,400,435,428,367,389,405,343,364,332,336,388,372,383,422,341,363,364,343,377,356,349,367,362,364,344,382,382,361,448,394,415,387,395,347,328,366,356,328,406,370,358,379,376,348,404,361,394,423,382,347,426,371,323,373,391,356,384,392,408,359,414,392,371,381,323,376,330,385,368,355,344,381,344,367,404,384,392,333,369,340,366,380,368,344,337,373,382,381,372,450,434,378,377,379,330,361,336,363,357,368,357,389,385,340,330,322,338,322,395,402,339,390,370,346,384,431,334,411,396,347,411,365,405,390,384,402,343,365,373,372,388,334,377,405,332,360,369,346,388,395,316,377,374,429,318,324,382,404,407,402,370,366,405,371,340,341,388,361,354,366,362,381,413,414,373,349,332,385,380,376,345,345,328,333,369,361,389,372,341,397,404,397,337,349,371,346,361,357,321,329,368,361,418,373,375,409,396,422,371,422,375,334,388,334,337,353,367,470,332,376,355,393,332,390,367,344,400,350,325,413,369,298,342,384,356,382,385,362,413,368,357,344,353,346,386,399,348,392,393,353,345,376,459,382,393,378,372,356,355,373,352,364,322,354,380,313,391,381,398,381,385,392,379,367,379,380,351,347,342,343,386,344,319
160,30583466,359,387,375,404,458,363,402,379,387,435,413,424,379,422,391,384,409,404,377,339,415,382,427,422,431,424,456,376,432,403,367,417,392,372,337,360,403,444,359,431,409,382,426,344,412,424,350,399,461,474,407,395,357,452,367,378,427,398,423,394,483,423,408,408,397,375,400,413,445,396,405,376,404,350,405,382,422,439,391,406,401,420,379,368,338,408,397,401,369,408,375,481,401,386,451,399,454,470,408,444,438,369,379,442,442,366,422,395,359,376,403,438,403,377,415,468,411,403,368,391,427,405,378,377,377,418,431,410,377,404,404,366,365,431,412,430,390,369,391,380,432,430,418,401,438,398,375,401,418,427,412,425,430,413,411,426,436,379,440,417,370,395,422,420,413,367,371,404,402,417,376,372,412,411,415,401,376,382,394,434,377,341,434,431,370,449,429,394,417,420,356,404,403,375,404,404,379,420,446,381,407,412,454,396,381,414,398,382,429,435,379,382,335,383,398,416,413,382,422,350,432,380,457,430,413,430,427,343,391,410,401,423,394,389,411,387,436,427,411,441,424,426,428,404,374,423,404,392,405,329,409,373,446,426,381,386,391,415,418,433,422,442,420,405,427,396,374,400,438,433,421,353,368,492,408,441,429,406,382,387,377,413,419,410,368,424,371,387,404,442,423,379,447,428,369,425,380,355,469,350,419,415,436,410,424,431,424,465,434,409,453,437,421,388,376,400,411,365,392,384,440,378,359,362,383,432,391,384,420,414,420,417,392,383,369,418,387,455,413,438,405,433,377,323,406,395,389,461,412,427,414,431,416,408,400,431,424,392,367,406,448,398,425,414,389,368,381,336,393,462,455,429,426,414,401,420,439,442,376,369,414,391,383,358,422,435,397,395,404,346,393,367,355,406,414,376,350,411,416,384,379,409,417,340,389,436,418,444,393,425,458,373,443,404,365,380,468,460,442,397,385,375,375,431,456,372,405,365,406,398,399,439,409,428,403,445,413,348,373,367,418,406,423,420,405,441,413,423,359,385,409,464,390,443,386,429,421,415,383,409,376,415,425,368,346,404,444,433,412,363,399,380,405,468,377,407,426,396,390,379,399,431,412,411,419,416,423,460,413,442,369,430,394,394,390,334,350,419,422,451,369,403,355,396,402,422,391,391,363,382,420
160,33204906,413,395,458,440,413,416,428,419,456,468,415,401,424,468,436,406,434,415,440,436,467,412,418,456,407,441,443,383,461,436,439,411,433,387,414,428,412,462,414,422,423,430,403,421,440,449,418,396,408,400,399,443,398,426,491,408,441,390,353,422,445,387,400,468,458,430,428,446,431,392,438,445,423,456,452,465,387,464,448,480,427,442,429,435,386,428,435,441,459,422,403,423,417,448,427,404,482,434,403,441,392,457,424,431,438,450,402,492,416,401,418,415,435,419,426,399,494,431,419,436,405,455,394,418,492,449,405,468,427,410,438,425,427,414,443,405,440,436,441,441,381,446,367,404,433,458,416,424,367,411,412,412,431,426,424,437,405,474,422,431,442,466,444,405,376,438,392,367,398,402,447,421,398,433,354,424,460,441,420,450,408,370,418,391,433,421,461,416,467,422,401,415,435,377,432,446,417,431,377,416,420,467,433,440,435,433,451,382,436,404,417,474,424,457,417,415,435,371,421,432,380,409,395,443,450,424,401,436,447,379,456,471,424,414,503,405,406,414,435,412,431,439,433,456,458,449,435,446,429,456,420,449,425,438,492,413,451,481,428,428,424,419,412,446,403,430,459,407,449,414,383,441,395,424,421,442,438,402,430,403,406,426,436,450,394,437,459,423,435,397,435,432,466,368,425,456,453,348,419,423,399,390,444,436,458,434,439,450,474,477,417,392,411,440,439,421,390,435,439,442,422,414,393,457,434,404,410,447,412,458,421,416,368,406,431,412,435,425,438,446,433,403,440,438,468,417,407,404,477,401,460,419,415,390,446,418,438,411,410,403,424,388,458,470,397,415,437,415,426,445,416,413,445,413,401,461,410,456,408,441,420,434,417,443,448,440,415,414,467,376,435,410,450,446,405,434,400,413,475,459,425,395,383,435,475,392,463,466,408,424,416,422,445,408,405,392,445,441,382,437,380,352,416,484,435,370,468,422,421,435,370,423,463,411,466,405,452,435,400,422,434,452,427,497,392,419,462,385,460,436,427,441,433,407,446,472,448,417,398,403,420,435,432,451,420,424,416,401,426,427,408,421,420,441,477,420,443,428,425,382,457,375,410,459,444,419,431,460,399,388,445,370,442,420,432,459,417,396,449,482,433,406,416,434,423,422,421,405,411,431,432
160,35826346,439,428,455,443,452,421,447,403,390,439,416,479,417,483,456,387,442,426,424,395,464,485,463,429,457,413,460,478,415,436,410,433,415,451,410,422,432,412,438,459,459,427,463,406,480,444,421,410,430,444,401,440,475,458,456,406,416,432,417,448,460,426,426,418,478,418,486,453,432,479,469,451,484,454,465,400,411,482,437,455,419,452,408,441,444,415,435,442,426,437,440,453,485,441,444,435,449,421,383,428,442,437,403,426,446,452,445,429,401,471,452,468,438,429,421,413,474,448,433,450,455,413,460,474,464,429,386,424,454,434,424,461,478,428,398,440,457,395,453,446,424,460,415,457,444,457,415,385,455,441,428,477,427,450,432,438,472,408,423,444,435,440,504,408,448,405,423,437,428,429,402,456,429,398,397,428,467,465,443,438,418,406,475,455,436,449,428,454,473,436,451,456,436,443,455,455,395,425,441,432,456,406,391,465,441,382,430,444,491,472,425,464,398,455,431,472,500,411,409,433,478,428,478,402,413,451,487,435,466,484,437,468,453,426,425,445,457,429,431,479,414,437,435,484,404,441,421,437,422,405,434,430,441,471,439,431,480,442,418,400,446,461,442,434,455,440,419,452,434,453,456,435,405,425,439,420,461,442,424,484,438,436,445,446,403,439,438,448,453,419,448,431,437,449,463,461,427,485,438,477,431,528,414,446,448,462,446,434,446,477,412,439,404,443,432,458,433,435,422,424,464,414,407,491,433,489,436,438,459,408,446,428,456,406,442,438,471,440,435,476,427,439,443,408,466,464,449,447,421,449,406,481,444,445,425,422,415,407,413,437,413,422,453,429,430,438,428,431,429,406,495,448,473,430,475,447,412,429,432,437,392,433,442,475,422,462,443,472,471,447,456,419,448,438,431,449,428,484,442,433,474,462,402,471,451,444,491,414,438,444,448,401,430,401,430,416,463,402,434,440,435,467,434,432,441,392,426,422,422,484,465,449,480,457,442,451,436,437,484,421,435,450,423,429,404,449,432,455,427,414,460,484,416,456,464,411,464,435,418,496,445,414,436,453,441,445,492,456,459,430,379,432,445,414,427,454,422,454,423,484,443,448,462,440,464,460,472,399,434,395,478,453,444,430,424,441,427,430,417,458,485,438,398,453,419,400,467,486,456,481,457
160,38447786,460,455,427,426,428,412,431,441,432,452,453,445,438,471,427,466,444,482,451,437,459,419,423,430,472,474,465,457,437,447,473,500,456,453,473,468,454,454,416,473,436,396,425,440,428,449,438,460,420,420,427,417,414,476,432,434,446,464,438,477,435,428,468,490,421,461,464,439,445,450,464,464,460,409,432,429,420,433,437,457,437,429,461,456,418,424,477,407,446,463,464,475,436,441,454,453,478,459,473,437,448,452,478,440,439,497,466,497,433,490,500,461,438,461,446,425,433,453,427,478,458,410,428,441,410,442,457,437,412,428,443,434,438,475,445,441,479,467,451,429,436,450,474,477,472,437,467,394,456,431,510,445,418,434,440,462,422,436,423,439,382,422,460,458,453,439,506,465,427,430,451,429,461,426,431,412,443,451,446,435,471,462,474,458,439,452,431,453,495,439,433,488,466,483,413,426,471,473,500,459,475,464,471,455,444,439,409,456,416,437,425,423,489,449,443,449,425,451,450,458,455,432,437,459,478,454,446,463,456,469,441,471,425,412,440,438,454,483,506,465,442,443,452,430,435,420,427,449,448,456,447,447,487,455,434,471,425,396,435,476,467,444,417,428,465,445,432,456,431,459,415,416,456,427,475,415,452,435,435,467,460,421,460,477,450,426,448,443,458,422,433,471,417,445,453,461,467,457,425,449,471,476,471,435,423,438,464,407,465,472,469,464,466,428,462,425,439,418,428,458,491,455,465,436,461,426,448,497,428,417,417,466,443,455,453,416,404,437,461,462,466,432,432,453,499,449,404,457,474,459,480,468,425,453,443,493,476,466,475,478,427,473,426,456,463,454,430,412,426,453,422,447,421,438,416,415,461,437,456,430,433,429,411,473,463,460,435,455,426,447,446,449,458,462,427,437,457,448,449,419,458,405,454,436,452,432,443,453,456,419,462,450,451,437,465,490,445,437,426,454,456,435,450,396,481,450,459,468,443,405,460,450,468,429,445,517,459,472,446,470,461,433,456,489,468,450,454,481,460,439,451,485,438,461,449,440,433,474,390,428,452,469,430,458,426,441,474,466,493,459,426,431,441,416,450,454,429,459,485,457,431,476,449,403,462,433,425,460,456,436,434,461,451,508,471,466,462,449,421,444,464,472,451,480,452,409,464,467,434,459,471
160,41069226,461,471,476,428,487,426,454,473,447,437,423,422,437,470,434,434,440,448,489,450,444,462,412,440,448,451,459,445,470,453,501,428,432,446,471,451,473,450,431,447,433,451,421,467,457,449,409,474,445,432,441,439,459,451,481,469,452,454,456,447,477,444,458,458,446,479,443,418,439,433,467,423,420,493,461,425,475,462,442,450,470,446,453,457,462,417,437,455,454,446,472,419,474,481,461,412,511,461,429,431,443,458,447,468,435,510,435,481,424,435,466,460,470,460,438,427,476,455,474,514,438,494,456,447,456,442,438,452,481,482,439,451,465,467,476,483,440,465,431,439,444,513,443,430,444,424,456,448,402,482,445,437,438,476,489,486,445,459,453,439,462,455,445,438,500,442,488,475,443,464,439,431,479,442,428,427,455,467,464,435,469,445,473,449,490,457,446,457,440,440,480,469,448,451,440,465,439,467,499,462,473,475,428,503,411,450,480,439,463,462,475,478,439,484,465,437,469,475,428,430,434,436,464,462,424,487,476,470,425,457,473,446,471,482,439,434,451,496,478,422,454,416,493,456,463,465,449,476,458,449,417,444,433,411,418,463,433,469,496,442,480,462,427,453,426,455,462,423,470,503,466,406,501,462,430,444,450,481,465,418,413,468,451,441,492,463,455,446,448,442,467,417,466,484,464,444,459,443,446,488,416,477,450,446,458,464,466,515,432,447,440,443,446,454,493,442,461,465,450,459,482,464,423,428,446,456,438,429,458,464,479,440,432,409,471,441,453,443,453,490,486,470,452,438,419,445,477,404,481,449,439,453,434,472,425,437,522,452,435,425,442,487,483,461,488,508,456,455,481,429,444,448,414,411,436,455,469,434,445,409,468,476,446,456,453,476,466,407,454,466,439,439,479,435,512,467,420,468,452,452,453,426,449,448,452,471,477,459,451,475,478,448,432,469,475,455,427,438,467,456,428,452,460,438,429,446,451,429,470,465,449,477,480,462,486,467,529,456,470,468,455,448,492,460,469,491,441,481,476,500,466,391,498,452,473,454,447,460,462,430,481,444,453,463,478,449,454,445,429,451,435,497,463,463,454,467,446,459,451,445,481,429,474,445,477,456,451,488,474,487,475,431,470,452,438,425,480,446,447,435,470,453,455,453,462,432,461,430,442,471,449
160,43690666,471,446,522,460,447,512,461,446,445,486,502,549,428,499,468,444,495,466,477,453,459,431,457,441,424,465,450,494,469,465,521,450,441,430,453,465,465,482,509,443,437,458,470,468,457,454,448,484,450,443,435,470,437,453,433,428,447,453,501,470,436,438,425,480,475,429,450,396,484,482,422,467,455,461,446,479,449,418,445,423,491,457,464,489,478,475,465,483,454,441,438,442,457,428,476,497,471,487,505,420,466,498,485,463,455,443,458,435,453,493,474,452,452,426,443,477,483,487,487,513,474,447,511,471,457,431,444,468,477,480,417,500,476,435,438,482,405,434,449,447,479,449,504,507,447,470,467,465,474,466,498,470,478,420,445,430,465,461,521,518,411,434,431,483,458,458,495,447,466,448,439,476,520,426,444,476,463,464,471,498,459,461,480,447,427,460,474,453,469,498,475,447,463,461,456,460,472,475,435,457,421,490,416,449,463,460,435,438,482,466,469,468,461,405,460,468,476,444,440,440,444,481,465,494,464,443,470,496,534,452,419,502,483,438,446,489,451,459,428,448,446,499,461,495,454,421,450,452,493,461,467,452,429,448,463,501,490,470,475,451,440,447,425,495,460,495,472,435,451,441,446,457,500,484,423,460,415,468,475,420,474,496,435,494,436,497,526,446,470,491,436,501,439,440,489,453,476,535,443,446,456,498,481,462,469,487,445,452,461,452,473,482,420,512,420,490,478,444,456,461,430,436,433,473,456,439,481,454,527,435,505,438,480,494,452,464,507,482,441,501,477,475,503,478,458,494,457,443,498,465,425,466,486,506,438,458,498,447,459,438,476,490,484,461,487,456,499,467,466,452,435,469,483,473,495,442,468,449,474,444,444,456,475,473,430,454,469,441,461,452,452,441,468,454,431,482,459,475,429,477,499,489,458,492,458,437,506,460,444,459,485,497,441,503,493,481,497,452,441,486,449,449,451,449,489,470,445,480,475,482,467,466,462,469,434,475,478,476,491,464,453,488,493,465,456,458,442,486,451,448,430,470,457,474,474,461,469,507,498,440,488,455,508,430,473,439,480,472,466,459,439,428,461,464,430,440,470,433,460,465,465,464,478,420,429,474,484,441,443,447,429,468,425,456,468,490,431,482,501,459,436,472,470,501,460,440,471,490,452,505,451
160,46312106,448,496,474,468,517,493,509,488,495,511,482,449,435,449,487,517,448,487,506,464,462,493,594,456,440,499,454,473,510,469,481,506,455,465,474,448,450,505,437,493,467,464,493,492,489,495,432,484,516,497,490,494,492,482,486,498,486,474,476,440,442,486,486,477,539,455,478,472,516,443,460,505,445,439,501,496,477,448,478,442,426,476,525,478,491,499,497,524,542,496,474,417,509,481,450,471,493,452,488,505,430,453,471,506,513,476,489,476,535,438,466,495,460,485,510,471,487,548,487,505,439,512,446,532,471,478,490,478,456,503,475,485,454,514,486,464,530,456,496,448,492,507,438,489,460,489,496,486,463,437,524,482,480,502,433,490,449,416,508,479,500,521,464,477,465,545,508,496,461,474,497,458,515,473,502,473,466,467,499,458,451,442,463,500,480,478,454,456,484,468,469,461,488,483,454,515,457,458,496,463,496,497,468,456,481,459,478,459,469,530,423,480,435,442,472,480,455,464,472,488,498,527,484,427,488,537,462,509,439,441,507,469,478,457,497,531,482,501,485,484,479,510,443,456,473,468,423,499,461,471,508,500,494,480,464,485,460,462,470,458,477,483,430,459,483,480,454,471,431,508,483,514,446,436,485,459,443,480,454,486,469,494,495,437,500,480,460,439,495,467,471,443,436,510,477,449,472,491,463,534,513,459,458,480,467,525,455,496,519,451,475,529,436,490,483,460,483,492,462,505,461,482,521,472,470,483,439,492,474,432,472,505,463,456,444,475,481,514,477,476,483,442,472,447,484,467,464,485,495,440,472,447,440,493,500,460,482,462,489,497,474,459,466,473,463,491,480,501,496,445,493,504,471,488,540,461,482,474,481,497,448,504,499,469,426,492,461,522,506,465,502,450,434,483,465,450,514,496,452,475,437,445,448,488,481,517,490,462,476,474,496,489,475,449,504,504,451,473,517,477,482,458,464,472,503,456,481,483,488,455,457,512,465,468,478,455,454,462,503,465,492,483,459,456,428,471,545,435,471,489,571,482,454,446,472,495,476,453,462,467,471,500,465,509,506,467,436,466,474,448,456,439,429,430,419,484,458,464,466,479,468,475,489,406,439,485,438,476,472,478,460,493,457,463,475,463,449,459,498,472,476,450,470,475,463,461,502,490,441,476,445
160,48933546,519,519,468,460,489,472,481,507,479,504,493,476,517,561,458,444,507,489,486,536,456,537,474,450,495,575,492,533,472,499,521,488,566,504,493,494,508,525,503,496,538,465,511,505,496,467,469,531,500,471,538,454,480,529,470,523,462,474,505,556,484,494,449,452,480,468,490,505,544,461,519,473,451,502,499,553,486,490,534,503,506,474,513,500,462,470,574,492,497,459,525,469,534,483,539,493,477,488,504,508,499,470,523,536,520,464,497,511,453,427,518,517,459,448,491,456,525,574,500,494,472,520,516,520,500,525,488,478,494,543,464,520,483,451,525,481,526,492,521,468,522,460,463,454,521,498,504,446,507,536,520,539,462,474,460,488,466,518,477,487,503,468,530,516,471,496,480,521,498,474,517,551,514,470,495,518,547,498,507,489,488,525,489,523,495,504,499,500,423,459,507,519,490,476,500,481,507,548,487,578,524,481,474,480,464,495,481,489,498,483,486,503,530,485,462,488,458,527,484,494,493,524,503,502,575,517,455,496,504,459,554,512,494,493,496,556,555,544,496,515,459,483,490,502,531,545,548,510,505,497,539,527,489,527,514,490,477,523,474,541,526,494,479,550,475,486,456,486,486,508,450,527,461,423,474,498,512,471,494,505,460,507,508,457,496,473,468,506,535,502,443,489,511,518,472,605,488,504,437,531,458,492,455,485,482,540,486,511,523,525,516,513,468,523,518,471,554,411,497,484,547,473,484,509,474,480,493,494,464,475,529,437,485,445,488,467,517,477,483,485,484,471,527,529,506,486,571,510,461,511,543,523,482,522,492,516,514,455,502,578,570,500,473,548,467,482,471,514,512,487,505,496,504,465,518,508,470,524,478,538,537,419,503,557,513,512,467,460,519,466,538,480,517,512,470,505,485,509,529,574,459,492,536,493,537,461,474,487,463,515,472,498,489,479,502,486,498,498,472,477,510,458,498,545,462,530,443,505,475,560,452,493,484,514,516,512,510,508,486,500,520,457,479,486,498,500,487,493,500,451,445,491,538,530,455,552,511,496,511,572,448,474,489,491,500,487,463,586,505,498,501,497,486,501,472,519,503,499,554,549,496,484,466,461,526,530,450,483,532,542,553,504,534,485,496,535,439,507,530,495,538,507,516,462,476,490,490,505,487,545,530
160,51554986,520,526,539,603,570,454,582,479,589,540,550,493,471,515,527,521,618,499,533,544,522,520,514,512,515,506,531,510,527,524,523,554,471,523,496,533,452,487,484,512,530,532,551,529,493,509,531,518,527,520,493,537,490,517,522,527,514,539,520,526,535,520,537,518,522,524,571,511,565,520,491,510,516,531,546,517,550,531,512,486,528,508,501,526,550,532,560,505,505,545,526,504,569,604,574,527,517,558,546,479,493,484,529,511,502,525,520,557,540,491,509,485,524,556,497,523,521,518,533,489,490,500,471,543,523,511,527,523,555,530,506,513,500,497,499,593,555,521,509,549,526,517,576,502,487,543,468,508,507,543,530,526,573,486,528,511,558,517,527,537,570,532,519,566,548,514,515,516,575,536,495,500,452,493,513,530,521,607,540,493,481,533,536,551,507,533,491,511,533,578,500,508,516,508,480,544,537,579,549,550,547,528,492,463,481,495,563,531,540,470,527,510,522,523,513,520,521,553,483,477,526,566,530,519,492,509,525,512,488,523,527,506,455,561,508,511,499,582,484,547,574,530,553,498,550,505,579,461,538,537,545,478,467,497,459,567,475,545,560,476,488,556,501,487,578,547,505,510,566,500,536,503,529,573,513,461,495,523,568,562,507,577,496,541,543,514,510,543,527,553,527,513,523,515,514,522,536,557,517,511,570,511,559,546,518,496,469,536,526,501,536,525,557,535,589,496,534,505,547,528,542,541,530,560,551,516,527,526,581,567,500,491,520,616,492,532,561,487,486,518,526,532,482,495,545,512,516,507,528,542,527,543,458,526,547,570,478,516,556,578,527,478,527,509,512,513,555,526,504,523,564,477,535,526,553,525,475,562,530,517,528,510,559,564,567,519,469,527,519,507,571,562,545,517,541,524,542,534,483,509,487,498,547,455,523,518,455,539,585,486,541,578,518,555,487,555,500,545,561,549,519,519,511,508,519,508,529,527,496,570,490,575,537,484,505,492,553,506,510,560,469,506,484,525,495,583,474,518,528,496,503,582,480,547,490,503,551,488,528,478,518,515,486,543,525,535,477,567,538,515,440,506,590,490,496,506,516,476,559,585,510,579,574,519,520,515,498,488,513,501,509,489,519,525,505,529,462,472,562,516,513,465,468,541,476,562,495,577,501,550,501
160,54176426,543,581,597,536,596,531,507,592,551,545,560,557,503,539,544,573,543,509,566,610,566,551,521,517,581,568,564,514,539,575,533,459,538,503,525,510,577,509,549,544,547,521,515,537,542,518,554,514,548,548,592,552,521,545,563,556,585,583,545,555,536,495,572,519,522,520,556,538,540,521,542,514,532,579,550,495,523,482,533,572,546,551,570,517,526,581,520,574,531,550,544,565,517,540,561,562,556,565,533,498,564,528,582,491,543,535,579,551,538,556,497,623,514,525,577,520,543,586,629,529,549,555,519,522,544,562,542,545,533,555,521,555,510,500,509,560,589,588,513,577,571,581,491,605,561,530,495,522,512,553,546,546,541,534,564,548,529,561,536,502,527,559,555,499,545,528,545,549,480,578,556,554,575,543,556,565,538,546,542,534,512,525,525,515,526,503,524,591,500,522,582,560,535,573,495,614,541,515,519,583,504,563,535,554,574,552,493,591,565,472,503,581,551,456,503,535,613,517,569,524,566,492,487,565,505,496,560,517,548,488,493,557,511,527,507,540,504,522,500,545,542,559,520,515,550,549,533,524,575,526,586,505,524,501,523,525,498,503,568,524,562,591,524,516,509,504,555,614,546,598,588,531,513,576,520,543,484,528,500,557,537,493,512,551,555,547,552,528,518,552,492,523,527,587,496,534,512,512,600,552,516,582,533,479,555,563,568,497,600,487,552,528,521,487,535,509,502,522,552,536,572,515,548,547,555,542,557,522,536,512,598,528,564,524,519,525,579,560,551,524,510,525,532,487,539,557,506,553,520,546,462,521,548,615,566,523,521,540,567,527,570,531,517,558,598,555,519,565,518,593,552,537,516,547,550,493,527,499,583,492,540,516,508,486,539,555,597,559,532,512,563,528,562,480,598,483,545,577,582,519,562,544,551,567,518,538,564,513,531,532,549,532,544,543,537,572,495,541,503,555,557,507,553,556,500,516,556,533,545,529,576,563,544,620,533,547,542,501,549,529,534,492,467,546,492,516,514,555,507,515,533,589,546,531,572,571,532,559,534,555,557,557,501,520,588,490,525,491,541,516,503,492,581,511,549,546,545,521,521,506,596,567,575,574,542,547,515,575,548,561,521,495,535,530,528,503,610,543,584,517,515,559,496,463,530,559,528,488,585,573,532
176,27962026,342,339,361,387,357,342,364,367,309,330,326,372,353,319,339,385,365,382,394,323,352,426,401,382,362,274,335,367,287,394,351,342,365,364,356,341,369,319,331,350,274,317,335,320,396,311,345,352,367,332,405,317,299,320,321,296,374,351,334,338,390,333,310,337,339,377,383,374,335,308,353,363,402,397,330,402,404,332,323,332,326,389,339,408,365,347,377,405,360,390,335,437,344,329,308,300,338,373,333,333,372,376,320,376,398,355,373,353,361,315,347,353,363,399,391,300,308,380,337,293,364,359,330,321,392,378,364,382,396,343,357,308,325,315,339,310,346,343,368,377,323,358,335,332,311,376,375,346,350,359,330,294,312,353,318,299,355,349,372,366,315,343,365,385,346,351,389,343,303,359,323,324,364,355,334,304,400,420,345,317,408,339,306,325,328,371,324,389,365,335,327,344,341,375,327,383,411,336,340,350,346,358,383,337,364,345,413,350,296,364,360,374,346,372,385,387,323,289,403,367,362,321,378,369,314,394,354,361,360,363,334,357,342,322,396,341,329,412,387,348,365,311,294,326,390,401,401,404,368,334,328,419,299,336,389,364,347,351,329,389,359,330,357,294,335,359,322,343,342,394,361,363,372,341,406,351,355,320,354,321,402,325,316,308,347,405,323,345,342,333,377,381,377,364,332,309,345,359,360,357,273,366,374,389,359,358,367,343,315,360,338,366,356,394,423,342,340,366,321,377,410,286,325,415,368,309,410,405,315,394,367,405,358,355,333,371,363,393,387,347,316,391,398,362,379,359,392,318,363,321,333,367,350,380,371,364,357,373,376,363,344,347,347,355,369,346,343,370,334,387,320,392,404,420,349,312,350,386,348,328,360,405,321,302,387,375,369,335,358,364,379,381,394,354,370,367,379,353,335,352,357,335,325,319,375,337,323,344,358,317,369,307,331,336,399,371,377,322,343,338,372,304,395,354,352,352,416,381,370,386,373,314,365,341,375,331,357,339,359,321,368,379,301,324,348,340,376,356,323,288,334,375,349,333,311,320,309,334,354,344,309,359,380,337,356,336,343,321,359,372,370,355,361,348,395,366,334,353,296,340,396,325,335,341,374,322,354,362,341,310,307,355,367,348,344,345,345,334,356,331,342,344,357,400,360,364,359,332,343,374,377
176,30583466,342,352,384,375,392,379,412,373,361,358,367,383,381,382,387,367,365,436,389,409,412,371,371,359,412,356,423,344,427,369,425,384,368,417,372,372,398,417,348,428,372,355,345,342,412,384,420,401,408,377,418,321,368,354,397,431,454,380,383,418,347,351,363,386,370,332,376,365,360,392,400,384,404,394,413,413,368,393,349,362,397,309,335,379,436,414,366,413,442,418,366,356,346,412,385,338,342,356,361,341,405,388,445,389,368,343,384,395,436,374,368,393,331,344,380,390,430,423,403,369,427,415,338,383,394,360,334,411,372,365,310,401,387,352,370,374,443,427,394,397,403,368,333,355,384,327,375,423,342,365,359,379,369,384,366,415,397,397,389,328,408,351,392,400,392,416,385,410,376,378,389,354,359,439,365,335,412,389,376,371,362,353,380,385,442,369,452,381,414,375,330,358,370,384,360,375,379,348,412,391,423,429,396,409,403,428,391,324,326,399,353,410,409,341,347,356,382,412,380,385,409,381,379,405,387,404,388,320,368,438,363,357,371,426,412,368,390,407,370,367,368,367,372,423,417,350,398,410,403,347,342,334,330,385,403,348,354,395,353,414,381,410,414,461,357,402,399,359,360,382,394,366,391,356,381,390,399,356,374,393,409,355,365,354,387,398,432,335,366,385,437,341,395,360,370,400,360,377,334,406,360,428,366,381,325,336,368,326,357,355,384,389,343,379,333,385,351,365,393,365,401,352,382,363,361,348,374,359,392,400,421,397,373,413,352,390,426,387,380,382,411,320,397,442,399,374,369,394,421,368,380,359,396,428,377,390,383,409,420,374,400,393,386,356,401,345,389,401,378,389,361,362,381,369,382,343,380,405,390,314,346,391,364,337,332,344,408,422,397,424,356,363,428,398,389,364,391,364,380,425,345,382,392,373,360,397,448,411,386,338,438,372,415,350,379,430,379,399,392,388,414,394,354,351,398,347,351,377,317,325,407,371,442,385,377,382,446,347,406,382,356,361,383,334,383,380,382,391,387,428,434,370,381,380,367,391,400,393,355,373,368,348,361,354,428,356,358,389,407,358,403,333,371,389,355,422,400,428,360,368,380,370,424,360,389,378,347,332,432,363,392,339,387,386,389,412,418,345,371,341,437,407,382,422,435,390,406,437,385,400,405
176,33204906,423,399,372,400,392,447,406,440,385,408,369,399,361,381,417,382,414,432,423,401,466,388,392,411,340,392,445,413,389,424,408,411,474,408,346,412,425,394,422,399,357,375,362,412,374,394,414,366,397,373,403,409,391,386,345,418,425,377,387,397,453,421,421,452,418,355,349,456,371,401,369,377,409,369,418,423,437,448,370,415,442,374,394,421,410,388,400,408,391,395,377,365,319,364,474,415,389,392,425,371,404,447,407,427,433,374,407,403,421,432,414,376,335,449,407,445,418,387,382,435,406,441,388,375,399,413,405,370,360,361,416,432,405,389,381,382,412,439,418,400,435,437,414,394,364,410,431,393,414,393,417,396,381,454,381,403,387,404,389,437,406,401,351,403,344,419,451,398,377,425,371,388,395,404,404,402,434,415,395,357,414,372,418,441,430,392,437,422,433,370,420,403,408,423,408,460,461,390,455,459,404,378,414,373,422,423,352,432,397,398,400,391,399,414,426,376,317,397,355,380,399,420,403,388,389,399,424,446,419,344,413,383,338,431,418,447,425,422,429,410,388,427,444,385,408,412,408,385,413,400,404,383,358,395,379,447,423,407,367,403,412,394,428,453,429,408,355,396,442,425,375,421,411,385,433,354,421,409,405,437,411,437,418,389,402,383,481,366,411,427,433,376,422,399,404,391,408,414,453,435,433,377,424,427,406,383,441,379,420,407,424,412,424,412,401,422,429,339,395,438,415,383,355,395,386,379,406,402,394,389,431,436,378,404,358,389,364,415,433,419,382,356,437,407,414,442,399,353,406,360,410,344,421,328,371,361,409,410,403,427,477,382,366,422,362,354,390,385,443,392,383,434,390,375,457,444,417,352,420,397,382,406,362,393,403,377,447,412,367,445,421,387,433,358,406,379,397,382,376,443,460,443,352,415,389,380,430,342,423,402,363,443,440,399,377,390,405,387,383,386,408,404,384,373,419,374,415,417,415,405,383,402,418,424,384,363,411,429,414,401,399,357,378,400,427,400,437,376,393,408,372,407,379,418,434,389,394,405,378,438,420,424,426,414,406,413,449,381,387,429,418,418,413,367,418,425,440,410,447,411,396,360,431,398,409,351,402,422,381,326,407,405,474,415,471,411,371,426,345,383,425,414,349,417,379,406,388,437,402,423,376
176,35826346,401,402,377,441,431,486,400,399,404,381,433,466,408,408,404,440,445,449,386,478,400,450,383,443,453,445,458,459,423,387,405,482,409,425,378,399,423,386,434,403,467,401,448,413,435,436,448,355,435,415,464,456,401,383,422,448,402,422,450,435,390,404,418,406,436,469,412,441,482,434,379,420,430,370,377,444,455,442,397,419,458,370,411,415,471,408,460,412,428,417,402,442,393,396,419,458,429,467,361,425,397,434,412,405,465,392,462,387,378,417,447,400,396,433,408,455,401,435,446,425,425,401,426,396,403,455,438,381,435,415,423,412,407,441,427,374,406,471,408,380,421,407,412,402,423,409,451,376,407,407,437,453,428,432,422,426,424,417,469,420,410,417,459,399,445,435,432,385,393,440,416,418,455,480,425,392,442,450,467,395,454,464,364,417,401,400,487,402,386,412,444,463,452,430,400,435,453,407,428,382,406,426,443,373,483,395,419,410,464,412,390,465,359,429,476,414,475,437,425,466,402,407,381,424,420,407,433,417,434,419,430,401,387,421,431,442,393,408,447,423,443,418,416,455,405,440,407,471,462,466,415,402,417,423,472,434,473,458,454,422,454,391,424,451,460,420,407,425,446,408,387,358,437,482,457,405,468,405,464,428,415,422,393,378,410,452,437,430,418,400,423,465,381,382,393,396,416,422,452,466,402,430,434,441,422,439,454,385,476,425,406,458,388,398,458,453,399,407,439,425,443,430,413,406,443,405,430,414,459,400,398,405,387,467,446,393,399,405,451,437,405,437,444,451,438,408,380,457,448,423,407,419,386,425,390,432,399,403,410,445,426,448,432,440,423,407,457,405,435,426,421,404,450,441,466,466,378,409,425,449,400,413,418,440,383,406,424,428,429,420,374,412,438,417,436,387,416,435,453,407,459,448,357,464,413,449,430,432,444,426,428,416,388,416,443,474,420,419,407,408,430,466,395,431,440,420,384,426,399,413,399,383,411,390,415,390,403,447,438,433,418,421,369,442,434,390,404,419,379,418,401,414,437,465,417,435,410,403,492,424,404,370,422,408,440,434,441,456,421,429,370,461,472,421,406,427,462,419,429,422,426,412,426,426,423,402,400,400,438,418,433,422,410,414,418,418,448,417,435,425,390,468,466,421,476,421,435,398,427,436,430
176,38447786,430,466,424,458,421,436,455,495,430,457,413,443,468,433,438,426,460,481,441,466,450,431,447,449,459,455,444,393,437,455,447,397,434,422,470,424,466,390,474,417,431,430,445,425,452,457,459,426,447,436,423,412,453,442,425,436,416,484,453,457,440,442,476,488,459,466,461,453,389,397,481,421,465,447,424,395,415,424,464,462,422,465,429,459,417,424,412,425,422,442,473,409,465,439,445,411,459,417,416,433,437,413,416,472,460,425,443,411,438,455,395,417,424,467,441,421,428,435,426,381,434,433,446,418,433,463,411,455,442,448,418,461,446,465,451,401,470,424,473,413,429,433,428,401,430,403,445,401,431,463,461,404,435,419,458,440,435,448,427,421,424,439,439,456,463,438,462,444,442,432,439,451,479,438,435,451,411,447,453,392,417,429,473,426,474,506,456,399,420,473,436,420,421,473,460,427,404,498,448,453,407,460,447,466,433,450,396,469,437,456,383,436,490,401,427,446,459,466,453,437,365,431,456,426,453,423,416,449,497,415,443,417,466,384,438,454,449,438,398,398,405,391,468,434,442,461,451,430,452,468,459,410,439,441,451,424,431,439,413,447,466,417,443,413,422,428,417,472,429,424,421,477,415,413,435,443,414,485,442,430,422,401,438,441,463,433,396,428,430,443,436,483,443,487,432,433,412,406,432,404,467,413,398,405,447,403,381,404,463,452,396,436,434,456,454,446,467,430,408,397,424,415,458,482,459,435,417,431,424,432,455,383,471,473,445,430,460,432,490,439,459,456,480,443,418,406,450,409,427,465,462,423,433,436,444,430,409,413,438,452,416,431,447,474,468,451,443,482,471,423,391,414,388,443,449,417,419,451,432,467,449,441,428,476,422,421,458,414,411,436,440,448,457,449,447,427,400,437,419,374,415,458,442,442,382,397,437,468,440,456,474,460,480,453,412,416,467,401,426,391,445,429,456,432,389,455,440,454,418,421,414,430,437,421,419,441,493,470,450,455,488,421,366,431,452,413,366,456,436,414,462,392,447,443,430,442,447,439,454,415,398,466,474,422,447,478,448,403,423,394,478,408,442,426,450,419,413,415,432,471,404,435,413,470,448,463,462,411,418,406,434,464,444,431,428,433,428,467,448,427,408,428,421,435,451,447,436,418,419,417,453
176,41069226,424,455,473,456,468,474,409,391,449,450,454,419,466,439,427,453,442,494,439,425,452,477,457,449,400,483,463,473,460,437,438,482,428,448,433,418,424,463,437,412,408,437,438,458,422,501,465,448,465,415,439,466,436,426,463,392,474,399,438,422,442,448,455,428,456,392,425,466,432,443,426,445,451,449,437,459,429,448,461,449,426,469,458,463,450,426,426,469,511,449,457,457,440,416,457,395,447,430,414,458,469,449,495,416,451,424,479,412,477,427,415,451,460,455,421,429,500,436,412,418,422,451,435,454,413,438,442,416,460,441,427,452,435,418,435,446,464,462,420,442,431,417,418,427,438,444,473,452,441,467,415,437,447,452,404,420,419,385,440,495,496,434,476,453,407,463,455,457,425,457,412,463,462,453,447,454,410,429,472,425,455,460,480,423,472,427,447,437,434,436,423,422,478,394,477,383,466,458,427,474,432,438,488,442,438,440,402,456,444,417,424,418,406,410,481,447,402,403,421,456,406,428,416,439,458,448,428,446,461,449,436,477,399,470,468,495,480,408,390,439,472,431,468,442,456,426,467,416,463,451,406,443,440,460,434,450,474,408,468,435,455,491,479,450,472,425,449,451,492,408,461,461,423,443,410,442,481,448,441,427,459,449,439,440,406,430,449,413,420,450,453,448,431,455,389,421,460,423,457,457,437,445,447,445,460,449,441,441,471,463,429,429,451,457,425,446,442,435,437,457,417,421,428,461,495,462,457,454,435,431,431,410,408,413,425,445,489,452,449,413,421,427,459,418,414,451,458,457,470,452,415,432,442,422,435,437,423,465,427,432,428,459,469,411,416,438,468,452,444,429,482,446,453,475,442,456,435,456,416,400,405,409,403,404,480,487,438,422,424,439,426,473,430,457,447,432,463,438,361,442,457,430,454,439,441,427,437,389,418,421,431,428,483,427,418,425,420,428,445,455,481,428,426,431,472,460,463,453,410,438,449,422,444,459,436,460,421,431,430,461,433,440,425,433,420,437,451,438,442,437,449,451,383,473,452,426,444,457,434,446,503,444,447,402,428,433,430,453,432,408,462,458,438,441,475,435,472,451,460,387,411,434,443,442,404,428,454,471,424,438,459,420,429,472,461,435,435,470,443,448,417,422,459,418,429,468,438,447,483,460,460
176,43690666,456,494,436,429,451,447,454,439,461,472,433,430,426,486,421,487,481,493,456,438,451,468,427,434,483,448,458,488,434,431,465,450,440,483,440,452,450,444,425,464,478,438,452,461,439,460,427,447,473,414,455,412,442,418,466,459,486,478,432,441,401,479,427,421,450,440,497,456,489,436,493,467,443,495,447,475,477,441,439,463,422,428,395,450,502,445,453,460,443,447,441,487,449,476,432,452,485,479,421,476,436,428,478,464,442,474,428,445,464,480,429,475,439,464,426,431,461,479,476,489,442,449,437,439,438,461,442,439,490,493,466,461,455,413,467,413,465,469,441,483,469,438,452,471,430,452,465,446,466,429,440,481,437,401,467,479,485,433,393,475,429,456,466,450,463,432,496,495,452,427,444,463,448,445,427,436,423,447,432,527,450,462,455,457,438,456,436,448,425,446,471,435,432,469,440,470,435,554,488,432,462,470,423,448,477,444,445,461,436,452,443,438,496,462,428,478,449,472,432,449,450,460,460,440,485,428,443,467,403,464,433,474,451,463,423,477,444,473,468,426,501,437,448,454,431,490,433,474,478,435,448,463,443,479,477,447,440,457,437,475,469,438,472,496,474,468,464,469,435,460,453,454,448,499,454,474,428,437,442,473,448,447,459,462,439,451,453,447,434,448,445,477,476,450,455,449,447,468,477,456,438,466,460,447,484,456,442,445,467,470,453,439,470,447,487,404,449,456,450,479,429,460,477,446,494,430,444,455,425,479,443,392,466,446,456,461,446,457,455,439,431,417,466,481,419,406,480,477,460,442,407,432,447,422,437,409,438,466,414,458,464,477,459,449,440,447,488,438,448,461,428,418,486,422,433,447,472,465,443,457,512,407,460,440,468,387,470,473,478,477,506,445,453,464,481,482,443,464,419,447,478,446,470,420,437,495,449,478,453,466,414,445,461,463,493,408,474,498,435,485,441,443,436,513,427,431,487,490,475,443,444,444,438,481,426,439,477,437,437,482,453,490,457,449,453,489,445,447,457,435,420,499,467,443,468,485,501,460,440,483,447,472,428,488,491,486,422,481,425,448,447,468,488,479,452,419,477,462,462,456,464,444,450,466,472,474,475,448,494,454,451,469,446,429,464,445,429,426,460,393,466,487,534,461,475,464,395,477,455,482,430
176,46312106,465,475,483,457,457,448,440,426,469,455,558,471,463,475,482,548,454,487,444,466,493,471,461,462,470,450,469,490,466,480,436,447,457,420,503,455,480,478,430,437,444,472,482,425,431,442,468,437,504,465,438,471,452,450,484,465,458,462,510,476,443,442,485,486,413,456,474,482,456,476,518,482,437,469,462,431,409,464,509,438,444,407,478,496,436,453,510,485,428,494,476,460,439,478,474,466,423,479,435,464,433,503,488,441,464,512,443,443,476,469,456,485,472,468,486,480,456,428,477,453,499,454,439,449,456,465,477,441,509,459,454,451,439,440,482,427,472,420,507,426,428,460,482,449,426,449,442,451,488,498,430,467,478,446,505,453,488,444,464,502,501,507,476,468,441,429,475,490,509,417,438,436,474,449,483,448,463,413,434,471,468,477,512,431,514,453,427,456,463,477,463,479,456,468,451,490,462,471,464,467,471,445,446,459,451,468,439,528,456,448,467,493,427,456,460,454,438,466,446,443,476,449,428,449,517,467,418,444,464,478,480,402,490,485,447,435,487,454,416,481,448,435,435,427,457,506,437,467,467,463,485,456,431,461,451,464,501,446,464,427,450,464,448,468,445,483,483,485,499,464,479,430,523,476,483,463,470,482,449,458,438,465,441,456,445,464,417,449,472,427,509,473,537,456,421,453,438,518,469,457,465,436,455,458,406,447,446,453,482,452,446,449,423,485,509,438,448,458,481,476,522,459,493,434,492,422,472,513,455,480,457,479,479,460,478,447,462,438,480,462,473,474,403,452,427,443,417,510,466,488,485,434,466,453,476,478,509,459,453,456,471,481,486,474,436,475,475,427,452,486,428,436,467,443,441,482,438,472,426,486,445,484,454,456,421,514,449,469,443,413,475,477,487,456,441,439,480,422,467,471,455,477,421,459,450,464,479,502,454,492,447,422,470,478,437,440,456,427,523,450,504,501,452,477,476,451,448,416,506,471,461,456,460,505,445,403,437,474,471,440,450,457,480,450,456,496,470,413,467,477,472,467,443,455,462,476,462,469,449,487,506,455,441,478,458,445,483,461,468,465,432,448,481,477,485,434,473,446,445,496,421,433,469,468,440,482,467,445,474,520,484,447,428,454,467,466,465,483,487,456,466,454,468,440,462,446,462,484,477,459,446
176,48933546,494,480,500,436,463,450,521,468,496,519,504,493,458,477,485,488,522,470,460,480,512,485,483,476,536,457,480,475,482,502,517,460,501,493,502,467,471,479,505,460,477,458,477,459,448,492,498,506,472,459,474,502,495,471,434,481,527,449,445,460,492,517,477,481,479,447,486,457,485,443,463,486,502,459,457,478,478,491,454,459,473,529,507,501,488,528,454,463,444,455,460,500,508,519,513,499,463,470,465,479,451,522,461,419,541,432,511,493,485,465,474,502,490,477,496,485,473,469,486,466,429,455,476,437,494,460,439,476,483,444,497,430,478,483,484,479,484,492,468,513,498,471,482,455,510,454,455,460,458,437,442,482,451,472,533,472,459,505,465,490,468,456,453,481,484,442,485,444,486,465,438,474,496,484,477,446,510,499,454,492,472,482,501,486,466,516,494,450,462,507,447,477,486,482,503,450,465,482,489,501,448,456,469,500,486,491,462,492,493,467,476,459,485,486,485,528,491,490,488,443,479,513,473,455,489,508,474,508,537,458,492,471,466,495,478,482,504,454,459,470,472,475,502,453,412,428,472,435,449,516,499,521,558,523,436,473,480,477,493,479,485,450,491,474,472,471,495,482,475,498,503,470,447,504,434,456,495,446,477,461,524,476,483,433,493,485,448,492,439,511,474,467,466,435,463,467,472,477,505,515,464,476,518,467,523,473,508,491,453,473,498,487,473,476,492,484,450,501,498,443,456,476,463,444,478,497,468,474,469,489,479,480,499,494,441,490,454,447,472,449,498,460,454,455,458,448,517,508,473,524,544,506,506,525,518,475,476,460,496,504,460,493,478,446,441,539,476,434,524,525,458,484,502,422,500,490,449,433,443,451,467,457,497,514,463,501,514,500,454,474,530,483,493,467,439,517,478,524,454,479,414,467,476,465,501,500,470,519,476,464,497,543,475,484,488,461,473,492,474,506,557,471,474,492,495,502,524,475,458,449,485,466,479,512,430,498,470,486,447,441,502,518,465,433,501,494,485,467,475,437,476,452,492,491,499,485,492,451,497,489,476,525,514,476,513,492,504,482,473,450,514,548,455,487,506,435,468,452,481,453,502,505,500,473,444,532,516,508,461,471,441,453,507,470,502,453,463,496,481,495,449,479,511,513,552,472,495,483,509,468,456
176,51554986,502,458,472,532,467,487,520,543,462,461,538,490,481,510,504,467,535,509,470,498,488,495,522,500,459,537,493,444,482,543,505,473,435,453,503,538,454,501,457,476,503,494,467,500,522,449,492,464,580,432,507,494,481,501,543,517,518,500,478,549,503,522,471,513,513,493,529,480,459,484,511,519,509,431,467,494,532,516,537,528,501,492,569,471,546,572,469,481,469,473,457,491,506,470,491,477,447,494,504,529,487,486,545,485,490,503,556,510,522,487,484,462,506,507,461,467,507,459,497,505,473,561,468,501,495,510,468,505,480,485,461,511,566,487,501,517,496,518,475,495,469,510,461,483,518,464,518,475,545,487,456,470,465,498,521,459,474,574,485,552,460,562,507,506,510,525,529,535,542,507,528,474,488,507,521,476,458,496,499,500,464,494,507,521,493,487,488,502,427,501,497,480,483,471,531,510,501,456,487,492,437,488,477,556,490,518,497,474,531,513,493,532,525,459,519,512,496,483,498,556,474,483,515,481,465,540,460,492,476,545,460,511,534,503,440,476,493,461,479,486,557,522,452,481,459,503,469,508,476,505,527,512,478,486,527,462,503,501,510,507,509,480,490,518,481,493,519,496,540,461,472,471,512,474,476,515,484,429,462,524,465,548,467,463,518,494,514,527,479,510,515,584,467,512,535,485,498,513,484,497,509,576,472,541,523,486,501,538,516,459,509,511,508,480,501,520,450,492,486,491,513,450,501,472,507,523,514,496,533,508,482,482,550,559,524,551,524,535,518,529,489,488,504,500,433,496,515,472,512,520,480,464,522,447,521,486,482,529,475,533,533,530,499,478,477,466,494,503,531,459,488,503,486,492,500,545,447,448,450,488,461,539,480,518,609,502,506,507,490,495,535,509,552,499,491,482,448,529,507,496,500,517,560,464,499,526,490,497,472,507,483,505,516,482,487,453,511,466,475,551,515,501,477,519,468,476,464,491,515,550,498,491,470,433,486,481,521,464,486,528,459,505,528,485,509,503,464,492,496,464,512,474,509,544,507,464,495,500,517,586,467,500,591,487,458,477,507,495,523,517,489,509,497,539,440,503,576,534,508,511,484,496,504,527,560,539,536,516,478,458,529,496,459,433,493,503,479,482,455,465,493,534,564,529,564,459,468,458,495,492,478
176,54176426,535,540,491,505,522,498,505,550,591,563,495,507,573,557,509,474,500,486,561,579,529,484,520,488,487,516,524,586,485,527,542,533,541,476,500,531,546,542,507,530,487,528,565,539,522,505,512,503,474,500,531,486,503,547,548,534,504,494,477,544,507,538,537,494,559,535,531,568,501,523,498,514,528,504,533,532,505,514,569,545,538,488,501,537,535,495,476,498,484,483,554,525,537,496,539,547,478,501,557,458,469,534,501,587,507,502,485,507,478,552,482,519,487,490,522,496,523,490,525,526,551,509,585,492,517,531,532,509,521,506,546,519,536,549,528,549,520,534,534,478,563,495,568,493,544,499,515,513,529,467,473,518,485,526,511,484,570,542,472,476,500,514,512,485,571,498,529,472,513,506,562,559,508,507,540,534,536,472,507,531,524,512,571,529,523,583,501,517,564,555,503,566,533,505,480,495,516,531,509,551,538,561,496,546,513,558,522,545,491,494,517,510,564,519,501,608,563,515,502,555,539,485,500,530,479,483,439,518,546,524,523,490,526,528,493,493,507,519,509,501,519,526,526,509,482,486,471,513,477,499,510,521,460,553,539,506,503,475,485,587,535,492,489,500,573,517,524,547,515,525,463,528,481,496,526,527,525,514,484,542,518,463,489,518,495,506,586,507,553,520,494,524,515,507,486,463,511,513,517,518,542,531,573,538,517,535,506,498,507,474,545,554,570,496,525,495,477,486,555,527,527,548,554,537,516,492,517,450,576,531,475,561,468,512,499,572,517,559,476,567,559,558,512,527,555,525,442,468,527,519,532,542,495,501,536,549,572,542,502,549,519,539,581,530,509,551,479,540,508,462,518,546,470,533,513,530,521,545,499,492,489,473,484,483,523,516,518,506,467,528,538,506,512,508,519,481,547,549,575,512,536,492,522,529,487,506,510,530,478,480,527,606,497,547,556,524,493,519,561,480,529,543,536,504,498,536,486,544,483,504,496,534,488,490,539,521,534,556,528,454,483,518,526,521,575,473,542,586,540,509,516,499,473,479,567,475,513,513,483,490,539,490,513,488,472,477,509,471,528,522,509,529,464,466,498,517,545,486,545,468,609,457,477,490,430,552,514,569,471,524,462,511,544,537,537,564,536,582,476,512,503,503,489,452,491,548,540,532,463,475,448
192,27962026,352,336,322,323,338,334,342,349,315,363,327,303,322,271,319,300,360,325,336,360,334,341,345,299,314,301,308,354,314,308,376,341,373,349,314,285,383,275,301,370,320,336,336,296,341,340,391,362,339,310,328,345,322,337,334,301,343,333,359,286,377,290,366,368,299,372,317,330,296,299,326,312,313,352,379,351,322,271,356,302,309,337,296,359,359,334,311,366,322,308,344,350,325,349,326,312,297,355,348,310,349,360,346,336,351,287,386,320,366,325,336,324,381,342,344,290,346,329,354,344,394,345,364,334,385,365,318,308,355,366,289,378,331,332,344,352,337,362,355,347,309,312,327,319,314,313,343,340,323,343,396,311,322,374,296,363,322,348,347,348,316,287,312,352,340,339,335,356,336,353,332,335,336,416,367,360,365,312,326,361,346,331,321,330,309,325,346,322,357,367,346,293,342,336,396,366,369,355,331,337,355,351,325,284,345,346,366,322,367,343,260,298,337,307,357,335,311,334,360,310,357,299,346,318,310,352,323,310,312,321,301,334,326,382,429,380,345,344,358,347,325,355,301,330,377,375,328,301,314,348,376,355,328,315,364,331,297,324,359,294,288,404,326,352,358,307,338,368,336,378,333,389,322,360,311,342,300,337,367,347,329,310,386,355,335,336,302,372,381,301,272,356,334,288,335,335,328,349,341,334,288,374,319,303,340,313,316,340,336,335,310,338,370,416,373,359,347,325,321,391,403,348,412,386,368,345,324,380,355,316,362,337,346,354,334,311,359,347,347,338,299,356,385,369,361,355,303,379,332,286,303,403,324,338,336,334,397,340,330,363,284,330,286,374,358,302,346,349,295,340,296,347,367,326,323,357,284,288,348,334,345,352,358,314,273,335,377,323,367,364,351,358,399,347,350,374,286,352,349,389,324,296,346,393,402,292,358,308,361,408,323,359,321,334,329,344,313,289,299,324,319,323,371,383,327,424,346,335,360,368,348,286,291,327,349,360,307,348,283,353,324,323,340,348,319,347,392,319,366,310,327,287,312,404,299,293,310,346,333,307,371,346,301,334,349,368,283,332,352,314,362,335,300,346,346,310,308,307,329,384,339,345,327,340,365,332,370,316,322,314,334,349,319,358,286,333,358,323,381,296,344,351,369,369,311,295,351,376,321,380,344
192,30583466,383,397,349,354,319,362,385,363,365,384,387,347,347,356,368,334,393,343,336,357,375,360,322,314,393,340,363,411,437,393,400,315,372,331,350,389,391,358,333,399,346,313,397,336,340,360,335,403,393,378,369,414,339,357,362,367,369,387,329,433,343,353,408,318,393,297,329,388,406,396,391,387,407,336,393,362,349,305,383,357,364,322,341,383,326,307,344,375,349,359,392,351,384,396,344,345,345,334,353,365,344,333,361,360,377,346,346,368,347,332,320,349,412,325,334,352,391,380,355,381,356,390,368,412,378,379,406,387,440,349,359,334,377,367,405,362,367,328,366,378,370,377,345,400,329,393,334,381,426,320,361,375,370,359,388,345,380,377,368,374,347,319,362,333,381,392,320,390,370,336,396,346,357,360,266,372,359,392,370,366,358,321,346,312,330,360,310,363,321,338,354,389,321,405,414,359,348,294,332,344,362,365,322,326,424,345,373,376,362,324,393,366,380,394,367,345,373,375,402,359,429,380,322,368,357,322,358,356,346,348,372,348,394,448,316,367,350,401,375,378,346,392,362,345,340,309,360,355,356,419,346,401,341,371,380,394,367,388,380,359,352,342,356,319,376,379,361,402,369,372,352,383,337,416,339,358,324,362,337,381,336,343,368,313,388,391,342,370,404,305,342,332,376,374,350,378,333,367,299,345,348,343,386,360,349,317,360,324,344,440,368,357,323,462,358,327,360,322,304,381,353,364,400,351,391,335,334,356,346,376,370,346,373,341,363,380,338,348,377,353,426,355,334,381,376,369,332,370,355,407,377,371,307,364,377,348,370,338,440,337,332,330,344,367,371,351,344,405,365,352,372,390,376,374,348,323,369,370,365,407,354,378,336,322,343,367,379,329,383,366,334,365,398,354,346,396,364,382,335,288,371,378,340,318,364,349,320,398,379,334,359,303,351,389,358,366,376,337,404,356,399,346,404,331,430,355,395,380,381,382,331,384,355,377,316,360,367,338,328,370,366,342,350,374,316,345,365,375,342,346,359,358,334,334,355,421,372,377,310,358,358,333,396,349,365,382,360,367,338,395,338,414,359,388,372,311,417,358,397,372,370,353,387,355,428,352,399,340,416,359,373,369,346,432,396,364,388,347,363,407,365,408,344,375,332,386,380,310,366,360,406
192,33204906,448,339,412,393,389,415,434,378,412,323,365,346,377,385,390,360,381,285,346,331,431,390,431,419,405,376,393,392,379,398,431,417,384,392,383,446,427,389,408,413,333,378,409,448,403,327,432,384,384,393,379,391,417,382,350,385,374,459,382,381,414,392,417,368,420,371,336,417,408,466,402,373,420,366,405,386,361,415,393,356,387,415,370,394,418,322,409,400,343,388,386,394,415,362,423,456,374,421,376,406,348,398,367,357,377,423,328,397,356,416,439,423,403,455,386,378,395,373,397,383,396,390,386,423,407,418,364,414,375,360,393,379,367,424,350,370,371,359,377,395,394,395,325,367,377,348,393,347,433,371,381,428,356,368,348,381,407,379,405,361,416,423,374,385,452,342,397,389,388,374,389,424,383,411,359,384,451,438,373,354,409,340,416,343,403,417,408,433,395,384,361,438,374,387,423,370,444,346,428,391,352,366,385,390,331,359,379,368,384,384,357,397,356,354,416,358,416,403,405,389,421,434,433,384,408,361,347,452,387,404,388,391,395,412,366,420,362,408,364,389,356,399,377,421,377,411,335,418,414,351,408,433,357,399,409,372,415,386,455,395,397,378,383,342,364,426,341,366,440,387,382,404,365,410,361,380,390,365,377,362,396,400,350,443,387,369,380,407,402,338,406,366,465,425,379,413,396,392,444,407,338,384,418,381,383,412,374,417,340,309,361,388,334,390,409,380,381,427,402,408,392,413,345,335,401,391,329,364,333,386,377,380,333,433,378,358,432,410,419,375,335,398,370,376,389,426,351,389,406,382,404,359,333,432,397,416,401,368,449,411,382,392,346,382,387,361,411,389,429,393,320,365,380,432,322,364,397,377,359,403,392,360,409,413,384,399,338,444,390,420,399,373,365,352,423,395,413,444,412,392,395,347,393,370,389,394,372,460,396,347,377,353,366,399,378,367,397,356,394,379,439,361,418,338,373,379,346,375,389,357,423,346,447,347,465,436,345,452,354,414,336,398,384,408,369,360,381,363,395,396,369,414,392,396,337,373,397,387,414,425,387,415,401,373,388,421,358,429,350,424,380,366,377,419,383,353,409,414,349,370,397,468,402,395,398,401,393,400,417,419,331,385,388,400,355,378,367,352,345,400,409,375,370,406,404,424,367,393,441,373,370
192,35826346,402,452,429,420,408,376,389,413,412,420,436,441,413,392,433,390,439,394,445,383,490,384,379,423,420,383,402,424,462,415,389,398,460,394,367,408,391,434,382,361,425,381,397,407,438,404,396,347,423,429,370,393,412,315,402,501,376,398,418,404,439,372,369,371,408,421,398,401,338,385,421,407,429,424,334,419,403,392,378,459,405,435,425,384,416,424,392,428,373,403,462,403,396,458,397,411,412,404,390,352,398,395,407,449,420,408,438,369,360,428,382,408,401,418,401,393,430,402,415,403,418,405,331,399,434,443,424,435,400,392,405,402,415,426,380,394,405,390,419,383,404,435,394,383,403,380,358,409,369,435,349,332,396,403,389,411,405,354,422,396,404,403,380,404,419,386,419,433,398,398,383,443,384,423,450,430,434,382,434,401,394,440,415,421,391,400,405,414,426,380,402,392,404,378,451,370,384,406,374,415,405,384,429,381,419,369,437,465,379,380,392,458,435,425,391,400,430,452,373,346,359,379,408,446,450,374,414,392,364,414,425,367,399,390,325,449,430,393,423,361,419,402,425,390,388,397,409,480,390,416,385,405,426,432,404,411,427,392,441,379,402,404,409,389,412,471,415,398,397,429,373,432,388,415,420,382,420,391,451,393,419,429,450,385,353,371,404,453,442,443,426,399,402,385,412,380,426,399,428,375,434,406,459,403,373,383,386,405,392,404,412,399,431,462,396,367,379,399,392,401,413,390,448,407,434,432,393,427,424,388,375,384,419,394,390,367,381,428,409,443,366,423,417,387,416,419,474,357,461,393,390,415,395,371,431,392,368,423,404,455,405,445,394,422,340,362,395,423,419,427,405,419,417,370,426,334,420,381,446,399,378,382,410,445,437,393,408,444,413,410,359,430,433,391,405,406,407,382,380,452,403,443,420,380,409,420,410,394,360,388,438,424,390,450,398,426,402,420,364,414,403,402,400,362,376,398,415,465,411,379,388,446,409,460,397,381,435,376,433,391,395,455,388,402,443,461,443,352,355,406,446,426,385,411,400,426,422,408,373,437,417,423,418,415,413,430,384,330,348,473,388,434,404,367,373,416,393,427,412,431,446,423,464,397,405,402,397,383,392,410,389,437,390,402,410,345,370,408,389,359,381,437,415,390,436,353,413,369,424,403,372
192,38447786,414,462,430,383,452,433,455,400,419,450,409,428,400,434,417,420,430,393,445,423,440,475,425,430,398,454,418,470,396,441,426,445,414,416,400,483,444,402,425,427,383,404,393,423,386,398,427,451,413,445,482,439,394,391,432,406,457,439,430,420,461,423,436,443,377,411,386,403,446,394,416,422,403,414,459,392,404,438,438,416,416,439,439,443,431,435,384,416,434,418,380,415,409,405,399,425,417,459,392,414,430,456,463,389,449,464,331,421,402,408,460,466,425,383,405,404,501,402,464,457,448,421,433,402,433,457,413,448,410,413,417,451,384,442,374,435,400,426,439,405,436,419,410,405,391,463,404,360,446,466,429,396,380,415,451,427,445,423,393,415,386,429,427,459,422,426,417,367,376,407,419,429,430,372,395,421,438,435,427,461,467,425,437,386,491,415,403,432,423,414,399,386,486,395,413,441,396,417,407,412,460,385,422,441,368,412,456,372,436,361,429,423,352,424,363,437,444,458,397,412,398,419,405,421,407,435,394,417,416,462,430,400,463,433,446,450,393,445,388,423,402,400,434,441,450,425,449,412,470,364,418,395,467,422,424,436,418,469,408,392,419,398,445,388,480,406,432,407,399,402,465,385,371,404,394,386,408,398,416,438,413,434,413,501,426,429,392,446,425,496,395,421,458,418,427,423,389,437,437,431,418,421,391,435,440,426,385,439,438,442,437,383,448,428,381,415,410,447,414,407,411,451,430,388,423,414,416,363,459,426,438,376,407,420,395,418,404,457,405,375,466,476,382,440,415,444,448,436,461,391,406,460,403,416,398,434,472,381,404,414,428,413,418,441,393,453,411,411,437,449,430,431,400,434,385,413,398,413,436,384,452,403,475,367,377,413,402,378,424,434,433,447,427,393,442,377,405,422,408,454,444,395,365,395,434,386,454,461,404,379,411,388,407,462,437,409,374,424,414,432,426,460,402,393,394,435,447,432,417,396,431,453,464,394,409,409,434,442,453,421,395,455,434,413,426,433,425,434,414,466,507,429,446,462,489,375,476,345,403,408,415,397,415,431,441,418,437,378,461,411,440,437,373,426,436,408,412,432,403,390,418,460,407,450,432,444,395,420,407,395,405,442,406,423,442,360,418,438,458,393,434,409,405,407,476,408,448,418,379,385,462
192,41069226,473,393,439,383,397,444,460,453,437,423,453,400,434,402,396,413,425,426,442,399,413,394,425,450,413,467,468,392,404,464,398,413,478,429,434,428,457,405,463,459,435,471,447,422,403,435,419,462,464,425,388,445,421,391,462,421,450,426,456,420,417,424,425,451,407,402,426,447,469,458,422,438,420,427,438,451,439,452,389,425,427,439,448,399,376,409,399,396,422,450,395,417,387,438,459,419,435,473,452,450,416,430,435,450,412,413,432,449,496,424,411,388,403,447,487,404,447,435,418,459,416,435,457,463,433,426,380,448,469,453,457,479,452,414,438,482,409,471,416,380,427,461,442,416,422,425,474,426,436,394,445,422,425,407,463,440,405,463,445,444,456,421,411,391,436,414,426,413,418,402,419,440,439,403,479,381,405,468,465,403,426,450,400,424,435,462,436,440,462,414,407,436,431,433,425,424,433,444,451,438,389,391,467,434,447,453,441,426,434,429,394,426,384,456,405,451,452,443,431,442,443,414,432,475,420,430,446,426,426,437,427,417,417,426,443,413,390,441,424,434,430,436,404,452,416,416,420,429,480,413,448,446,424,381,405,444,469,416,378,447,428,428,455,445,430,405,460,488,417,482,446,467,466,427,451,430,444,440,435,423,481,425,504,457,402,483,476,414,421,463,487,425,413,444,398,433,448,408,437,483,430,418,444,467,406,414,413,432,387,416,429,437,390,447,474,433,393,491,400,426,412,447,483,428,405,431,443,442,410,413,377,441,416,426,413,407,443,451,425,421,410,427,411,437,439,417,419,508,435,429,436,420,407,413,398,421,445,418,412,434,430,408,423,457,464,423,432,396,439,424,438,473,421,430,430,427,455,487,436,461,413,414,462,438,415,429,452,435,423,478,428,472,421,422,427,449,443,406,380,461,415,436,462,455,457,397,493,426,401,407,404,403,413,460,441,405,402,463,436,389,481,420,435,456,475,364,439,435,415,435,448,460,460,436,463,473,457,441,474,442,414,397,484,482,465,412,439,413,394,397,433,392,444,422,455,425,391,439,423,424,423,421,435,447,457,466,407,420,438,415,432,404,458,414,477,397,465,430,455,467,465,464,393,414,442,428,446,469,441,433,439,410,470,428,465,482,437,417,425,421,398,438,395,440,428,447,487,444,436,438,416
192,43690666,469,424,446,421,422,486,450,438,417,418,405,424,432,444,390,472,402,420,431,454,462,405,464,469,469,445,445,473,465,412,466,408,404,437,435,400,404,439,451,460,421,430,492,419,469,420,430,437,448,460,445,399,425,430,423,448,422,410,454,451,451,394,420,456,446,484,415,436,450,440,464,427,419,413,426,403,366,466,426,429,437,448,419,422,413,465,419,387,432,467,459,482,450,460,447,408,440,432,442,463,463,443,480,420,467,445,437,448,432,436,440,437,426,464,407,479,442,444,475,474,439,430,415,440,465,430,420,423,435,412,412,438,445,523,475,467,435,487,427,438,426,435,433,443,449,414,438,417,454,425,426,402,442,424,429,463,457,447,469,421,445,455,457,400,454,405,459,436,378,420,477,454,438,432,456,446,438,422,441,461,467,466,474,442,456,427,433,468,435,434,434,418,467,524,467,423,498,456,375,452,447,425,488,398,415,448,434,443,415,451,411,380,434,471,417,426,446,456,436,434,458,453,424,456,436,462,418,405,462,491,440,431,412,445,451,463,429,423,457,429,452,406,448,444,439,414,456,465,430,449,438,445,430,440,444,459,435,425,412,463,466,453,493,457,454,444,410,431,428,394,446,389,432,421,440,441,492,450,453,395,442,425,478,446,420,412,452,452,460,429,463,426,478,440,441,388,422,463,447,471,413,394,417,438,461,431,456,448,429,449,436,440,436,457,422,467,455,442,396,402,480,470,431,457,438,480,374,450,399,411,474,434,426,458,434,421,472,453,468,412,415,447,451,445,457,472,430,448,431,445,454,471,474,448,469,441,442,468,432,428,439,426,472,463,432,448,416,457,480,476,430,433,464,431,431,480,401,438,400,471,410,438,410,444,403,437,396,433,444,428,452,412,451,439,441,426,445,449,433,449,435,492,434,436,445,456,406,464,422,437,394,426,438,413,416,405,477,453,443,417,429,451,438,463,467,415,449,455,488,415,457,469,403,453,455,422,407,464,451,420,467,435,418,426,464,452,433,480,406,437,444,457,430,476,455,432,453,495,473,473,403,437,442,446,454,412,405,418,449,412,414,436,440,500,425,472,442,447,443,399,485,473,462,446,407,419,425,449,454,459,445,417,420,410,483,447,465,458,447,403,461,423,470,450,430,423,428,434,424,459,437
192,46312106,421,433,478,478,498,466,435,429,443,469,419,481,490,482,450,441,491,439,431,450,494,499,449,435,431,432,452,503,463,482,448,448,399,456,459,429,451,463,456,438,471,440,463,453,473,420,472,499,451,443,420,423,466,445,476,442,451,462,423,429,443,477,448,468,426,477,428,449,430,483,501,463,470,392,476,450,437,465,405,467,468,448,472,447,466,464,423,477,461,427,433,486,440,448,458,458,457,465,485,448,451,432,458,457,496,468,465,490,454,472,440,477,455,473,458,464,439,462,457,433,449,458,466,396,431,424,435,469,462,443,419,436,460,462,453,419,465,450,441,428,437,455,439,409,449,442,470,439,440,460,475,448,493,435,470,459,428,410,488,432,475,432,442,458,421,403,504,457,466,471,473,444,441,423,444,447,493,492,467,487,452,520,490,480,469,498,518,467,450,474,492,445,444,453,439,418,431,459,469,452,462,415,429,431,472,448,521,429,473,451,416,452,394,514,407,492,451,412,461,466,482,383,473,486,444,462,450,434,462,453,451,477,452,427,451,464,500,474,459,436,434,484,417,458,469,477,439,419,392,511,480,378,450,452,452,459,450,447,439,436,446,445,421,470,447,499,482,437,481,462,472,485,470,443,406,465,449,470,500,426,471,410,427,452,465,451,483,473,466,457,434,468,415,444,485,459,518,451,467,476,460,458,443,414,485,415,479,439,448,455,483,469,460,468,439,420,503,457,465,430,428,443,421,455,483,451,468,486,479,459,466,505,453,495,466,452,404,479,475,453,457,453,463,442,430,435,447,451,423,437,496,485,447,428,463,456,483,443,490,465,443,451,474,410,443,452,459,467,439,437,437,419,445,426,436,390,425,490,411,482,434,450,421,419,453,444,453,442,437,481,453,446,517,452,443,480,420,447,441,456,427,454,424,450,453,425,413,470,455,440,470,474,466,478,446,464,426,432,485,425,434,497,446,458,474,453,437,482,520,440,473,457,454,454,444,447,487,464,479,450,431,401,430,465,452,454,489,448,486,464,426,461,414,452,420,455,461,460,498,486,445,500,442,450,436,465,437,485,448,432,433,490,463,469,435,452,434,466,469,426,449,498,443,405,439,460,442,467,441,409,406,435,451,466,447,438,455,493,428,396,431,468,460,464,465,450,456,455,457,443,436
192,48933546,439,451,448,424,491,529,509,394,445,463,424,468,486,490,476,439,424,453,459,485,417,427,492,446,496,489,478,491,466,491,470,489,473,470,478,497,427,448,445,463,484,502,480,452,544,467,486,490,491,433,463,458,480,480,461,477,500,473,455,450,456,475,439,411,434,506,460,463,501,465,497,430,469,463,460,415,468,530,488,407,460,470,509,488,456,495,450,420,500,450,453,469,462,467,445,477,486,484,475,503,484,457,457,441,462,462,500,505,493,447,470,452,436,445,477,484,540,486,447,454,426,439,476,470,401,443,458,448,504,440,445,471,458,466,485,444,488,466,492,462,458,470,405,411,507,432,464,457,482,432,492,416,468,466,449,483,477,448,482,459,429,513,440,471,477,462,466,485,474,450,442,443,456,480,516,432,501,445,487,488,436,487,486,466,458,488,487,484,440,460,455,483,466,487,450,437,487,483,446,464,459,425,483,495,451,481,447,451,586,474,431,477,518,455,495,481,474,510,455,445,504,499,508,444,461,469,440,459,456,503,487,443,433,494,460,411,395,423,496,440,459,473,470,445,457,475,488,524,472,495,452,453,463,451,470,475,483,486,479,511,473,478,432,491,493,469,480,464,481,468,440,510,438,484,502,469,466,479,468,442,472,488,507,444,441,459,496,478,453,435,484,455,476,511,488,459,437,472,478,503,426,418,497,466,447,425,499,478,443,474,469,464,450,501,459,484,449,483,521,483,453,493,501,446,434,433,422,429,435,472,404,472,469,447,444,452,496,468,456,424,429,469,464,509,461,431,451,458,446,455,457,473,413,465,446,491,444,448,418,440,505,464,460,446,462,469,467,511,436,465,465,443,460,455,471,473,453,533,447,465,491,456,486,470,426,430,433,491,464,460,436,484,504,478,470,479,470,470,492,437,479,461,448,449,465,443,422,433,464,503,476,442,423,485,418,487,455,452,468,475,429,496,405,470,483,440,498,458,475,429,458,440,504,440,496,443,469,445,489,482,427,459,435,492,404,445,499,458,467,440,477,452,504,439,477,458,486,483,440,406,466,499,446,460,492,455,478,416,467,447,433,511,479,520,474,476,467,473,480,494,469,449,534,430,486,465,493,443,492,458,454,470,458,467,469,467,492,469,493,483,426,483,447,465,463,449,508,491,440,486,495
192,51554986,474,443,409,457,427,457,482,459,483,488,575,450,512,437,471,427,507,444,490,524,526,512,489,463,461,468,524,455,471,463,456,493,456,473,478,489,470,426,480,470,473,554,532,518,543,451,512,509,494,465,473,492,531,502,515,435,466,520,468,444,442,474,468,483,445,472,448,443,502,492,502,471,478,444,494,498,432,473,470,480,540,506,511,443,513,486,478,514,502,459,572,527,522,491,464,467,506,454,519,491,496,469,443,459,492,515,463,457,485,518,487,470,515,513,462,458,572,521,472,459,467,474,420,493,459,438,526,437,488,469,436,583,488,438,477,494,516,501,530,495,525,466,545,480,454,461,474,541,493,487,456,483,459,465,497,499,459,471,470,514,501,486,491,464,518,466,499,481,522,448,502,448,470,491,440,451,490,520,488,472,452,472,468,450,530,501,438,465,454,470,482,459,487,474,450,463,469,590,500,455,499,463,436,504,543,467,519,424,475,447,458,474,461,496,517,481,510,475,470,501,506,502,463,472,506,457,491,562,476,459,491,498,453,467,518,469,502,488,471,495,451,441,456,440,494,446,503,473,494,501,466,473,491,523,504,437,505,464,521,478,483,462,486,454,482,473,481,504,460,516,486,491,511,470,451,443,437,467,463,473,438,459,470,463,475,438,477,461,414,454,507,508,494,518,449,475,517,443,450,495,501,484,487,473,503,418,474,516,515,530,530,533,510,449,456,539,477,469,460,423,472,458,515,472,447,516,500,462,468,454,484,464,462,503,417,458,480,484,490,502,478,516,494,455,473,521,451,451,532,487,492,519,432,524,445,514,464,522,430,496,464,464,448,470,468,462,436,469,478,480,428,500,496,453,491,517,430,457,436,454,422,489,467,473,541,469,505,509,489,500,502,491,477,431,515,481,452,486,504,499,452,530,521,479,449,475,523,517,449,497,543,452,512,477,464,460,517,425,425,467,460,475,570,455,510,513,502,462,510,475,493,465,498,476,461,514,491,493,495,496,447,479,453,493,449,492,470,544,528,492,447,450,462,495,494,423,493,465,501,450,526,505,478,514,429,506,456,482,501,525,484,469,481,478,526,469,508,527,462,476,450,472,499,496,483,485,496,452,477,448,507,474,465,430,480,458,502,458,502,500,451,460,517,472,509,427,507,455,482,458,509
192,54176426,456,479,516,521,453,513,576,453,451,463,516,483,547,545,496,487,470,496,504,503,540,511,488,517,478,463,477,434,464,473,512,486,492,491,508,449,514,484,527,529,489,479,482,477,465,514,496,528,504,489,488,477,476,465,488,552,515,512,525,532,503,540,561,496,521,483,457,527,507,489,489,494,501,528,480,464,480,508,526,497,501,475,472,516,455,543,502,455,506,482,514,524,502,518,496,452,489,515,515,513,478,509,520,483,500,439,489,485,441,507,555,460,569,529,517,512,516,539,482,515,453,511,469,493,521,460,478,527,493,514,464,435,490,529,530,503,474,475,457,545,496,462,502,505,469,536,516,505,510,521,470,488,473,475,483,488,463,511,530,463,555,469,457,529,506,538,500,480,552,478,488,512,512,497,517,488,472,496,451,509,498,518,477,557,457,461,503,452,495,480,524,517,458,501,530,480,496,456,527,565,449,555,487,483,463,515,517,531,466,465,477,555,506,469,487,505,435,484,499,496,518,538,450,528,533,488,526,461,533,508,439,504,458,523,483,484,547,451,521,505,534,545,482,518,511,430,502,476,498,507,535,505,530,532,521,533,523,479,507,494,518,472,526,508,453,566,515,515,471,506,505,453,495,506,490,554,492,467,523,526,541,497,496,460,472,504,495,541,472,472,477,518,468,476,515,525,489,536,471,468,521,513,478,532,497,493,458,474,463,484,512,499,523,469,439,483,536,481,509,496,510,467,494,486,534,492,491,453,513,460,568,529,506,532,458,541,450,502,486,488,591,528,554,473,481,460,480,496,494,516,499,513,509,555,516,483,558,469,450,474,509,489,484,456,487,522,521,472,511,481,460,511,471,477,465,478,552,505,534,523,465,474,499,512,529,506,493,503,506,481,467,522,433,471,533,509,478,544,493,508,495,496,512,528,528,469,532,535,455,494,533,490,495,472,484,512,496,534,513,475,460,504,465,450,479,479,524,529,488,504,526,535,516,554,493,507,452,514,436,528,502,458,464,487,446,482,493,547,480,486,481,480,516,505,505,452,455,475,476,471,485,481,432,462,529,507,523,474,527,516,544,502,517,471,497,440,516,472,443,455,510,539,478,497,516,510,512,537,476,479,538,486,569,562,563,479,502,501,466,475,545,440,449,520,563,477,509,487,483,572,454
208,27962026,309,306,332,344,356,333,332,287,323,323,303,315,354,325,335,343,299,353,309,350,363,315,297,296,323,325,316,328,299,286,290,315,287,335,330,347,356,302,312,321,348,379,300,334,311,358,296,285,300,355,336,317,333,352,321,323,300,312,366,324,362,331,336,309,297,308,349,329,370,362,341,351,339,415,350,333,300,323,307,299,328,326,312,321,272,333,317,310,299,316,313,332,309,297,332,412,334,312,339,368,300,365,348,362,368,332,309,345,326,306,349,296,311,303,307,331,336,296,323,331,260,297,339,355,312,333,287,300,272,284,323,300,290,336,323,323,358,340,307,286,310,308,338,300,314,316,327,333,340,341,351,298,334,275,308,376,333,301,333,305,366,375,386,297,285,292,282,334,300,301,297,398,300,311,286,286,333,336,267,334,341,359,364,390,333,348,360,370,285,352,312,300,314,374,298,357,352,382,312,372,343,310,326,340,285,319,341,356,296,319,361,327,349,335,325,310,357,321,334,337,334,317,298,299,318,285,305,336,318,317,326,312,299,315,315,313,335,320,325,298,348,326,377,264,336,339,301,287,327,360,327,312,362,329,295,311,322,331,336,333,353,274,300,312,298,371,334,333,309,341,403,336,291,285,368,340,320,299,311,311,281,360,326,299,289,311,305,301,351,347,312,324,300,311,323,301,338,310,332,305,348,326,354,282,312,312,308,353,299,335,315,354,288,321,334,323,367,355,300,319,340,301,311,275,283,321,321,342,261,370,270,317,281,287,329,303,370,297,321,316,356,313,300,322,297,364,326,340,348,377,307,361,345,316,323,326,365,317,321,298,313,348,344,287,336,298,324,341,271,323,332,308,382,325,343,326,311,358,347,302,332,324,303,311,319,351,313,262,327,333,302,312,288,342,343,334,299,342,330,341,314,300,284,374,332,322,357,329,301,323,333,339,361,305,287,331,320,297,327,321,307,353,299,352,346,325,278,299,358,285,308,347,361,354,333,322,276,348,330,299,324,349,329,336,306,350,369,340,387,336,320,337,326,326,324,330,302,355,348,324,334,345,338,312,311,360,346,328,298,352,372,310,377,347,324,317,300,364,310,331,356,337,326,367,342,336,329,326,356,369,318,273,318,277,296,336,343,287,395,380,330,310,349,318,316,363,304,313,298,354,338
208,30583466,351,287,350,299,320,328,389,362,380,344,331,390,385,337,347,398,325,293,365,409,338,327,313,389,349,348,348,349,360,374,353,340,368,336,303,336,376,369,381,348,306,379,369,310,396,335,362,330,343,389,325,414,373,329,351,335,365,310,367,329,367,383,346,416,360,285,316,335,373,298,345,343,298,343,328,344,365,363,348,367,386,323,368,345,360,361,346,345,384,390,395,364,319,307,308,353,329,362,360,319,274,300,358,335,323,354,360,311,411,381,335,375,349,330,365,372,357,356,393,341,355,310,311,348,382,343,322,355,341,388,395,375,371,320,323,398,358,337,321,381,321,355,410,348,314,335,337,381,354,357,357,376,296,324,324,324,357,346,390,332,344,369,305,341,383,316,346,357,337,360,374,415,305,385,324,399,377,344,380,404,311,369,414,409,344,395,319,343,346,391,298,312,321,359,335,346,401,414,367,354,374,371,335,361,358,337,331,354,315,358,308,370,376,388,366,317,359,381,345,343,379,309,337,374,359,408,346,342,343,344,317,334,383,341,325,336,350,372,401,375,337,397,302,313,309,378,343,290,337,333,334,378,367,345,321,342,370,285,379,377,347,350,349,376,375,395,356,370,409,307,351,300,374,320,418,380,351,342,386,361,358,401,358,339,382,327,310,372,360,322,352,344,356,317,311,301,405,335,344,376,326,373,364,370,311,362,408,301,320,334,380,405,320,330,337,339,394,381,317,361,346,292,347,363,329,372,365,324,334,357,330,358,345,348,365,346,372,367,289,336,356,335,376,320,327,275,357,296,336,335,379,356,369,309,319,410,322,315,402,338,313,359,313,316,364,297,336,369,386,312,350,364,386,391,350,310,391,393,326,394,391,356,345,355,372,329,273,330,320,358,318,368,338,351,411,335,353,286,334,330,337,283,369,357,358,320,274,312,366,297,335,355,368,352,392,300,300,334,364,345,344,334,372,364,334,352,378,337,318,310,350,338,398,351,358,344,347,344,365,332,356,333,357,347,373,362,370,328,355,399,364,333,349,337,356,336,341,325,321,301,335,311,323,361,377,309,383,340,393,335,338,316,329,297,289,353,345,317,324,370,380,346,414,343,371,356,294,359,373,329,417,335,346,356,370,359,336,330,314,350,326,372,348,397,356,338,355,353,318,348,346
208,33204906,367,367,364,400,382,374,355,397,409,356,404,365,446,373,394,372,310,378,381,336,359,365,359,382,330,350,344,311,350,375,367,363,410,356,380,369,361,344,331,377,329,392,407,354,351,339,375,380,360,339,386,337,298,337,341,368,380,392,437,354,353,381,375,390,359,393,331,333,372,382,401,410,328,321,375,386,339,372,381,342,342,337,354,356,388,369,381,401,347,383,398,404,383,340,387,293,371,371,332,411,373,364,395,370,336,352,364,356,411,385,350,393,335,378,378,326,408,376,360,362,424,332,351,337,355,397,365,383,387,361,358,381,403,356,368,392,366,409,399,380,338,379,377,359,410,395,383,378,352,394,361,321,371,347,397,360,383,355,384,352,297,399,339,338,399,365,416,343,381,342,356,340,339,352,425,332,345,371,355,335,327,398,360,369,405,395,347,411,406,377,373,378,343,355,369,422,373,359,368,392,373,380,402,363,374,323,360,387,384,387,390,346,334,346,410,377,360,390,306,319,318,398,374,331,382,388,397,384,371,429,380,406,399,392,382,426,369,356,323,397,378,374,368,363,403,351,370,394,371,356,369,408,379,362,369,393,383,340,323,357,344,397,361,356,332,360,380,377,366,382,451,334,347,396,390,371,384,432,361,352,358,346,379,376,322,372,382,368,390,354,337,342,361,367,398,397,373,382,339,411,375,348,336,315,348,385,349,339,355,371,369,366,330,366,402,431,377,393,354,401,358,377,390,327,361,343,345,296,393,364,406,347,385,330,343,345,366,348,344,367,365,359,333,378,332,368,330,376,348,388,375,392,358,368,402,346,305,414,363,357,429,346,383,401,371,380,397,426,346,334,406,344,413,378,349,361,368,380,382,385,457,403,334,433,320,404,345,419,404,390,369,343,382,339,361,419,335,364,379,362,386,364,367,356,313,345,395,383,416,386,360,360,342,388,409,326,416,421,363,343,325,339,371,347,446,369,395,352,347,395,403,387,333,345,415,309,295,321,420,343,360,353,377,325,388,333,345,393,357,311,309,395,308,385,336,382,354,349,347,359,355,337,324,447,362,360,323,355,366,409,344,345,381,350,387,371,337,394,337,372,382,339,342,367,363,353,341,358,437,354,345,346,354,346,342,385,337,387,403,385,402,357,353,312,348,382,332,379,409,419,391
208,35826346,413,403,390,384,394,381,432,376,408,344,363,371,386,405,373,379,367,420,419,414,389,400,388,373,403,396,467,414,309,386,436,379,380,368,370,436,345,330,413,410,414,411,394,339,429,334,443,383,402,348,408,435,372,385,396,384,393,383,396,452,397,366,440,374,374,386,381,407,362,380,394,394,302,406,411,381,369,383,372,416,406,411,349,402,379,429,425,415,430,373,382,394,388,380,354,426,349,366,463,366,381,368,425,388,393,354,362,413,393,377,355,344,336,358,419,412,407,381,405,383,357,412,350,298,370,420,351,348,324,376,418,357,432,311,428,363,400,411,404,442,392,340,376,350,363,416,395,394,391,440,389,399,404,366,420,434,394,390,343,377,375,374,378,391,387,382,387,380,369,408,393,436,405,392,388,416,369,395,414,373,353,394,414,318,378,437,387,397,434,429,408,348,406,424,385,412,349,402,373,347,435,410,387,390,419,303,416,336,416,419,395,407,389,415,407,388,429,380,371,389,413,354,374,440,413,406,365,460,411,458,427,361,420,369,427,366,419,396,387,375,355,365,419,474,361,371,370,390,344,352,389,371,394,427,411,424,389,403,395,383,357,354,410,358,391,403,398,397,382,425,412,371,351,429,403,404,345,409,391,415,368,438,348,477,429,383,403,371,389,452,354,346,386,431,378,386,367,394,379,396,389,413,428,370,397,345,376,439,388,358,424,393,401,363,384,413,381,408,376,398,396,353,372,427,400,395,414,410,306,444,395,341,345,362,394,399,401,351,394,393,343,351,435,425,424,364,369,366,379,379,336,366,440,389,400,405,438,458,369,381,379,393,360,334,362,390,404,396,393,370,364,423,353,442,334,374,400,397,325,406,358,401,458,378,424,357,412,404,384,368,412,405,391,385,367,378,417,364,371,392,384,368,339,357,362,365,394,401,422,400,392,377,441,362,409,406,392,374,369,394,345,402,393,423,387,324,397,437,371,400,372,401,374,350,428,348,382,427,405,396,410,386,338,380,360,336,352,354,356,402,378,423,386,345,417,350,370,422,374,391,370,408,458,355,397,374,420,406,417,345,352,397,439,364,388,451,384,416,389,356,384,358,399,329,384,401,418,401,396,352,369,390,418,404,370,382,365,392,362,379,363,354,397,392,326,396,395,358,440,424,371
208,38447786,401,404,396,420,413,399,378,439,389,402,406,430,361,386,399,439,406,405,385,377,453,340,413,454,367,402,428,400,407,381,421,400,393,452,415,407,365,374,378,376,432,407,381,385,400,402,400,404,395,416,436,381,422,470,407,377,385,428,402,379,384,406,386,426,457,389,448,404,431,446,409,431,429,388,425,420,411,414,464,397,388,404,419,408,427,399,389,402,369,396,434,409,418,438,363,447,424,453,365,380,411,416,414,361,416,441,400,406,354,384,404,402,379,390,399,417,406,382,403,413,341,406,428,401,381,450,413,415,327,425,429,397,425,423,397,376,421,436,394,441,411,433,410,410,374,384,392,404,384,377,426,441,401,405,381,382,477,393,388,372,416,398,459,422,506,446,447,407,406,465,362,418,470,447,391,432,433,404,448,394,399,393,414,378,383,405,397,383,384,411,407,443,404,420,459,416,395,391,374,376,437,375,392,425,418,445,370,413,424,371,436,409,429,404,358,371,402,429,444,392,393,448,425,422,413,393,440,336,403,403,418,399,412,438,385,427,368,445,391,376,425,455,367,404,451,445,449,408,407,408,415,439,394,418,365,412,398,425,372,422,442,432,375,420,410,390,436,401,408,382,391,395,418,431,464,400,402,409,376,400,433,414,436,428,405,429,411,338,404,413,390,434,407,446,360,376,406,386,417,437,411,382,436,397,406,374,410,438,425,406,402,400,370,387,420,393,434,398,397,437,437,464,389,415,397,416,425,404,454,386,413,447,432,415,414,374,415,356,435,416,417,430,402,366,421,462,371,365,423,457,464,395,388,426,382,424,430,379,476,431,423,362,398,484,417,423,417,416,350,405,400,346,389,370,381,386,443,375,417,430,461,433,403,462,423,422,476,400,413,386,410,390,436,382,408,432,428,443,401,383,451,397,446,381,387,426,399,476,350,408,408,427,395,475,414,381,387,385,367,398,417,425,420,409,366,388,434,423,403,398,414,438,425,397,411,410,428,378,379,422,394,425,360,459,402,405,409,430,425,375,388,357,383,441,404,411,452,353,420,397,375,387,380,409,377,348,395,417,444,426,419,466,406,344,433,424,363,407,359,383,432,442,416,390,412,408,399,394,426,394,425,397,372,355,431,403,411,415,431,426,441,455,425,407,366,409,371,411,420,416,424
208,41069226,476,359,374,432,372,400,390,380,412,430,443,449,406,383,394,433,413,384,402,383,455,414,414,390,392,435,391,382,407,466,423,410,429,423,428,450,389,417,372,476,406,457,435,458,403,440,372,393,388,380,379,412,419,448,408,458,414,442,396,426,432,406,460,429,421,404,492,445,406,387,402,400,382,464,407,441,401,401,434,412,454,393,419,390,446,413,411,417,431,360,452,411,448,436,440,429,483,399,434,404,402,386,383,437,373,444,374,394,404,448,406,410,445,446,416,444,429,415,434,401,471,380,413,429,458,442,407,410,449,444,434,435,401,442,442,396,436,422,438,454,432,416,438,370,465,418,456,400,492,396,407,403,465,389,412,360,404,398,442,437,389,390,469,345,445,459,439,408,467,401,440,408,431,378,369,400,458,433,392,376,489,414,413,374,423,384,429,407,419,403,417,388,395,443,409,409,424,427,450,392,377,449,455,396,391,439,431,412,435,421,377,392,425,438,410,461,437,422,395,380,422,412,416,425,409,394,411,423,387,383,373,424,380,402,442,396,430,449,412,430,489,371,443,392,416,411,464,433,414,424,432,436,445,402,410,439,416,391,412,462,368,441,412,409,400,423,414,362,435,419,446,463,511,451,383,453,377,450,417,408,424,409,409,414,407,447,423,476,423,437,440,409,406,442,440,455,398,415,467,394,422,444,414,410,400,399,373,433,413,402,418,399,411,453,393,392,424,437,441,444,416,415,459,365,431,416,397,371,428,470,398,424,429,354,381,436,410,459,375,354,477,388,438,421,437,442,417,450,430,432,396,397,382,398,427,425,401,403,424,471,437,383,421,392,395,378,390,439,431,390,413,433,422,447,411,410,416,472,430,407,452,369,421,380,378,434,424,422,430,459,416,431,391,382,418,383,407,428,385,422,441,420,463,364,388,423,428,358,406,373,457,417,410,351,390,396,415,432,469,404,453,428,413,360,399,358,387,447,396,417,394,410,403,432,390,374,407,393,430,437,479,399,454,357,377,410,490,430,428,399,420,455,453,452,417,440,417,419,388,443,447,435,451,396,413,376,447,400,396,416,409,404,414,408,441,445,396,388,447,429,400,366,375,413,390,423,434,413,466,445,425,468,450,482,416,408,379,438,400,413,438,446,369,379,429,432,373,391,422,414,380
208,43690666,470,474,390,416,402,419,415,434,438,450,409,431,409,421,438,403,405,431,401,444,425,386,425,430,406,379,417,439,415,416,359,430,430,433,465,424,388,436,414,393,433,386,422,419,446,417,399,448,428,413,392,441,463,404,426,389,410,433,418,415,404,402,411,394,410,406,421,414,448,402,463,466,425,380,415,419,447,416,410,438,412,436,420,399,453,456,428,443,433,443,420,457,453,439,425,451,402,430,420,432,470,410,416,410,421,443,444,409,481,454,418,421,436,480,421,464,461,470,428,443,469,392,393,442,408,428,394,480,422,388,421,406,426,456,458,477,373,389,409,408,458,459,407,451,370,422,414,438,443,433,430,412,419,364,447,421,400,419,403,449,420,461,446,417,415,421,460,445,408,491,453,394,424,382,408,409,397,437,454,440,379,406,443,418,432,422,438,426,393,400,417,455,437,420,445,453,405,355,485,417,426,432,422,392,465,426,410,406,456,430,397,382,405,436,394,421,435,428,417,435,442,408,409,394,466,412,398,397,430,420,433,449,410,414,408,427,404,395,416,426,429,421,420,394,474,439,401,448,464,398,413,434,439,391,425,403,464,409,445,394,410,419,407,437,469,412,421,440,448,412,396,414,429,424,434,422,381,411,427,476,478,438,407,429,457,439,404,385,412,440,408,422,406,469,363,405,467,444,421,442,405,390,402,399,454,415,390,441,394,436,436,397,432,451,389,436,416,394,412,399,407,422,416,432,430,452,418,406,395,445,416,410,453,431,441,401,443,402,396,412,430,442,399,406,460,450,421,435,393,411,430,433,415,367,407,481,451,376,457,460,423,396,372,374,394,406,432,436,426,403,407,435,440,392,470,437,481,418,426,398,430,436,419,462,398,424,410,464,410,418,403,443,452,411,443,450,417,424,458,388,436,422,403,437,400,394,430,436,437,404,438,433,444,391,434,434,418,412,372,408,415,403,427,433,414,426,440,407,434,421,402,433,395,430,387,439,416,423,394,423,384,405,442,413,402,445,400,422,421,407,424,425,409,439,447,415,402,443,401,401,420,452,446,413,415,370,459,409,344,467,463,407,423,446,306,404,435,419,374,405,419,406,382,413,468,418,386,431,408,411,376,421,401,436,376,388,409,405,405,374,407,442,420,421,395,390,404,438,440,439,394
208,46312106,405,440,448,445,432,429,474,440,463,457,501,432,426,458,428,450,429,447,399,476,447,428,406,440,470,433,424,429,427,457,408,422,451,394,475,428,421,455,430,417,428,430,413,486,439,434,395,451,422,436,429,464,447,450,436,428,451,495,411,416,411,397,442,387,425,444,469,431,428,407,453,483,453,449,469,425,442,430,405,437,446,468,447,424,460,430,449,430,421,438,466,469,395,446,431,455,422,398,482,427,480,451,384,465,425,398,431,452,442,409,461,420,465,451,453,469,461,474,473,453,477,432,453,449,415,396,448,472,435,438,413,468,421,497,447,415,449,410,438,438,436,439,449,431,413,447,481,438,422,428,505,443,450,439,419,417,412,422,493,456,447,462,390,462,509,440,480,412,454,491,422,451,470,435,419,438,423,463,417,484,457,474,422,431,414,391,456,441,414,427,450,453,462,469,468,460,427,453,447,413,469,433,478,471,443,441,450,451,482,432,482,484,450,420,427,436,493,416,458,415,476,393,410,455,462,439,393,450,528,467,460,437,427,426,429,416,442,366,428,430,476,457,434,435,430,481,459,454,447,434,438,423,462,459,454,419,420,405,428,469,418,413,428,479,470,428,436,465,478,421,454,411,398,480,481,431,436,408,413,476,449,431,455,437,434,447,424,526,453,425,440,424,527,454,452,434,421,483,470,418,446,503,433,393,443,426,389,464,435,405,461,440,435,481,440,419,433,407,446,436,453,446,444,440,441,453,450,448,417,401,475,435,431,440,435,447,471,440,452,481,426,412,416,449,411,415,471,414,426,433,447,457,407,450,423,461,450,494,485,433,466,413,443,428,406,449,456,449,445,410,405,419,454,421,464,440,424,446,440,484,378,428,456,429,445,435,412,444,412,456,418,449,430,471,534,484,392,411,489,409,402,460,459,432,479,463,474,449,452,469,453,455,408,469,414,448,449,456,418,409,455,469,404,467,477,404,448,410,436,475,416,454,397,413,443,427,435,410,458,443,422,433,409,425,450,425,420,455,465,450,466,494,450,424,427,425,379,435,438,492,486,421,437,435,476,460,462,453,462,414,428,464,450,453,367,459,458,446,435,442,474,456,453,433,407,428,411,397,440,464,418,494,428,420,455,413,444,438,420,431,429,496,475,452,433,432,416,480,436,449,442
208,48933546,440,479,439,467,447,462,503,432,470,452,462,484,432,463,423,450,445,448,413,480,481,483,461,461,458,493,407,454,478,451,460,417,460,472,439,456,476,474,442,440,419,432,479,466,407,458,492,418,417,464,470,408,430,402,422,475,475,423,383,419,441,519,485,481,517,436,392,443,464,439,427,477,432,436,447,476,403,484,448,465,472,459,457,421,490,459,458,485,428,434,471,465,466,478,442,427,455,461,419,471,439,442,493,461,477,471,450,474,456,431,436,423,429,491,445,434,431,437,413,474,410,470,408,448,423,471,479,431,450,425,441,462,449,426,436,465,456,522,402,448,453,468,427,459,473,457,522,502,466,454,444,439,454,436,426,460,486,491,468,468,425,464,425,466,462,449,437,415,443,454,431,453,434,442,469,487,407,410,435,491,465,456,444,455,483,426,463,441,474,498,487,469,426,475,466,473,479,403,514,503,454,442,449,468,488,428,455,458,453,443,448,441,454,450,449,458,411,425,445,463,494,497,483,458,414,472,445,420,499,429,417,502,459,454,493,456,457,424,418,429,466,444,444,498,450,440,465,462,447,456,491,446,429,443,422,476,479,465,435,413,515,441,474,456,440,443,457,447,429,485,467,431,421,468,447,457,471,475,461,454,427,469,482,439,454,423,438,446,439,476,457,471,446,417,466,457,443,447,389,474,471,473,433,450,444,464,441,454,445,467,460,463,471,449,490,442,507,407,463,474,466,453,469,480,396,444,419,398,424,447,470,469,446,470,494,472,487,431,436,469,467,458,435,502,449,444,446,498,473,463,444,483,507,479,489,493,494,444,476,510,414,460,464,468,468,456,479,426,444,458,512,443,440,426,440,474,465,459,430,437,437,511,492,467,506,461,443,484,448,417,465,435,452,443,448,470,426,470,409,459,440,467,507,404,464,437,427,432,449,530,430,441,462,454,493,423,447,422,457,433,456,415,448,436,455,460,472,458,461,458,485,436,438,505,432,450,408,462,452,461,406,459,461,457,505,435,426,427,452,449,433,449,439,437,426,410,482,466,458,433,474,464,440,486,517,453,452,437,427,417,466,423,474,423,444,418,403,439,497,436,436,449,441,458,437,466,486,497,453,442,440,447,429,449,481,432,465,443,457,462,489,444,456,436,459,427,477,439,449,438,460
208,51554986,451,438,455,484,512,392,519,446,482,418,510,494,447,449,485,485,473,471,417,478,446,442,433,472,460,461,434,479,493,464,485,492,437,458,477,461,443,467,458,449,480,473,436,462,464,520,490,474,452,493,424,440,478,431,474,498,464,531,451,473,509,467,462,485,493,481,406,499,511,425,457,484,459,489,445,448,488,457,463,517,484,438,447,459,461,431,405,432,507,493,437,502,453,451,488,465,444,473,474,463,487,473,458,475,454,523,482,475,454,506,471,398,509,449,488,450,442,426,472,435,428,449,522,487,481,466,480,478,471,475,418,465,460,453,491,480,440,428,498,412,473,452,472,448,471,420,452,457,464,448,451,487,411,471,454,491,520,452,421,427,497,468,440,463,497,482,466,475,427,483,496,467,522,529,467,478,447,444,456,449,433,493,437,470,475,448,438,450,418,422,469,487,515,483,567,464,460,466,493,434,465,428,458,455,453,469,471,458,507,472,436,480,484,441,450,464,478,455,480,460,447,453,460,463,453,476,494,508,509,499,454,427,470,466,438,449,454,446,462,448,473,437,418,458,473,457,445,433,505,481,477,473,470,464,458,480,492,484,456,469,452,460,449,446,411,504,444,448,491,484,478,465,458,484,403,506,408,485,484,428,452,478,440,424,462,471,520,471,510,455,436,447,487,462,522,467,480,445,449,440,483,498,469,468,476,469,476,493,444,477,473,446,408,575,431,466,482,468,463,501,439,414,449,468,447,488,488,457,455,511,507,478,394,450,425,485,480,489,436,475,447,463,498,531,457,430,465,431,489,459,428,471,509,458,426,469,468,471,482,472,440,399,408,497,494,456,504,457,510,487,482,450,477,447,465,461,425,503,406,507,504,491,479,458,442,491,483,504,462,454,457,428,471,463,441,414,489,463,487,494,447,485,480,459,476,442,452,469,475,461,482,453,452,437,466,439,457,440,516,452,445,487,494,430,440,529,533,456,505,470,468,457,472,495,386,475,455,475,464,471,431,459,470,518,473,434,426,449,490,466,480,444,450,447,484,455,459,449,463,496,435,468,472,497,428,444,473,480,441,488,494,500,490,490,474,474,470,448,423,475,450,455,460,482,481,482,447,448,468,451,487,480,425,462,518,414,491,457,419,459,480,455,439,458,445,470,468,403,445,466,524
208,54176426,498,470,519,451,486,487,498,488,470,477,491,508,490,473,468,458,484,482,398,465,485,482,489,460,463,459,503,487,469,489,471,446,492,487,527,476,451,450,463,486,492,486,449,504,457,460,510,501,496,499,454,482,493,516,479,523,488,446,491,497,471,481,481,488,472,519,464,511,477,487,443,443,481,504,486,420,477,465,491,496,457,492,488,491,497,497,540,476,508,492,488,463,494,452,471,492,456,462,480,462,497,473,479,490,443,443,420,444,552,497,492,461,432,499,536,497,449,484,473,453,438,482,471,522,440,484,562,515,447,537,486,488,495,518,464,478,491,467,553,452,511,431,462,498,443,464,480,471,422,488,465,460,515,449,458,533,505,486,473,473,498,518,455,463,518,515,447,480,480,480,509,464,487,463,448,458,422,522,490,502,487,468,458,501,471,506,491,512,464,474,527,530,484,461,470,458,440,532,489,530,451,466,434,489,456,503,447,451,479,497,512,499,458,455,487,495,452,467,518,509,483,483,454,488,507,479,468,470,443,509,515,499,456,466,473,465,461,488,477,498,466,511,465,459,480,468,480,455,471,503,563,496,462,455,450,461,478,472,488,495,492,483,443,479,475,500,496,442,491,482,505,475,457,439,496,438,492,439,446,502,490,462,483,482,495,477,484,520,515,460,492,461,482,467,482,461,442,445,493,427,511,459,478,475,508,494,505,489,440,475,519,503,518,514,531,471,452,438,528,468,460,473,497,485,476,438,429,494,420,464,470,473,527,482,429,460,508,512,525,497,466,475,475,555,461,489,492,465,501,525,513,496,459,489,493,495,475,494,435,508,506,505,503,452,469,522,447,464,473,505,474,438,441,501,562,472,456,484,481,497,495,481,461,489,526,483,462,495,479,497,504,428,450,464,495,401,431,459,511,473,486,493,494,444,492,462,473,481,456,492,448,461,440,511,493,501,517,509,513,472,474,462,479,499,514,477,489,473,457,513,503,543,463,424,482,506,467,470,459,463,510,497,500,480,459,489,456,468,455,446,510,529,451,461,492,497,467,476,436,473,509,425,449,479,489,486,514,482,480,467,495,472,476,479,457,430,455,470,465,479,510,496,457,488,488,545,410,506,464,448,451,466,465,509,507,493,455,475,437,565,420,428,490,463,502,437,424,435,548,468,485
224,27962026,285,304,346,344,297,344,288,318,337,387,332,316,310,322,301,318,344,307,284,287,326,336,334,337,326,323,278,287,308,346,308,286,296,322,263,349,336,311,297,322,299,331,289,312,320,369,336,308,330,274,288,271,327,326,339,360,321,361,348,289,340,322,300,328,299,391,310,361,365,296,323,351,301,318,348,329,293,300,333,320,310,285,320,273,298,290,337,338,326,271,294,323,324,381,371,349,272,296,313,311,321,341,276,325,303,273,280,322,312,313,313,286,299,349,326,316,301,314,307,280,288,311,298,344,288,346,343,343,365,310,299,352,328,323,286,261,308,367,289,332,324,321,370,323,296,347,310,308,336,289,294,303,289,301,353,320,349,324,313,332,313,306,345,375,338,287,315,316,314,283,351,300,335,290,308,287,345,346,312,301,298,312,334,313,323,348,327,333,337,324,309,337,325,307,298,332,346,311,313,287,285,308,328,310,359,300,274,289,326,327,296,315,308,315,346,312,325,347,325,347,324,356,332,313,331,314,321,288,278,338,283,330,310,325,300,303,301,342,298,299,298,301,313,296,274,350,311,337,347,369,326,316,308,338,314,300,324,298,296,308,299,283,299,261,328,321,309,352,341,348,336,288,309,299,286,329,338,324,297,312,327,275,311,286,331,321,356,298,285,313,381,312,324,333,264,274,278,313,322,274,339,300,331,329,347,299,310,352,314,254,304,322,323,316,350,345,369,360,322,316,330,324,331,301,328,341,326,322,343,315,326,298,308,337,365,299,298,345,337,277,311,320,364,310,299,290,299,308,290,296,297,274,276,262,287,302,309,325,355,316,322,326,272,284,292,295,330,321,323,311,314,309,321,352,330,314,383,294,353,294,323,262,308,370,333,277,328,338,314,275,337,322,309,366,350,315,296,286,287,310,289,274,338,286,336,321,283,298,313,373,310,313,323,331,337,299,300,341,356,289,296,324,285,298,322,299,233,314,312,314,273,283,322,299,320,282,326,340,354,317,308,304,277,299,311,309,338,323,333,373,298,327,348,302,359,342,328,326,322,358,319,286,349,314,290,318,286,287,271,299,262,298,328,337,312,273,297,322,294,302,370,323,326,289,299,345,298,269,325,335,275,313,345,356,308,296,288,294,323,289,297,298,301,297,299,298,326,348,299,387,301
224,30583466,330,333,319,356,311,324,398,342,327,328,298,319,391,322,380,393,335,346,359,363,305,314,367,336,286,310,354,352,331,378,324,315,298,332,299,354,325,322,328,300,335,340,288,340,342,315,350,341,290,358,355,322,324,361,310,352,302,310,356,338,314,305,308,358,350,297,326,320,365,306,342,301,347,379,359,304,392,363,338,325,285,288,302,365,353,377,350,330,324,334,357,287,298,325,323,370,359,272,292,310,324,339,373,332,333,333,310,344,309,297,321,370,328,338,374,357,331,324,323,319,392,273,360,370,317,292,339,343,347,301,406,360,356,333,335,358,324,311,343,328,296,357,319,336,339,274,309,315,361,301,335,341,312,297,344,304,298,301,355,284,343,289,308,282,347,386,350,371,287,332,333,358,338,357,364,331,370,339,314,326,327,288,364,380,297,363,321,336,378,357,333,334,335,343,324,354,321,390,331,323,321,332,343,368,370,336,334,336,334,409,333,309,322,368,285,320,330,311,360,357,364,334,319,328,336,359,308,286,344,375,325,375,318,319,318,325,327,374,346,312,378,311,360,356,336,296,372,347,299,312,320,330,283,291,383,378,334,310,354,339,300,334,307,314,286,284,351,328,331,341,344,345,312,341,318,296,272,309,351,297,385,321,367,333,320,323,366,322,311,312,362,343,309,364,307,365,324,288,356,333,360,324,336,312,288,330,366,344,383,371,361,352,343,395,288,318,399,348,342,352,306,301,345,368,360,299,296,302,334,358,297,380,353,346,340,431,324,310,330,357,370,322,357,286,355,349,342,312,309,347,325,351,334,347,334,385,284,312,298,340,349,322,342,301,338,317,347,303,326,318,301,339,326,363,373,351,316,366,367,318,312,286,315,308,308,327,295,359,288,299,353,368,358,372,346,332,310,296,378,374,314,357,318,331,354,310,323,331,322,308,335,347,353,389,327,335,373,321,375,334,336,334,320,387,299,336,314,409,350,351,323,339,309,341,336,315,290,317,306,312,355,308,337,367,302,367,347,312,340,328,309,322,377,345,342,368,383,349,307,326,325,322,377,282,284,314,369,321,324,336,338,357,347,360,372,337,384,334,371,334,326,324,322,317,289,381,344,367,319,309,323,345,273,359,345,363,341,324,315,323,320,345,313,324,333,354,336,355,324,338,378
224,33204906,354,354,414,357,330,344,314,365,333,414,378,300,413,334,345,352,315,379,349,297,374,333,345,347,344,319,346,347,326,363,324,355,320,346,374,333,360,366,362,357,345,355,369,363,321,346,372,407,310,308,325,277,349,366,356,348,308,343,327,335,388,418,295,348,301,389,369,433,309,418,388,394,382,336,407,372,338,349,344,319,378,341,384,333,353,348,390,329,335,342,333,333,308,319,387,405,422,308,376,386,391,382,396,364,374,313,345,367,344,368,369,420,329,330,312,355,367,371,327,368,320,324,312,379,346,352,336,322,276,321,332,405,371,414,368,315,359,356,353,354,358,351,339,372,347,384,300,384,320,301,341,316,346,411,393,358,341,365,355,349,334,337,387,336,325,370,347,338,333,383,383,336,349,372,335,384,362,342,312,368,375,348,362,333,347,322,381,348,368,399,378,380,327,386,355,362,392,360,413,314,380,406,328,336,388,387,334,390,408,362,423,361,331,358,332,321,397,367,345,360,362,339,389,406,389,365,325,334,333,372,366,315,345,382,341,269,417,326,369,333,306,322,342,349,302,333,356,373,369,368,369,408,339,374,303,382,312,422,378,375,300,351,370,372,304,331,342,391,342,373,303,354,355,369,339,393,335,325,383,378,380,347,333,356,335,367,360,380,345,366,381,353,349,357,363,414,342,367,389,384,393,352,362,359,368,315,324,412,296,368,372,379,380,363,406,394,321,318,382,356,362,326,287,313,378,329,345,384,417,365,359,326,306,382,332,380,331,345,354,362,361,350,334,406,347,378,347,377,351,309,319,367,312,341,315,366,320,375,307,391,367,360,370,401,370,407,426,349,343,368,351,353,358,368,349,310,364,313,349,349,337,338,343,375,365,327,366,319,370,336,352,368,394,354,358,320,316,294,340,358,356,331,335,395,345,378,332,348,352,348,357,407,325,346,396,356,346,372,333,384,373,389,364,308,378,359,404,329,331,389,324,332,332,329,359,314,352,391,357,317,392,396,383,343,345,374,381,357,319,312,377,365,371,403,295,394,389,300,321,344,393,376,394,323,318,374,366,381,358,355,309,431,310,383,353,357,344,393,375,349,365,383,397,354,312,343,347,358,348,388,378,379,331,382,352,337,313,320,354,271,352,336,345,331,287,330,381,304,362,333,375
224,35826346,386,387,369,379,362,346,392,365,349,336,383,383,391,364,359,328,360,333,377,351,354,416,413,380,411,392,386,424,323,420,375,380,382,392,395,391,371,352,325,380,336,404,391,372,383,348,364,337,345,336,353,360,397,383,440,422,386,353,384,413,362,360,373,389,401,353,385,426,376,406,404,362,364,344,343,394,320,392,383,353,398,402,384,375,365,393,359,361,391,365,344,319,407,392,336,415,369,365,390,361,380,374,395,358,357,374,349,408,344,329,340,367,394,396,419,366,367,382,319,423,343,437,410,355,354,392,379,378,406,411,411,374,392,329,410,390,405,326,397,333,353,383,377,409,356,370,396,368,417,329,392,347,353,318,381,402,357,364,423,345,377,346,412,380,431,406,395,328,355,330,393,393,322,319,330,327,334,398,400,404,384,411,392,413,339,461,392,312,373,408,371,379,354,394,356,392,391,367,346,373,413,400,403,332,337,392,350,366,427,335,350,367,475,380,367,360,397,428,368,354,301,414,370,347,420,347,400,366,333,366,427,380,418,391,380,377,373,371,365,425,427,390,370,404,347,343,379,382,331,364,361,369,378,350,358,390,378,387,398,424,385,392,359,373,342,356,375,358,388,362,411,336,378,384,286,385,389,415,380,359,422,320,427,365,348,411,385,367,391,406,373,356,389,372,348,345,366,386,379,337,401,367,357,418,372,368,358,399,400,410,364,449,341,385,390,336,359,376,368,366,369,398,383,407,330,380,366,393,425,385,344,409,378,357,388,390,353,340,328,344,379,413,373,344,407,372,387,428,414,408,381,393,414,360,349,399,387,444,345,394,440,383,392,395,423,429,385,383,357,429,337,360,390,366,431,350,355,432,397,363,402,343,409,427,366,386,384,342,346,396,423,376,421,373,379,426,385,418,372,348,373,371,428,385,415,409,367,397,396,373,420,384,385,344,358,382,321,338,382,353,345,380,303,373,394,429,366,334,369,322,351,315,344,318,331,342,406,360,345,353,344,359,351,405,340,372,324,361,355,335,375,388,411,372,402,380,364,427,373,370,405,424,378,395,377,356,394,390,389,351,338,395,388,376,382,337,358,434,391,360,380,345,387,357,326,297,348,372,369,352,350,377,352,366,309,342,366,339,370,347,352,390,423,347,386,385,352,364,383,375,393
224,38447786,386,405,400,411,407,414,408,410,406,389,383,347,384,363,406,370,390,451,387,372,375,338,377,399,449,424,380,441,391,381,348,414,358,402,411,444,413,376,392,366,403,406,426,414,400,402,395,335,377,406,376,361,424,399,353,367,358,434,408,376,362,414,444,432,407,346,413,413,395,391,410,366,359,402,417,407,383,383,418,408,409,390,336,364,381,391,368,392,390,385,346,375,384,356,378,364,429,388,357,417,353,413,424,408,391,400,406,372,397,409,447,416,358,442,368,376,372,393,428,343,393,296,411,425,392,408,420,346,438,384,370,339,350,409,396,371,381,298,397,415,415,405,447,367,375,364,368,384,387,384,388,383,364,396,386,347,370,358,442,388,372,437,370,373,424,383,502,351,448,424,395,417,365,435,425,432,436,428,345,412,360,409,398,378,437,434,382,400,378,412,423,402,383,460,394,404,404,421,414,429,440,427,405,369,371,400,376,413,322,394,419,396,376,374,386,345,383,390,438,332,400,429,379,393,417,443,390,387,336,405,393,389,401,406,368,381,447,393,381,363,380,449,365,381,361,429,420,367,368,365,366,404,393,394,372,387,357,387,370,420,334,365,377,421,368,385,409,389,409,407,361,398,361,395,348,381,390,361,386,373,389,395,381,415,386,398,394,415,378,389,369,411,409,375,420,382,389,389,409,391,351,373,417,453,404,398,373,390,385,418,419,355,421,400,410,338,389,331,456,343,442,421,389,397,397,398,407,335,372,388,408,410,336,392,441,354,464,320,407,375,366,398,365,415,403,364,355,399,367,341,396,425,359,378,428,372,362,346,435,439,378,407,363,348,385,406,407,373,424,444,396,393,365,391,349,399,432,378,475,373,429,439,364,401,335,411,389,391,406,415,406,384,391,371,417,380,343,409,365,390,391,427,411,403,379,388,375,375,354,429,423,431,431,370,388,408,364,379,394,351,432,391,410,418,400,384,370,457,348,394,394,480,430,391,412,399,453,417,443,345,424,423,407,359,381,454,373,380,380,418,395,376,393,365,407,364,371,404,358,391,395,380,383,356,373,317,343,392,417,409,378,427,352,435,467,322,382,394,428,418,365,356,427,410,419,350,415,380,395,420,332,414,460,378,389,445,381,358,313,437,379,369,384,368,389,411,425,400,430,355,386
224,41069226,422,375,391,350,450,393,400,439,326,372,427,454,400,373,393,421,457,458,385,447,427,434,439,340,408,333,361,382,441,453,402,415,444,376,413,400,382,408,453,402,410,364,359,423,426,410,386,394,400,403,406,371,372,381,358,384,395,422,403,438,410,441,395,416,416,380,383,330,398,412,426,383,375,407,390,369,400,416,370,445,382,424,412,426,449,438,491,383,373,394,367,380,400,342,401,397,453,442,409,350,337,411,381,408,411,421,439,359,423,415,368,438,390,384,377,379,424,444,384,410,366,391,363,393,373,418,419,381,382,379,389,348,372,389,395,390,399,372,419,370,470,399,378,408,429,414,412,394,406,394,447,407,410,414,397,405,372,419,415,406,371,447,419,422,386,364,431,360,437,389,411,397,373,464,430,426,392,414,416,398,406,408,443,419,394,369,404,456,370,405,364,387,456,362,433,382,406,377,446,406,416,451,399,360,399,403,405,385,404,413,384,386,380,439,361,372,371,377,351,444,400,394,432,411,435,391,404,412,445,434,429,347,404,382,440,397,416,399,425,407,388,395,417,411,399,427,402,395,381,440,414,393,410,370,372,421,361,430,350,430,377,398,376,432,420,415,382,420,442,446,413,345,383,414,373,439,365,386,404,377,411,400,370,383,440,397,394,414,421,459,396,411,457,437,372,429,432,412,403,355,399,415,366,326,383,407,352,359,377,410,378,412,394,414,370,412,438,342,407,400,445,405,365,439,462,417,367,366,403,375,377,442,420,433,394,423,422,430,408,409,395,431,387,417,428,393,370,409,403,455,412,418,424,358,449,422,467,386,433,443,374,380,435,419,346,361,372,426,428,399,413,401,411,390,388,444,352,403,391,387,389,445,437,382,406,415,408,450,409,413,424,381,358,390,452,370,387,417,373,407,379,430,391,388,411,400,434,386,329,436,380,413,424,480,419,411,416,415,355,442,402,458,398,355,439,400,350,407,369,398,393,412,411,389,397,428,421,371,408,427,391,403,395,386,377,396,451,453,421,454,393,423,377,450,441,441,415,435,395,402,372,402,395,416,382,428,359,423,371,393,361,388,407,480,402,411,379,416,423,399,401,441,399,455,381,401,448,364,371,358,439,384,413,406,444,367,382,397,437,452,423,363,363,374,389,416,390,446,365,463,455
224,43690666,453,435,442,455,403,433,416,415,461,421,430,437,396,441,436,400,434,441,477,423,426,419,406,410,387,401,462,461,387,383,439,387,389,440,435,442,425,439,408,424,401,377,355,414,427,371,432,420,452,409,400,366,433,433,454,370,400,360,445,449,414,394,454,449,387,442,389,429,443,399,425,459,412,430,405,425,432,431,394,442,418,388,427,468,434,410,393,430,406,435,396,411,384,384,393,411,413,394,405,362,394,482,456,378,420,431,413,437,434,462,428,423,451,460,335,432,429,432,391,382,438,406,412,388,403,441,394,385,442,372,412,389,412,439,441,388,392,401,453,392,417,442,378,410,395,431,413,426,438,369,433,413,433,412,447,427,421,423,416,415,455,440,393,407,431,414,352,347,397,403,417,456,454,379,379,391,425,410,422,413,429,422,397,428,396,445,399,394,431,444,406,427,400,390,393,381,406,433,417,411,437,423,410,436,433,433,416,429,479,399,385,388,415,429,434,382,387,436,444,390,426,393,406,442,387,427,357,392,394,441,427,417,417,445,429,406,404,419,396,458,374,436,403,394,432,457,356,398,446,415,381,425,448,498,418,415,384,413,458,391,416,476,413,397,414,423,447,414,474,399,457,412,406,445,395,375,420,459,427,401,420,370,360,385,449,431,402,345,415,414,419,404,424,413,399,467,397,385,463,482,438,408,371,415,442,449,452,423,416,437,438,394,356,385,395,454,424,455,438,446,430,422,498,494,366,408,412,406,408,438,408,411,409,423,439,414,396,401,415,409,446,445,387,442,405,421,390,465,371,412,390,418,379,429,370,403,417,417,472,435,352,411,417,438,424,456,426,424,423,434,412,405,411,375,435,436,463,366,456,384,431,460,426,451,435,456,411,476,428,409,415,388,444,349,365,419,461,414,397,375,458,449,413,470,495,411,408,393,422,460,428,432,419,421,409,414,391,416,435,444,401,426,467,426,441,475,400,377,385,407,337,426,394,464,411,438,461,374,420,384,423,429,430,381,397,421,391,406,442,433,402,460,423,387,412,477,402,425,421,479,404,390,412,326,381,419,449,435,440,383,378,434,365,388,410,378,415,419,468,421,429,431,426,395,424,375,418,433,442,444,393,422,442,405,405,438,359,402,443,384,391,444,409,427,444,414,486,431,415,393,392
224,46312106,430,437,416,414,386,421,423,465,436,423,449,429,442,463,424,421,439,423,438,420,416,399,457,407,402,413,440,452,429,431,429,378,467,426,450,423,444,412,403,410,415,426,430,407,375,408,404,431,394,436,406,401,467,429,409,437,425,396,419,417,444,407,418,444,413,442,408,434,442,397,416,400,498,416,472,383,369,457,410,446,410,468,438,404,421,411,429,430,432,412,429,412,418,407,396,399,404,450,418,445,416,417,453,436,384,445,445,472,419,403,419,406,437,433,421,399,428,415,438,401,455,418,429,405,429,424,417,477,445,424,440,363,460,396,428,430,416,388,397,450,434,416,390,472,424,399,432,396,416,417,408,419,379,381,442,409,442,439,442,413,463,440,435,441,435,458,384,420,480,387,398,420,397,423,433,499,434,401,373,400,424,391,390,456,426,430,465,406,505,471,392,409,417,422,456,422,445,436,384,468,447,458,384,450,383,472,407,433,408,471,423,426,423,437,408,437,380,402,406,422,451,373,387,426,381,396,420,428,404,422,435,466,441,447,436,412,393,462,448,391,418,456,484,431,432,444,449,415,412,450,424,410,414,390,426,385,485,391,419,440,463,399,415,423,375,480,442,422,413,442,426,453,424,426,465,422,386,415,430,456,418,402,458,442,391,444,435,441,446,425,420,430,418,420,436,424,457,392,436,399,395,437,462,443,435,474,428,395,416,425,465,404,432,405,406,429,404,415,451,421,484,443,443,422,448,433,422,439,455,371,403,431,480,444,435,396,418,420,474,437,416,433,413,422,428,422,376,407,429,365,434,404,427,424,422,451,379,435,407,408,420,423,426,452,383,412,410,428,387,433,428,387,401,420,354,469,429,428,436,444,390,413,435,416,404,419,400,421,489,414,435,446,460,400,427,459,471,399,402,429,389,445,425,423,397,416,397,390,398,420,413,416,418,437,410,483,466,439,414,474,378,425,456,440,423,440,407,408,428,439,406,406,455,435,455,413,394,403,416,395,418,455,431,396,422,423,424,425,431,390,405,435,451,421,405,489,425,442,389,377,403,425,450,431,435,421,398,448,404,440,421,400,421,457,480,425,432,448,440,399,438,417,398,446,417,362,399,442,425,423,418,423,423,458,416,404,444,401,451,386,408,416,409,457,449,420,415,411,439,376,432
224,48933546,447,446,444,446,405,430,444,430,423,458,428,430,475,448,403,397,425,387,388,451,445,435,470,428,426,445,405,452,387,470,432,426,441,425,402,450,416,406,409,442,403,470,449,460,404,451,405,433,437,435,426,470,408,456,419,435,403,432,463,418,398,398,430,465,447,423,434,404,425,452,417,423,451,438,442,412,449,411,387,437,433,435,481,425,406,446,409,432,415,425,435,404,396,427,479,449,485,443,446,421,425,473,400,419,480,435,456,394,443,456,395,499,408,438,412,424,425,425,438,437,456,416,431,399,454,474,461,464,490,426,422,439,444,481,487,456,446,492,408,405,442,418,451,470,473,413,444,435,406,428,472,425,459,430,462,436,425,477,470,418,422,439,445,417,385,468,474,414,371,420,454,400,462,417,426,439,403,432,399,419,442,429,450,436,398,416,420,391,455,426,418,452,432,429,457,438,410,446,435,412,385,414,426,454,450,441,448,425,439,428,439,443,418,363,428,444,454,394,440,421,427,422,407,407,430,414,455,395,381,417,379,453,448,476,409,397,424,433,434,438,429,435,459,418,428,451,428,431,384,438,476,437,458,412,447,417,427,410,400,460,435,424,413,427,443,451,430,436,456,424,414,436,426,409,420,432,436,467,419,457,418,439,365,430,410,423,425,412,439,438,433,410,450,458,419,461,411,397,426,442,409,439,438,413,408,454,415,449,457,420,388,342,461,411,433,451,437,470,427,463,444,430,406,384,418,402,393,456,419,435,423,469,451,369,447,445,434,458,476,426,427,460,420,484,423,409,467,429,425,406,441,439,413,391,457,460,466,444,466,428,426,418,410,503,430,445,455,414,464,423,432,447,440,430,399,393,416,408,404,430,450,357,388,471,449,447,390,433,438,467,433,406,427,444,437,416,474,440,426,458,425,444,448,434,431,466,463,441,456,449,417,462,470,427,475,462,442,418,428,405,442,487,456,413,429,428,400,466,404,372,420,388,431,424,454,397,439,489,426,427,451,469,410,472,432,402,407,424,397,459,439,458,425,441,435,427,397,431,441,483,435,428,423,459,428,443,473,401,454,434,454,426,443,425,426,371,411,476,434,399,459,430,434,426,423,449,455,423,376,435,420,459,463,424,463,460,417,426,451,407,471,431,426,483,399,425,407,447,403,472,455
224,51554986,479,445,443,440,429,434,421,440,423,461,430,466,475,451,452,411,446,448,428,452,423,474,480,482,481,459,480,457,436,441,461,464,473,457,476,480,490,438,451,455,446,428,388,506,458,507,439,421,511,457,453,448,428,482,466,457,434,424,416,461,454,469,474,471,467,414,450,494,445,458,444,487,482,491,475,530,446,501,424,488,482,430,473,384,423,430,466,440,429,524,426,440,466,440,451,477,467,454,475,450,453,412,481,469,512,458,469,476,396,497,474,500,457,465,485,416,456,485,478,424,435,389,481,439,445,467,470,435,507,463,437,435,465,401,458,453,460,455,428,430,440,454,461,468,480,471,448,473,423,457,412,449,424,451,458,431,457,436,445,458,456,388,454,445,487,462,462,482,427,447,486,428,484,428,476,477,457,460,455,499,442,425,462,481,420,431,445,469,461,456,477,491,471,464,430,470,401,405,439,441,436,474,478,415,466,423,450,470,455,469,429,445,453,506,446,417,468,428,406,437,450,465,443,497,487,478,445,449,507,461,420,480,443,455,419,436,461,414,476,493,448,516,418,448,427,489,450,453,461,433,459,496,466,475,445,448,400,439,462,449,428,453,448,460,526,515,444,474,488,479,429,403,449,446,496,418,500,478,469,507,444,473,460,432,418,429,434,496,459,440,453,456,492,465,467,436,418,434,446,460,468,458,475,434,511,465,450,417,433,442,439,466,413,435,415,527,453,500,484,474,459,423,478,486,438,443,435,493,431,431,467,406,472,420,437,473,519,441,437,499,456,461,479,478,473,438,433,464,472,494,461,456,494,471,458,463,436,484,455,494,469,466,462,486,493,441,453,461,503,405,416,470,456,418,455,411,425,418,489,464,466,491,454,443,444,475,448,464,495,436,517,412,483,434,470,441,496,469,465,465,452,425,518,474,480,453,448,433,439,452,470,456,439,424,524,464,453,463,411,420,484,425,434,451,468,406,442,428,478,460,437,460,467,435,468,405,418,454,480,451,484,439,428,422,418,435,447,458,472,437,464,460,422,452,438,466,468,462,455,450,425,435,463,460,439,486,452,439,444,489,428,439,443,463,474,511,417,406,453,470,477,493,480,468,434,471,511,439,446,445,427,416,458,408,506,462,460,478,514,478,429,502,453,474,463,426,451,462,449,439,431
224,54176426,498,441,513,443,437,468,497,450,443,476,453,499,473,469,457,478,425,485,454,462,478,466,493,431,428,500,467,463,422,460,449,460,471,478,494,401,446,504,482,464,489,469,500,534,460,455,447,423,481,455,461,476,455,508,447,494,516,438,447,452,478,508,445,506,432,404,427,452,478,440,420,482,533,456,391,473,490,438,435,470,499,439,474,400,472,429,495,438,493,504,462,439,474,471,496,457,505,420,445,478,472,498,467,420,513,443,457,470,463,425,447,476,502,492,448,499,520,448,510,466,515,442,468,455,459,437,458,471,499,481,482,495,518,463,462,463,448,455,479,411,465,513,441,521,478,478,429,451,435,431,422,451,454,465,473,501,489,460,464,466,474,447,491,434,439,473,467,465,481,507,472,482,461,457,427,506,486,487,444,446,470,457,487,481,459,494,473,455,475,471,472,464,429,486,460,448,461,449,475,490,449,448,480,485,494,478,496,458,455,482,467,431,449,466,501,421,469,450,442,433,451,466,468,444,524,453,460,465,434,452,474,511,442,478,475,451,433,427,464,464,469,435,440,495,464,471,474,481,458,465,512,479,462,455,447,471,409,456,486,440,414,471,476,485,500,456,434,435,458,471,496,419,449,493,474,484,457,488,404,482,423,529,442,446,458,470,510,486,441,479,440,455,457,503,441,483,478,438,473,476,455,465,431,461,416,494,457,477,480,451,494,527,462,452,517,432,490,469,448,450,462,453,560,490,492,457,461,447,448,421,515,466,442,501,419,492,485,491,456,448,469,471,509,422,442,473,433,418,497,472,533,538,475,476,456,466,435,413,436,446,424,464,488,502,482,506,459,478,434,466,464,455,514,414,463,414,448,479,454,441,474,437,428,466,441,446,444,448,478,495,512,428,473,457,488,479,529,459,465,466,472,456,454,489,527,448,446,452,520,461,483,393,468,477,431,442,445,410,451,538,499,473,457,478,408,467,442,485,408,432,477,495,504,448,474,449,431,471,444,450,491,486,481,461,462,493,461,466,475,543,484,446,548,484,487,420,403,497,489,510,466,446,462,448,526,446,491,473,455,449,460,434,503,429,435,497,486,455,532,466,525,447,485,507,439,469,443,500,429,523,475,467,475,478,488,433,457,415,498,463,517,470,470,438,442,429,451,443,476,451,465
240,27962026,298,324,334,294,297,336,310,365,310,335,330,272,324,330,275,285,338,314,311,289,301,325,313,323,301,282,312,307,312,338,325,289,335,327,321,337,298,376,302,288,353,272,291,303,347,327,346,310,322,297,287,304,284,297,275,300,299,335,334,306,349,296,302,276,312,298,285,320,284,314,316,261,286,288,363,336,311,317,300,299,310,298,331,315,290,308,287,324,307,312,313,313,353,313,327,285,326,356,273,288,287,312,302,316,279,310,314,302,274,334,312,320,274,306,301,321,342,299,333,331,286,274,304,336,332,317,323,315,347,300,303,300,293,352,292,309,301,284,325,311,288,271,251,348,299,264,283,263,338,349,275,295,279,288,328,299,316,325,323,312,302,301,321,318,348,299,278,276,287,328,347,288,273,299,283,311,323,288,325,349,309,288,315,289,333,335,299,329,335,303,289,265,299,306,323,309,324,315,313,322,281,297,295,333,353,270,311,277,346,337,316,349,313,288,313,306,320,322,288,300,326,311,331,298,300,346,313,295,327,301,369,314,276,311,309,299,323,318,313,299,300,305,287,260,299,335,287,294,304,313,309,314,300,324,319,262,283,297,324,311,334,272,358,338,249,250,338,368,289,310,321,296,335,301,338,355,311,355,273,300,313,300,308,335,319,310,311,301,288,263,289,299,301,344,264,301,355,313,333,299,325,338,396,281,288,332,308,299,313,310,289,288,344,301,313,335,297,264,280,327,284,306,273,313,301,323,300,296,346,307,370,310,303,350,291,310,290,308,309,259,330,299,310,338,288,336,274,313,278,321,309,261,298,311,317,301,297,322,325,313,278,344,356,337,295,337,322,307,326,315,301,299,324,289,306,325,324,313,300,296,309,262,297,346,285,370,295,265,312,312,336,329,314,358,309,322,340,286,310,298,326,319,298,310,278,323,359,311,334,299,311,330,347,320,319,326,313,299,287,336,274,308,314,340,287,309,312,285,315,330,361,307,301,324,318,297,332,323,360,325,288,312,285,286,327,275,287,312,316,307,313,336,313,284,300,312,275,299,291,324,278,289,299,308,335,250,320,311,319,272,283,330,300,296,289,322,314,304,325,330,306,287,313,348,326,312,326,322,282,365,309,298,360,287,254,293,309,273,331,355,287,271,290,284,287,291,302,333,333,285,320
240,30583466,324,370,361,304,309,313,363,336,363,320,354,387,430,337,337,325,351,348,344,327,325,321,308,334,358,311,300,343,325,357,319,334,261,298,306,326,340,303,323,354,297,296,377,327,336,323,314,315,300,284,332,331,296,391,360,313,336,321,339,309,317,308,335,338,384,327,361,340,333,339,287,312,362,372,339,399,353,310,369,342,338,347,299,347,264,333,359,332,349,351,390,303,274,296,320,274,289,362,339,325,308,299,356,350,331,350,343,299,309,275,342,298,326,351,308,333,399,330,367,316,312,328,400,300,368,390,297,385,341,346,342,367,375,326,321,321,373,393,338,371,325,327,331,300,340,350,340,341,286,288,356,322,318,374,343,275,337,300,321,334,299,355,326,272,322,353,351,305,303,313,357,343,300,298,300,322,336,334,307,369,337,336,311,342,292,324,333,379,282,323,353,299,310,286,332,356,346,390,310,296,370,353,330,339,309,327,373,325,320,324,315,264,362,317,362,335,323,300,319,313,341,338,359,302,324,333,329,344,346,321,303,305,335,331,333,336,310,283,311,287,344,333,357,346,287,324,362,382,371,366,327,343,286,336,342,325,343,343,325,309,288,340,404,317,272,300,311,273,336,345,310,274,311,335,327,321,297,397,307,341,321,325,325,290,343,353,310,341,300,286,354,332,314,310,341,346,308,312,296,363,357,327,310,285,331,328,371,344,313,343,313,321,296,322,262,329,411,309,336,336,323,360,318,298,299,334,359,356,360,371,288,334,288,335,334,359,314,314,346,338,347,372,326,317,315,318,377,297,313,309,312,342,330,359,307,348,333,338,271,308,324,372,314,382,334,275,316,323,296,290,274,337,291,322,301,339,362,331,376,320,300,335,348,336,364,369,328,303,327,294,322,391,311,298,331,282,295,299,287,298,325,309,274,287,346,347,274,330,345,333,301,303,355,347,297,345,353,347,299,364,323,352,329,361,323,298,393,321,343,312,351,310,362,290,299,300,310,319,319,325,329,359,296,322,311,314,358,342,353,333,324,320,365,309,374,321,366,374,331,341,331,297,290,274,335,351,284,345,312,345,311,325,287,307,271,312,359,296,302,340,321,336,357,332,272,301,314,295,303,306,345,327,315,325,338,333,334,312,341,288,335,306,313,300,300,383,325,298,306,292,323
240,33204906,357,402,346,357,352,317,388,312,328,343,348,325,342,363,347,342,297,374,342,384,369,314,391,373,356,386,333,377,343,323,351,369,341,345,335,363,335,338,383,342,355,320,354,404,341,359,401,360,357,360,338,354,363,315,348,352,324,347,284,329,376,362,298,399,372,310,325,358,359,325,349,359,308,388,380,385,372,368,334,312,390,310,336,318,312,388,323,356,312,348,393,338,313,343,357,389,321,309,327,359,369,317,316,320,354,325,348,321,341,322,373,342,300,360,396,311,298,318,345,369,299,359,300,349,389,333,405,345,337,319,327,380,333,334,357,319,322,375,369,376,357,330,361,312,365,413,345,363,322,346,274,355,353,365,324,273,322,324,382,337,363,324,362,409,377,348,313,311,356,356,348,272,367,345,359,342,402,327,390,332,347,346,388,319,337,353,327,332,348,346,322,365,311,303,319,366,313,395,337,359,342,340,402,286,332,391,403,373,391,311,366,358,342,379,283,378,317,309,314,370,358,285,375,321,360,393,352,344,355,322,334,310,320,326,335,309,339,338,339,375,352,360,357,377,298,357,359,350,331,309,335,334,312,342,289,306,312,310,322,345,335,335,362,383,313,352,363,372,351,334,341,348,366,308,390,367,308,339,372,322,348,362,364,300,308,367,341,382,345,308,346,344,418,299,342,325,323,340,376,342,317,333,302,311,395,299,310,383,358,367,347,383,361,302,357,329,304,329,353,408,328,340,364,342,326,312,318,386,318,347,338,380,324,329,332,361,353,337,346,346,336,362,342,340,341,329,349,365,353,378,342,394,341,406,310,394,298,356,323,352,329,341,348,312,324,394,355,323,336,373,358,330,354,336,303,324,364,309,361,286,378,381,309,325,335,383,344,300,305,295,324,317,311,378,371,323,340,330,371,369,374,371,342,379,382,358,379,334,324,389,365,285,332,347,357,325,383,327,295,275,381,339,307,333,336,347,377,335,302,385,375,391,383,310,334,287,320,343,348,333,331,374,367,350,374,336,348,304,370,335,410,355,355,359,333,372,332,390,286,374,303,340,397,336,364,347,337,346,371,327,365,389,333,356,321,355,359,345,312,287,319,295,333,369,300,370,367,367,340,372,366,382,356,378,374,374,423,390,325,338,308,371,332,343,331,347,326,330,367,346,331
240,35826346,384,354,382,392,409,364,349,409,358,350,362,357,348,395,346,350,385,303,317,303,355,338,346,394,358,412,349,410,371,384,335,336,345,323,355,351,346,377,302,355,358,371,384,382,376,372,348,374,361,326,337,371,340,337,386,336,348,366,381,381,408,408,316,356,399,368,334,372,377,301,332,392,415,351,404,390,377,395,360,350,408,394,352,383,336,360,388,371,396,375,382,411,355,392,367,333,410,355,347,346,339,448,366,344,396,331,347,352,374,407,379,386,352,356,364,398,403,358,387,347,377,360,317,376,325,359,301,383,344,378,349,376,373,354,326,373,383,342,383,353,384,371,352,395,389,418,347,399,332,333,366,375,329,362,348,324,326,354,335,336,365,370,376,330,435,359,410,375,368,324,340,357,347,299,333,330,350,368,366,391,380,356,350,374,362,358,360,351,337,368,388,340,373,369,367,386,370,389,320,353,379,354,381,387,332,390,347,392,375,436,367,332,325,422,369,296,337,367,389,388,399,288,373,378,401,345,376,350,331,388,396,378,352,357,337,390,403,365,343,350,356,384,388,355,334,365,360,354,376,353,371,343,362,373,374,346,349,349,344,361,448,375,315,372,370,356,406,398,340,331,402,353,387,351,329,337,314,318,342,374,324,349,329,302,319,375,361,378,387,361,365,310,384,357,392,364,388,372,323,331,309,362,369,354,343,351,375,363,319,340,371,369,322,426,400,396,372,375,335,409,354,434,352,333,398,374,369,388,383,335,390,391,353,383,357,378,431,397,345,322,397,356,378,366,359,355,424,386,372,361,378,382,426,334,344,382,369,324,330,378,387,341,351,342,391,353,341,368,361,392,358,357,339,370,399,395,339,365,359,347,366,326,357,357,415,335,343,340,348,262,355,380,324,347,385,347,367,349,344,326,346,320,366,403,335,335,378,367,381,364,346,382,309,352,400,313,358,340,362,410,348,384,372,356,317,403,332,338,416,299,351,377,374,373,347,349,337,300,297,353,311,364,354,382,358,383,343,354,374,344,406,395,399,358,345,369,298,342,388,401,319,301,368,395,332,390,394,365,388,409,400,325,325,364,388,391,324,391,343,377,415,391,380,414,367,371,373,340,386,385,338,347,352,384,354,397,312,366,318,394,362,315,355,356,369,425,353,430,316,359,379
240,38447786,403,399,419,366,388,328,341,388,425,315,377,382,361,402,347,352,417,425,341,326,409,359,375,359,397,345,381,391,431,392,394,414,315,357,316,371,408,363,397,435,365,353,373,356,361,381,384,346,375,430,426,336,408,385,343,380,339,347,391,386,406,405,368,451,396,414,363,410,377,324,339,351,332,373,412,353,338,390,359,368,416,347,345,353,349,441,411,323,364,403,394,366,365,392,415,364,363,401,347,400,339,370,373,371,344,363,355,380,431,389,376,310,369,385,370,474,359,394,372,386,430,344,357,363,373,396,366,376,346,422,409,364,374,375,355,405,370,284,360,378,378,374,392,383,370,370,393,369,373,345,376,347,395,392,384,395,360,340,349,370,401,336,428,341,362,402,402,403,332,368,303,343,373,359,352,412,310,362,368,357,346,350,375,346,396,374,406,408,374,374,409,449,402,364,390,397,383,373,329,351,415,349,415,418,391,369,341,380,399,380,404,385,365,349,390,411,351,380,375,316,394,385,413,365,369,379,370,330,389,374,392,386,378,413,334,368,380,403,351,379,368,390,417,396,338,397,371,359,335,335,360,380,385,403,373,377,340,357,360,394,394,367,420,325,323,416,426,384,415,348,418,414,381,362,415,320,374,367,343,400,412,361,376,350,323,385,403,335,364,387,374,372,332,440,407,330,372,415,322,368,440,353,414,332,373,433,378,440,357,347,364,424,367,372,377,339,378,359,349,371,383,352,407,401,357,318,381,345,394,431,413,359,332,348,361,353,388,387,349,378,323,378,339,381,359,435,386,312,405,356,443,385,381,359,332,384,390,367,369,335,369,371,391,358,346,429,346,419,461,412,369,352,389,385,354,372,346,368,416,440,388,399,371,409,429,384,391,356,367,332,370,334,348,345,339,402,398,394,397,375,371,357,346,371,392,358,403,395,371,416,412,376,397,410,354,392,368,377,357,449,355,393,368,379,378,342,345,379,357,411,334,359,346,444,424,397,390,391,327,377,459,425,434,363,392,323,380,394,371,341,356,418,389,365,380,405,407,361,386,388,395,390,343,346,365,437,357,375,399,373,420,372,330,389,343,422,400,387,405,375,439,406,363,415,371,395,363,396,401,383,349,370,367,314,353,379,351,379,445,449,332,396,439,347,414,388,343,378,398,406,384
240,41069226,412,421,356,415,397,407,362,381,433,367,370,372,413,449,370,374,425,417,367,413,382,394,380,395,428,390,405,383,381,402,407,398,387,383,388,450,367,380,390,413,386,357,420,424,379,405,416,424,417,414,394,403,398,350,376,400,407,365,421,420,416,427,417,445,417,416,408,375,437,398,401,356,434,466,357,331,414,373,377,463,377,348,418,356,407,468,413,374,373,394,397,457,413,379,402,363,380,414,428,358,363,374,382,447,363,403,399,410,423,329,379,404,385,378,371,347,386,396,430,376,409,393,395,432,384,388,430,377,388,454,399,358,374,357,417,404,327,388,429,410,403,418,392,406,427,447,409,374,335,438,426,410,330,364,393,360,382,374,449,373,454,395,359,407,384,375,366,409,428,402,360,351,392,414,379,358,379,383,364,427,428,395,457,408,369,363,367,393,337,402,418,395,364,394,366,411,364,431,402,359,378,445,396,378,416,428,450,371,386,358,377,418,367,370,400,381,440,402,391,396,390,354,377,415,400,387,374,358,362,428,377,421,394,429,426,457,399,441,394,379,321,333,407,412,400,403,452,407,419,355,374,397,386,417,343,417,422,362,354,361,373,363,377,464,420,351,400,439,430,370,416,361,334,389,416,406,394,423,410,394,393,361,400,421,333,390,345,372,372,389,395,422,409,374,414,380,404,372,377,412,438,419,361,393,457,390,415,391,361,404,416,401,388,368,400,424,427,376,403,363,410,380,405,409,368,327,407,463,394,375,396,353,342,424,325,340,370,409,392,397,372,422,369,329,446,398,402,448,345,411,406,348,362,396,397,431,409,425,422,341,360,426,393,407,385,370,391,378,357,393,391,420,390,395,416,420,401,364,416,360,371,338,392,403,389,441,392,414,359,370,362,419,344,395,417,423,378,373,399,407,389,387,365,374,355,393,419,396,391,373,377,408,417,413,508,386,361,370,339,439,395,362,371,422,365,368,378,418,334,425,416,404,366,427,416,391,363,356,335,428,414,410,397,410,385,439,389,372,406,405,384,338,378,410,417,376,372,342,425,371,428,444,377,397,431,369,400,384,409,376,439,351,423,426,426,409,382,369,414,411,408,409,383,372,375,395,386,390,387,397,408,327,413,350,393,379,399,441,397,424,416,368,396,459,373,395,365,413,425,419,376
240,43690666,387,391,391,379,391,355,386,443,385,377,364,411,387,391,411,430,383,381,371,432,385,360,398,375,441,429,395,428,434,433,413,403,404,427,369,393,419,344,385,387,449,363,414,415,393,417,353,386,377,422,418,433,452,378,416,336,448,400,385,391,359,410,422,401,395,397,353,419,411,433,392,455,405,421,388,388,423,380,453,390,373,414,421,356,409,414,352,433,354,398,440,402,402,443,414,393,401,424,439,359,442,391,406,442,425,403,422,438,421,414,355,348,362,364,403,451,439,449,382,416,398,399,364,328,379,422,435,350,386,385,363,402,396,399,423,408,418,416,373,417,408,424,402,404,428,405,377,403,418,437,422,422,437,437,379,383,366,367,355,385,392,388,414,375,430,384,410,427,409,403,418,423,439,406,411,460,400,439,388,389,404,363,412,428,381,412,395,441,454,430,393,408,392,393,425,408,406,363,436,370,415,401,437,395,414,396,393,413,393,413,440,414,403,492,384,349,396,417,435,398,409,398,422,365,412,418,418,383,401,363,430,389,408,411,450,421,446,467,407,386,420,401,411,404,439,441,401,408,418,384,400,419,426,398,390,392,400,376,411,399,379,346,387,409,413,423,395,416,411,411,437,395,445,434,415,416,366,349,425,354,378,392,390,411,412,417,424,403,430,400,367,436,413,388,404,396,395,361,419,410,416,394,387,404,453,357,386,452,433,411,401,388,378,385,381,393,396,407,446,471,426,365,356,389,369,405,411,389,398,351,370,387,385,431,429,450,409,456,375,414,370,381,386,389,449,423,372,420,418,410,381,396,395,370,430,405,368,381,422,379,428,349,370,405,396,369,444,421,378,365,425,410,403,392,417,418,407,415,366,427,459,377,387,370,433,399,388,363,360,410,391,370,351,386,383,376,425,397,359,410,417,421,385,440,416,405,427,386,324,408,432,339,383,385,346,387,411,371,394,377,401,394,424,393,368,413,399,333,371,418,475,418,443,393,394,360,410,368,404,439,360,375,430,372,420,402,427,425,427,438,395,416,438,415,417,380,435,460,375,377,382,403,371,386,396,413,416,399,413,336,409,429,389,426,400,384,412,388,377,372,408,384,430,457,410,415,381,419,426,365,384,403,416,425,379,386,391,369,396,391,413,360,391,446,390,389,391,399,424,404,365
240,46312106,377,477,423,387,401,408,421,447,417,415,394,393,403,429,343,425,412,382,454,400,394,399,428,401,440,424,431,417,437,377,432,403,418,388,389,388,407,387,412,372,423,387,386,368,400,415,390,448,419,399,438,349,369,462,375,398,410,387,437,417,400,393,389,355,414,401,398,442,350,407,383,414,428,428,386,432,385,417,370,449,428,457,402,414,402,423,384,448,396,366,417,416,461,405,408,423,414,407,419,423,401,384,432,426,410,392,407,429,407,440,435,403,332,432,423,411,453,373,370,378,423,438,386,411,389,419,447,406,415,411,397,388,384,392,402,400,448,422,410,396,433,405,339,434,383,403,412,417,474,448,425,434,419,382,385,436,379,429,391,357,440,415,447,391,441,364,400,408,410,436,454,409,372,424,403,412,380,407,391,390,429,445,434,412,389,441,424,390,417,424,409,409,429,410,394,413,440,360,434,399,389,420,430,409,394,427,464,362,358,435,403,436,430,448,417,419,423,394,441,409,424,379,389,423,418,396,372,414,385,415,406,402,408,373,381,384,428,374,438,370,405,438,435,417,400,367,416,424,418,413,404,413,400,429,377,449,439,450,378,403,372,387,406,406,431,414,467,421,450,389,388,422,408,463,386,385,431,370,424,465,403,394,438,410,433,367,372,390,437,411,418,364,437,436,363,409,430,418,408,404,466,407,403,400,408,439,387,403,417,405,406,414,408,398,424,416,454,453,427,447,437,423,381,401,455,412,415,414,396,419,442,391,415,397,364,416,403,426,411,433,410,388,423,418,383,427,397,429,436,410,430,386,396,455,381,413,385,412,415,410,406,385,359,384,346,433,443,411,399,424,372,420,442,422,399,401,439,419,397,400,434,345,469,369,453,426,386,364,458,435,398,414,420,426,423,423,391,382,382,389,404,422,388,429,436,410,437,421,391,409,400,429,418,409,430,424,382,422,371,426,401,467,399,397,401,407,378,375,431,400,487,367,465,412,435,436,436,430,452,398,399,385,415,408,417,395,430,438,418,415,413,448,362,388,408,409,436,413,414,457,431,418,384,425,439,423,421,388,456,423,431,437,411,435,420,430,403,415,411,400,402,400,371,399,445,408,411,392,447,403,396,383,440,446,385,382,473,436,381,400,450,405,383,426,428,408,433,416,407,442,468
240,48933546,395,425,421,417,407,401,429,416,404,447,409,401,408,417,437,417,444,415,446,447,434,407,387,439,442,421,451,414,421,445,401,415,466,395,443,364,370,445,389,447,446,427,446,340,421,417,424,410,434,429,446,406,420,427,427,417,425,453,443,437,380,393,440,403,430,438,405,423,413,400,384,435,400,442,433,438,410,460,410,422,429,421,403,377,419,433,460,403,421,440,405,402,450,433,406,424,471,396,417,424,432,454,403,430,436,438,434,415,418,439,460,434,443,425,428,427,392,412,440,412,428,404,443,463,434,395,374,427,404,391,378,468,439,404,450,435,415,427,430,378,405,419,369,407,392,438,396,377,436,359,455,427,421,455,451,448,386,409,422,428,420,394,425,428,422,460,467,363,408,393,433,441,405,432,366,436,436,380,449,446,439,396,466,437,479,395,449,453,459,357,422,401,425,395,368,444,404,412,432,428,406,427,360,358,368,408,395,441,411,438,409,444,388,382,414,356,395,421,398,405,386,442,394,411,396,436,440,411,427,446,410,427,407,437,422,442,454,387,410,417,413,410,475,417,409,448,474,407,461,471,436,432,441,440,438,402,397,416,433,448,437,433,420,424,389,423,386,421,405,371,434,387,403,421,416,453,436,423,412,411,453,424,397,442,348,401,467,442,411,392,427,405,444,429,451,410,470,421,431,464,466,406,402,441,360,421,459,415,401,399,414,408,418,378,441,457,399,420,428,424,434,403,424,401,405,451,448,426,414,410,381,455,450,414,388,425,399,408,455,453,471,387,447,437,424,449,350,394,442,385,455,445,448,386,443,435,381,422,423,442,403,418,434,394,441,428,396,416,399,394,426,422,395,394,441,401,414,389,410,412,398,418,398,448,426,404,390,438,408,444,425,400,387,445,376,409,431,433,447,404,478,409,389,393,456,443,446,401,402,401,390,399,397,447,402,406,424,419,427,426,421,422,388,439,403,427,455,385,428,396,404,406,413,385,409,422,475,380,454,471,358,367,448,404,396,448,425,420,395,365,431,415,405,419,400,410,399,411,417,459,388,427,419,467,367,419,402,429,415,419,416,427,410,446,439,460,429,365,384,401,440,418,442,430,429,428,403,446,422,465,370,404,415,385,446,468,429,427,437,394,431,431,400,402,455,434,421,446,465,410,398
240,51554986,453,410,499,411,396,410,482,420,443,431,403,414,450,429,436,452,442,464,446,424,382,414,429,389,437,422,453,459,416,417,403,387,429,383,455,441,469,458,418,413,439,416,448,458,438,435,441,419,414,442,429,438,427,436,437,453,382,440,429,462,425,438,463,396,434,470,395,465,442,375,446,424,407,477,424,436,453,417,437,438,402,414,429,442,432,387,408,400,444,471,409,422,447,447,418,445,442,490,440,428,430,427,447,400,408,455,381,394,445,429,436,468,416,401,436,401,420,479,477,438,470,436,443,446,420,453,423,415,454,432,439,440,451,482,506,468,434,396,423,427,423,479,404,421,445,441,409,431,413,412,440,412,424,443,463,407,428,407,410,440,466,439,447,440,425,427,444,435,424,411,437,420,416,427,381,458,434,448,432,395,409,436,430,416,445,418,427,446,425,419,408,401,413,446,416,457,432,444,465,404,448,430,435,466,427,428,463,404,445,433,384,444,403,415,446,408,400,394,420,386,394,405,385,377,475,478,416,468,462,426,443,425,435,480,456,459,407,465,419,385,429,386,394,423,465,415,423,395,458,459,422,410,444,421,412,432,410,407,414,418,412,444,378,407,471,402,436,418,413,445,444,411,404,420,449,405,408,443,385,474,410,404,422,445,359,434,405,403,445,476,451,426,431,425,402,441,452,444,402,430,431,435,426,468,465,452,439,438,433,420,428,467,448,424,417,431,422,470,426,394,462,395,432,428,404,435,407,452,419,462,439,482,436,462,420,428,422,424,364,419,438,435,418,457,412,488,434,425,467,454,427,415,408,427,438,396,421,416,405,449,421,409,395,382,451,403,432,430,399,417,433,388,386,464,429,414,454,441,398,432,463,434,423,467,416,422,399,401,412,438,481,384,420,488,422,383,449,434,453,404,400,427,436,415,414,417,401,387,436,411,435,396,407,478,434,450,379,412,443,398,457,441,393,434,417,466,383,453,400,411,421,383,409,434,439,385,470,419,411,393,420,459,426,422,464,482,474,427,427,419,411,407,411,441,440,421,434,466,425,420,430,462,451,444,431,432,440,398,423,417,436,470,476,448,438,464,431,396,398,427,398,400,415,426,430,398,424,427,452,422,409,422,403,472,411,419,447,417,458,456,423,412,409,430,390,420,422,449,423,404,426
240,54176426,410,495,493,438,494,468,442,437,474,477,453,458,458,393,425,481,440,397,480,488,456,485,459,449,489,424,430,450,458,458,422,440,482,440,442,451,456,439,455,458,449,428,445,458,478,427,403,434,435,447,435,440,428,401,519,435,471,407,507,439,482,466,423,425,509,437,461,488,452,425,414,445,451,453,475,460,449,499,447,418,434,434,498,470,436,468,453,479,447,487,409,486,441,463,466,481,442,529,473,507,481,446,460,487,495,440,429,470,495,475,467,456,430,455,458,420,424,380,471,498,451,460,457,446,470,457,465,459,436,376,424,425,451,427,460,430,466,502,509,438,427,465,495,399,486,461,463,432,454,461,423,467,461,434,475,415,458,467,424,455,437,392,446,438,459,430,455,484,504,436,501,402,457,474,433,427,422,429,522,467,445,430,436,439,480,510,485,511,482,474,512,438,443,464,461,411,473,445,454,456,431,416,464,414,447,460,439,433,404,461,433,472,446,464,414,451,432,472,445,407,528,469,478,456,468,462,484,413,442,461,453,452,451,461,463,440,462,513,407,458,494,490,484,409,383,415,475,519,443,500,423,465,427,474,507,438,426,433,467,469,494,519,506,475,447,458,447,463,502,478,440,474,491,437,455,444,457,458,438,492,414,472,505,447,468,412,428,467,398,426,463,434,462,509,462,444,467,436,449,461,480,428,456,453,465,486,429,445,435,447,441,506,482,427,467,473,445,436,481,430,465,495,449,460,450,437,524,469,448,453,429,451,456,468,474,440,450,460,475,434,459,428,451,440,443,451,469,466,431,481,454,445,449,490,432,440,451,444,446,444,503,430,465,439,444,458,428,449,445,456,470,403,434,425,493,410,423,481,400,465,402,457,436,445,459,472,408,473,506,494,565,484,470,447,422,403,450,473,465,470,438,452,403,445,468,409,444,457,476,482,458,412,460,451,390,458,495,426,460,429,425,427,451,437,469,406,432,420,464,426,428,478,426,474,482,464,469,426,494,438,474,497,490,437,483,461,462,440,458,462,477,409,457,416,487,435,446,421,460,473,449,481,432,478,405,474,405,481,490,475,411,444,429,475,437,426,490,478,486,470,452,502,430,476,471,468,461,390,481,465,441,428,470,484,425,480,419,504,463,432,397,488,480,443,430,428,425,493,495,479,419
256,27962026,312,327,300,288,289,300,298,315,265,263,272,287,272,296,258,287,299,278,276,261,237,312,285,291,327,261,289,276,300,337,315,289,312,327,351,276,301,307,330,285,288,309,300,287,300,274,275,323,325,302,327,312,311,353,261,287,312,313,288,283,308,292,300,299,298,296,288,303,299,302,311,313,259,288,300,289,287,288,274,300,302,285,288,288,297,289,272,278,263,289,263,280,311,260,285,310,291,290,300,349,327,349,329,299,274,288,275,284,324,301,286,303,315,339,299,301,334,275,289,287,314,315,263,289,302,325,290,276,298,301,327,300,312,275,285,269,301,296,298,286,311,274,263,309,324,284,306,302,260,288,303,275,262,264,275,287,303,300,286,291,296,273,315,286,290,273,322,274,276,310,277,314,284,300,322,298,312,288,299,261,312,272,311,311,361,317,297,302,326,285,286,299,247,286,324,285,312,248,261,297,323,323,285,311,275,263,299,309,275,300,338,313,289,336,290,311,301,311,289,313,324,323,297,307,261,299,260,283,297,314,287,299,285,291,268,272,326,274,310,285,300,290,311,324,300,300,249,273,298,300,312,287,283,311,297,298,325,288,261,274,309,308,310,301,302,289,285,298,342,300,287,303,276,286,285,315,313,285,297,311,297,285,301,352,311,285,276,300,312,321,290,315,311,289,300,247,285,300,285,282,272,274,275,266,288,304,311,263,287,301,284,287,288,311,286,313,294,294,327,301,316,265,321,326,310,313,302,286,299,325,313,323,270,287,284,300,288,275,299,286,289,309,289,312,290,340,300,303,312,287,310,302,314,283,289,302,288,288,312,310,300,311,297,303,341,297,324,273,309,272,301,302,249,273,298,315,283,289,249,289,303,299,291,265,286,326,314,273,275,313,302,248,290,300,325,286,313,312,297,290,285,289,326,274,326,296,299,309,299,299,310,289,276,325,321,316,327,259,313,300,308,326,289,313,294,299,286,284,271,309,321,313,285,250,305,301,277,337,298,274,300,298,307,300,298,301,313,324,276,290,289,274,300,297,285,304,302,300,261,286,287,286,302,248,312,312,270,300,338,336,297,312,272,300,301,313,297,298,314,326,292,277,274,314,299,312,302,327,300,338,286,287,323,290,287,308,284,311,273,312,299,312,314,300,297,301,282,311,302,335,310
256,30583466,280,322,336,298,305,287,322,300,289,286,265,337,299,324,299,274,300,298,298,309,334,276,311,341,325,287,305,285,287,287,301,288,275,312,303,286,275,313,296,287,288,284,302,312,277,310,298,300,298,336,269,320,296,292,302,300,298,324,315,275,347,308,291,304,287,289,286,301,312,315,286,288,312,286,331,328,324,285,260,276,299,297,284,298,348,300,300,341,301,332,288,278,326,335,299,309,309,277,299,288,303,277,311,274,299,321,280,311,273,300,301,325,285,315,334,274,292,275,286,326,348,307,304,301,290,311,324,287,289,263,276,275,306,279,335,299,289,336,299,325,301,332,288,300,345,336,325,308,275,303,303,263,289,327,284,303,338,301,299,313,325,311,289,296,274,301,298,337,335,351,315,291,288,321,285,350,299,285,289,279,316,302,309,323,301,298,312,287,311,287,298,297,262,307,314,309,262,320,311,311,284,301,314,310,299,259,284,297,298,287,287,286,315,288,313,288,297,287,313,285,288,337,314,314,334,335,310,332,311,314,312,274,246,314,278,287,288,284,286,278,325,325,301,298,312,314,327,289,271,272,320,298,286,312,288,317,300,287,270,265,301,261,356,249,304,285,299,263,273,299,275,315,319,322,287,285,314,276,274,289,297,287,299,300,271,366,336,288,312,297,334,273,312,312,361,297,320,333,273,324,299,286,312,327,299,315,285,326,334,322,285,285,332,287,298,271,319,295,299,327,326,301,272,361,275,285,285,259,337,258,289,299,299,315,246,303,293,325,304,286,287,287,302,325,319,326,326,289,298,274,287,349,300,274,299,336,313,309,289,337,313,284,298,317,328,284,297,323,316,289,265,336,286,311,309,286,285,299,275,287,299,299,310,313,302,324,321,305,311,311,303,278,281,333,297,314,275,312,326,287,310,309,322,286,300,312,301,310,272,312,326,305,290,297,286,310,334,340,287,313,308,336,299,313,285,304,300,312,286,312,324,302,311,312,329,308,313,310,338,273,328,310,301,286,334,303,285,341,348,298,275,286,262,329,303,289,314,346,304,311,312,276,325,277,283,272,300,298,316,309,320,324,314,314,281,287,312,290,313,300,299,285,300,275,335,288,286,343,302,289,297,276,275,267,297,260,313,263,363,259,297,295,358,308,313,310,264,325,285,289,323
256,33204906,366,333,314,321,342,300,356,336,298,355,364,295,379,334,287,301,315,287,320,306,301,324,329,287,289,306,311,298,312,282,311,296,322,288,300,339,313,318,314,334,277,334,338,309,375,302,338,366,328,353,350,333,309,308,312,272,321,283,276,325,333,315,350,311,324,348,378,335,339,345,334,311,381,344,346,327,246,330,329,299,406,366,338,309,314,360,353,305,319,333,334,337,338,311,330,341,300,317,342,312,368,290,326,301,316,320,354,350,333,322,348,367,349,288,338,350,288,378,347,336,339,360,319,374,337,357,336,324,309,354,297,312,322,302,313,360,299,308,346,337,335,347,337,324,273,322,345,417,316,360,366,343,285,287,329,310,296,323,308,334,323,334,313,321,266,288,324,338,325,307,307,334,341,309,274,344,323,334,345,335,312,286,343,346,296,289,334,354,293,354,334,356,337,314,332,356,370,356,336,336,285,322,331,321,395,301,328,292,332,326,326,327,291,298,298,275,314,366,380,287,338,335,325,321,302,299,330,311,288,318,310,333,334,311,315,344,339,390,298,298,324,319,348,260,363,320,314,275,302,327,299,281,299,353,301,370,323,361,295,326,346,332,286,326,307,313,324,310,352,325,356,324,316,334,362,344,308,364,386,299,311,309,343,320,309,323,369,313,307,355,300,363,345,316,342,324,325,305,377,297,351,323,361,297,311,348,323,328,337,309,345,302,312,368,319,317,354,313,341,379,321,333,334,356,308,311,333,380,366,326,310,314,310,327,307,321,315,323,331,308,340,339,358,298,323,298,303,314,329,341,313,340,318,371,333,309,332,301,339,335,321,323,306,299,325,344,290,345,348,325,307,325,285,368,310,339,332,287,323,318,286,286,334,304,335,297,382,309,301,369,341,324,326,320,319,345,319,337,357,342,356,318,392,338,359,380,334,313,339,315,270,308,344,361,342,342,321,313,321,327,277,335,312,305,327,349,352,296,300,307,311,344,283,324,307,332,344,286,288,328,302,275,273,326,341,301,314,346,367,288,334,311,347,333,347,345,325,377,280,291,284,309,343,351,357,316,338,331,357,321,322,294,356,364,340,294,362,344,328,372,347,311,312,288,338,323,338,315,314,347,358,340,309,318,301,311,325,295,346,359,286,353,299,355,329,372,286,330,299,320,350
256,35826346,315,366,371,301,406,351,334,340,343,296,386,425,280,366,374,338,360,349,319,357,373,332,327,345,419,338,359,383,298,365,315,360,315,358,308,323,348,371,346,312,371,321,329,345,338,394,367,359,324,397,325,387,374,375,323,334,374,383,356,300,390,342,347,342,367,313,342,386,355,354,331,308,343,297,370,345,348,333,392,337,312,365,345,350,334,398,341,350,337,334,364,333,338,392,295,368,296,365,309,345,342,431,357,364,400,374,356,397,304,343,372,325,328,349,333,378,297,324,346,346,392,359,335,348,336,363,405,325,309,388,332,329,390,365,365,418,380,357,376,362,325,362,348,335,323,335,352,355,325,382,369,309,380,376,357,382,351,330,333,384,371,412,324,385,340,399,339,401,365,350,357,369,335,337,333,322,275,305,369,393,370,302,413,360,371,440,299,375,410,318,321,334,338,322,384,356,394,305,381,398,376,298,361,334,379,323,359,334,357,342,366,349,362,392,366,310,338,369,292,345,413,323,344,352,394,349,281,339,361,363,418,356,366,366,336,358,356,348,423,385,362,297,277,392,318,360,407,297,401,363,341,337,334,318,343,346,343,329,377,409,368,354,420,358,307,326,319,367,322,358,368,384,374,347,378,380,377,369,331,366,338,340,419,360,332,339,345,366,328,416,375,322,289,353,332,353,346,308,349,396,379,361,372,368,332,287,310,318,366,389,360,402,284,381,407,333,374,350,368,379,369,355,349,332,360,347,349,303,312,363,393,380,327,368,318,365,399,369,333,369,336,372,374,345,381,339,317,399,401,391,347,349,396,340,387,356,335,386,335,402,347,313,368,321,377,394,358,299,335,346,310,337,302,374,348,367,366,331,324,295,410,361,397,360,375,310,398,324,336,287,353,325,386,365,346,322,370,423,346,351,344,364,358,374,366,352,351,384,344,322,295,392,350,353,321,348,365,352,367,324,378,353,314,371,371,382,355,367,410,401,332,368,344,380,377,381,392,379,300,370,366,353,374,350,309,321,376,366,301,316,310,353,357,349,338,382,388,333,347,372,333,312,336,357,340,385,384,314,333,358,377,368,331,331,334,319,322,373,349,315,354,372,326,376,298,375,336,346,370,337,360,334,343,340,414,390,399,375,357,369,334,351,333,381,358,312,339,301,333,366,365
256,38447786,395,397,374,411,368,342,372,373,378,343,398,330,368,360,373,358,382,372,397,308,384,390,355,399,371,359,353,384,399,375,386,396,374,365,339,354,346,385,348,342,374,357,373,424,347,349,355,370,328,387,388,318,391,386,435,375,357,376,370,457,354,338,372,384,325,379,381,392,346,333,391,358,383,379,356,402,438,406,387,388,310,380,409,407,330,333,368,384,354,433,362,402,357,363,385,421,330,361,357,376,397,380,372,369,368,377,432,375,367,348,406,312,401,371,366,359,379,373,347,411,403,360,353,398,354,344,355,440,380,349,353,376,384,321,362,375,352,327,388,360,402,442,390,366,429,392,437,365,371,398,362,349,370,335,336,367,355,381,360,387,350,302,332,355,372,392,361,354,297,447,398,301,365,357,359,344,358,419,386,367,345,379,393,351,402,355,314,400,361,411,372,403,376,381,408,372,391,384,400,371,426,339,373,373,385,402,387,399,349,357,348,370,350,381,396,355,409,364,380,352,404,315,404,398,334,358,364,342,353,371,342,349,430,388,332,377,335,374,373,390,394,368,393,370,369,341,397,357,386,389,388,361,390,401,391,363,374,402,377,425,369,403,364,400,416,402,365,418,365,377,360,419,349,401,326,398,400,365,368,376,333,340,415,321,356,371,348,373,374,422,362,393,423,414,303,399,419,395,359,344,373,328,377,315,321,358,418,371,445,365,350,352,381,339,388,364,376,442,439,383,353,456,373,407,407,402,368,350,359,335,404,378,351,341,380,403,371,396,379,360,345,331,406,337,406,393,390,386,326,336,389,362,349,383,323,361,374,378,275,389,355,357,423,428,281,369,371,341,420,339,391,340,349,332,358,385,312,413,366,337,367,360,340,349,324,425,315,394,379,357,359,368,387,406,362,306,338,369,313,378,307,358,325,349,358,408,382,397,344,325,393,376,382,338,369,353,357,360,336,336,326,354,416,353,386,361,347,371,341,349,375,378,391,348,387,387,452,362,418,395,318,390,319,370,385,403,375,332,334,385,391,361,352,348,387,401,363,380,420,378,396,375,370,367,388,383,375,404,380,436,378,359,339,346,299,388,363,331,362,393,339,419,373,411,434,379,375,403,333,334,363,388,372,405,378,321,390,333,382,403,379,338,434,354,383,391,324,386,371,333,348
256,41069226,363,420,410,372,392,429,361,379,389,401,341,402,398,348,386,379,361,320,384,333,371,384,429,310,344,347,397,338,356,403,370,382,372,394,350,377,367,414,384,368,336,422,383,465,377,333,365,420,374,324,389,391,420,354,335,392,393,398,411,379,426,367,416,404,370,418,360,425,404,393,449,378,374,374,406,433,360,407,359,452,379,335,391,445,427,388,418,392,391,383,371,363,416,337,400,385,380,403,394,391,290,359,416,414,364,443,404,371,352,397,403,429,385,413,307,345,393,354,398,420,418,372,442,392,372,338,367,366,369,413,426,302,404,379,382,402,389,405,318,322,382,388,381,424,430,346,433,422,387,416,411,328,287,355,385,392,357,377,394,389,335,347,347,453,342,371,370,356,372,348,367,385,400,378,323,329,380,427,376,392,414,427,394,373,403,358,452,324,393,363,406,386,401,385,382,393,395,391,388,427,414,382,402,358,375,418,341,449,404,376,355,381,382,401,364,355,398,403,369,400,440,412,364,393,386,336,335,390,424,434,382,388,346,395,409,415,380,435,437,432,367,377,368,401,403,364,391,362,361,383,374,355,387,402,358,337,468,395,377,360,372,417,399,362,457,344,375,349,345,368,430,423,405,413,406,400,369,405,373,399,305,363,392,413,410,393,368,337,378,372,368,386,396,375,387,400,341,430,406,374,338,400,353,381,396,437,385,370,438,386,367,416,382,370,456,428,302,372,406,422,407,371,352,359,423,385,434,463,427,401,384,376,407,400,413,444,410,437,416,393,394,387,371,392,359,446,384,363,380,410,413,389,422,403,426,377,410,410,402,375,380,436,344,361,398,348,361,406,367,415,355,414,377,364,421,397,357,360,386,417,355,413,398,386,405,382,387,361,387,339,419,329,367,381,388,381,391,420,406,395,448,358,380,369,412,349,341,341,375,358,394,385,366,474,382,346,383,352,422,336,400,424,369,357,401,402,402,365,406,409,378,373,396,400,391,371,399,417,467,361,423,386,392,392,397,383,418,343,395,353,453,385,288,424,414,446,360,359,380,381,387,354,375,354,382,371,411,349,375,407,408,411,366,407,407,390,410,366,444,402,438,403,357,410,400,394,425,417,374,360,413,342,430,404,414,436,397,404,403,381,384,371,368,385,430,400,384,353,432,387,383
256,43690666,399,384,375,393,384,414,360,376,427,396,372,389,376,400,444,391,432,410,448,334,313,357,395,413,386,411,360,413,423,381,390,421,326,415,340,408,387,383,402,422,428,415,416,405,427,402,384,361,357,435,350,379,403,413,406,446,377,415,384,367,385,388,411,373,376,398,394,388,372,403,389,462,364,411,403,386,404,407,412,341,408,400,397,358,448,385,386,411,413,392,348,308,373,390,450,397,426,469,432,392,458,427,392,397,426,398,402,424,400,345,407,331,411,428,426,361,387,427,362,361,353,380,419,425,398,417,359,421,426,366,436,364,352,375,436,369,358,347,384,442,373,430,391,401,434,406,407,408,427,347,441,381,415,364,433,424,411,394,431,380,346,411,431,350,377,418,421,436,338,399,393,417,444,357,407,301,377,319,388,397,392,392,361,444,446,405,407,345,394,419,407,389,373,346,401,376,383,381,438,388,360,397,432,400,391,396,425,434,394,391,419,374,389,377,391,417,421,374,424,449,362,398,358,416,382,354,415,403,471,317,309,444,379,369,371,387,401,371,404,422,394,435,453,454,383,411,402,378,448,378,404,367,413,397,348,377,428,375,427,345,397,375,449,438,431,360,379,435,386,407,402,372,413,416,408,397,435,375,426,395,360,391,405,408,368,400,387,396,418,369,405,354,423,435,420,405,397,385,376,368,371,399,377,423,322,399,324,379,433,380,404,396,436,411,361,386,343,361,389,449,325,423,414,350,423,441,388,468,419,381,400,393,417,362,448,379,385,415,406,353,398,403,370,426,400,369,398,412,397,412,392,379,383,386,402,412,373,397,428,386,376,398,419,399,415,350,360,410,387,425,382,422,434,324,428,404,441,376,325,388,371,404,389,361,393,412,387,361,382,423,361,376,441,375,417,455,395,455,408,400,415,410,373,393,361,392,358,416,403,399,383,424,380,387,368,377,391,416,370,405,391,369,386,369,393,372,365,403,389,393,347,409,361,407,404,366,373,410,408,422,429,421,407,424,449,412,382,390,371,420,366,348,350,346,344,401,362,400,383,438,408,401,422,342,402,407,367,395,378,379,370,405,417,356,410,412,379,391,386,411,408,393,388,392,384,418,497,371,374,376,412,373,388,419,459,322,388,429,372,388,443,375,370,344,414,372,430,419,341,435,388
256,46312106,406,391,368,448,371,374,406,383,405,395,388,377,427,382,432,399,385,402,401,413,440,378,359,369,433,398,428,425,429,386,452,341,395,377,408,381,439,424,394,373,416,400,382,456,387,379,403,395,381,357,414,415,406,417,384,406,424,399,407,365,384,384,422,403,400,350,411,338,430,371,388,354,416,384,380,387,405,416,418,451,335,357,400,395,423,445,418,373,412,361,410,374,398,371,428,447,391,433,398,360,430,410,362,398,412,360,387,398,364,380,419,352,411,405,387,382,405,397,394,400,395,399,419,453,392,367,411,357,406,395,382,437,419,410,390,363,396,418,395,391,377,435,436,346,379,384,381,398,396,391,434,394,426,328,375,456,376,413,383,401,396,430,385,417,401,368,385,444,404,365,389,380,386,362,391,388,383,395,409,371,363,410,414,380,418,431,400,412,381,420,356,365,410,396,409,332,360,381,423,397,377,399,370,389,380,389,404,364,333,423,380,406,427,392,403,398,363,416,374,377,400,373,368,362,324,331,413,376,413,387,404,369,365,355,418,378,380,410,394,396,378,367,353,424,393,388,370,364,365,411,356,351,383,364,384,404,411,366,400,382,372,406,377,407,417,437,362,386,433,376,403,368,367,380,403,442,364,399,423,438,341,393,345,378,421,368,389,380,436,427,446,388,416,459,458,430,343,363,395,388,403,384,427,402,399,404,438,400,409,429,418,408,369,351,390,379,418,390,350,401,390,394,376,391,409,415,416,432,419,404,390,447,376,382,402,402,383,394,409,406,414,379,365,397,334,428,368,439,421,444,422,373,342,409,382,368,406,388,415,363,459,439,393,390,401,420,341,430,393,379,376,401,397,379,410,411,360,424,385,361,419,403,382,388,416,373,367,425,432,417,411,393,381,400,373,427,372,403,428,396,370,396,418,396,386,384,371,360,406,380,398,463,422,381,435,419,393,387,382,409,367,363,434,431,385,353,379,404,334,385,384,417,460,459,433,404,375,432,403,401,452,381,374,406,394,327,387,397,390,421,380,441,422,353,428,398,405,379,394,394,407,394,432,425,380,393,371,424,364,406,410,387,423,340,393,439,412,388,387,392,393,404,373,388,377,376,366,400,422,422,401,394,422,396,406,367,381,379,446,427,393,399,397,363,403,357,398,405,382,372,422
256,48933546,360,420,435,419,401,416,406,444,396,407,351,386,404,414,400,382,378,395,381,406,389,409,399,411,408,379,415,454,383,406,368,410,382,387,381,331,411,443,401,392,411,410,374,452,405,396,416,402,366,384,417,423,386,418,349,373,387,389,384,386,383,436,445,363,375,421,433,418,398,407,362,440,394,409,403,427,420,460,406,397,421,414,387,412,438,405,436,399,366,370,429,351,373,407,392,401,449,435,373,416,382,420,328,370,410,399,381,410,355,411,442,411,385,413,391,430,403,426,395,374,382,370,385,384,404,386,449,396,382,413,410,394,397,418,352,395,370,353,397,410,402,386,396,419,403,382,424,377,392,448,386,414,411,437,363,427,435,407,421,407,443,409,401,427,430,413,362,432,411,436,387,468,390,392,387,376,381,381,331,420,418,399,405,439,408,385,372,426,396,404,364,412,376,344,389,395,356,431,387,381,436,382,375,412,385,377,412,451,415,409,389,427,383,343,406,424,377,416,420,398,404,416,366,406,405,361,384,347,378,420,406,386,419,389,403,418,402,363,372,421,415,395,416,433,416,340,373,398,398,369,428,368,369,408,427,412,427,441,380,382,406,390,386,426,387,393,404,416,386,424,402,354,430,373,391,419,398,404,381,383,405,375,427,415,424,357,344,423,439,432,413,410,379,371,437,392,410,426,399,385,388,354,423,376,412,415,422,411,436,383,361,372,403,422,362,415,388,381,374,421,375,419,413,382,442,406,439,380,414,421,362,384,382,399,379,430,379,362,398,414,374,389,349,376,395,374,391,440,401,398,411,435,385,395,401,444,381,398,407,401,352,386,398,417,446,378,383,394,370,373,434,389,435,458,385,468,375,444,441,391,404,414,410,403,395,366,440,392,412,458,380,397,381,368,361,409,373,388,430,420,375,402,398,368,426,415,356,381,365,375,388,423,404,415,365,441,380,403,408,371,389,418,419,419,414,369,449,352,412,357,378,400,380,411,412,406,430,422,397,415,410,392,374,436,459,419,383,396,371,366,390,371,412,450,400,426,406,410,363,428,379,412,400,382,340,369,370,430,388,400,396,339,402,389,416,426,391,356,415,401,405,404,424,367,417,425,409,383,411,418,387,403,396,413,417,438,373,393,434,395,413,415,409,355,387,382,438,450,392,419,358
256,51554986,426,436,380,347,475,452,407,422,434,405,424,407,441,414,381,410,431,391,433,436,391,411,410,408,384,406,465,386,351,479,439,444,439,436,400,383,469,374,384,453,418,423,452,440,420,409,375,389,434,389,405,430,455,404,420,382,455,411,427,455,399,428,454,396,414,407,358,400,410,432,461,443,381,407,411,405,441,404,440,430,383,435,457,463,466,406,381,396,415,417,437,363,435,428,425,421,362,416,417,412,406,391,431,389,369,388,398,423,440,415,419,370,456,422,409,438,438,378,375,381,435,439,384,390,439,424,460,436,420,424,409,398,370,416,358,426,390,413,486,409,406,425,432,424,418,411,404,430,451,435,397,379,424,447,458,390,394,414,435,413,370,440,450,425,409,432,395,433,443,438,395,410,431,438,441,360,425,438,422,381,418,405,382,395,403,429,375,422,426,465,438,428,413,404,396,379,390,420,421,433,376,403,427,395,418,393,435,444,397,439,405,412,433,405,392,409,414,473,430,426,419,407,391,440,392,405,422,393,397,398,423,414,458,401,398,459,386,420,459,445,389,379,389,413,386,417,410,376,409,368,409,408,444,399,373,414,392,431,427,399,442,387,382,422,452,435,467,444,412,377,389,397,406,414,376,397,417,441,441,393,450,450,419,340,385,388,443,416,397,380,426,342,440,372,393,412,425,441,392,427,442,401,423,407,440,413,445,418,410,420,366,426,429,446,461,375,341,375,429,411,395,408,438,391,394,373,386,401,446,405,403,396,374,463,407,444,407,435,429,430,352,393,413,423,387,442,427,414,429,411,405,433,453,416,456,435,452,414,414,429,412,368,400,429,462,411,446,395,381,395,446,407,421,394,414,383,406,455,397,400,424,358,413,365,414,429,417,413,460,408,399,429,438,401,388,384,396,408,417,448,392,360,419,339,376,453,419,399,381,402,430,394,389,414,346,397,415,363,426,360,438,423,433,392,393,419,399,438,351,441,434,384,432,442,433,410,426,381,414,437,419,378,410,396,418,400,378,359,430,443,432,371,410,404,414,388,419,402,438,394,398,404,474,389,398,425,413,391,406,447,453,371,410,404,425,455,404,397,449,434,433,434,388,380,444,409,427,371,360,407,402,460,320,430,410,414,424,436,419,381,451,452,396,405,421,419,449,411,403,387,430
256,54176426,444,421,461,409,435,421,472,432,465,385,413,470,430,421,385,380,448,417,420,425,379,365,405,462,427,428,466,433,445,392,408,422,432,434,424,434,452,426,424,430,419,447,455,447,436,391,451,391,422,409,423,412,437,407,424,393,447,401,415,384,463,473,435,380,446,438,455,425,435,453,405,435,425,379,451,420,418,391,426,469,460,427,413,382,409,404,440,455,418,457,381,415,484,425,422,404,426,441,425,472,399,448,378,343,454,429,411,410,353,398,435,455,431,462,430,427,402,438,417,452,407,391,432,450,424,448,441,425,421,422,397,444,376,377,434,451,419,428,447,443,452,458,456,410,431,433,426,435,493,444,449,364,450,415,453,434,435,466,461,472,405,388,435,453,433,439,396,449,411,459,480,460,430,397,394,403,414,416,439,411,401,446,414,377,418,421,440,391,414,426,432,400,419,435,483,412,394,397,411,423,375,406,420,413,452,433,426,453,425,447,427,432,438,403,437,390,389,418,420,402,410,447,390,466,439,420,456,412,413,428,421,488,479,414,479,440,406,411,396,435,425,434,437,393,444,451,409,412,499,384,448,427,395,410,359,405,451,452,421,427,416,460,380,420,432,425,403,383,414,392,425,412,412,469,465,377,423,443,413,417,440,401,414,458,413,378,436,409,388,370,429,441,410,407,471,429,427,426,437,441,414,383,447,400,425,403,402,386,405,459,432,407,410,427,389,427,375,440,439,454,398,434,438,393,378,384,385,416,411,395,439,426,441,416,376,409,460,411,410,418,437,389,449,405,432,412,398,451,447,455,448,404,409,441,416,421,442,428,407,419,421,421,446,421,428,424,365,415,379,434,394,407,388,443,406,431,414,444,448,463,423,430,412,452,394,459,356,414,433,440,425,407,441,442,444,405,405,442,410,438,435,427,455,466,394,446,460,445,442,417,425,402,393,454,384,423,383,432,447,416,443,394,467,379,426,385,417,376,407,425,419,453,448,443,456,387,463,476,412,410,442,379,394,459,404,400,420,415,445,454,444,416,426,431,407,408,385,442,400,396,393,371,395,429,405,402,441,416,401,437,438,432,437,456,407,403,393,435,430,441,421,431,460,425,438,426,417,430,414,411,464,424,463,466,414,439,446,431,415,446,403,468,445,469,449,420,465,433,463,427,454
272,27962026,288,343,300,295,298,301,313,322,323,286,311,307,306,298,332,336,298,310,337,325,323,289,310,299,285,323,287,333,290,287,314,321,300,298,313,275,300,277,290,325,299,315,298,287,299,315,273,311,314,310,306,247,338,300,349,334,265,313,260,275,287,288,314,295,264,301,301,298,346,288,290,265,343,275,311,323,248,299,281,263,313,329,295,299,335,317,314,315,289,298,289,325,267,322,303,274,305,285,285,312,325,312,324,299,330,290,326,285,335,290,317,326,274,288,287,315,356,270,319,289,261,336,313,308,286,299,319,312,315,288,322,339,275,296,311,278,308,292,312,323,275,340,312,313,289,325,356,286,276,272,291,328,300,303,288,313,288,343,271,340,313,300,291,361,311,321,310,316,289,325,309,297,324,299,314,329,289,351,344,312,263,319,299,315,313,320,266,286,308,300,345,327,275,287,313,283,273,277,288,324,307,314,321,294,304,285,313,277,323,313,333,323,314,317,292,321,299,260,285,301,299,311,312,271,262,286,313,300,263,283,263,312,334,287,311,312,290,289,329,298,313,303,325,273,318,307,259,330,346,315,327,297,302,348,301,290,275,300,270,288,314,288,312,299,310,318,306,302,355,302,325,348,338,317,276,295,300,310,307,299,313,330,313,311,340,315,294,294,309,313,310,276,298,322,349,299,315,314,298,288,340,299,286,327,299,286,276,299,303,287,338,285,290,273,288,349,317,291,330,346,350,264,302,325,320,288,327,326,325,328,312,313,311,321,293,313,325,321,315,298,347,299,266,323,324,286,286,323,300,302,291,325,325,285,286,276,302,323,323,297,321,326,327,329,319,276,337,314,334,314,299,347,285,272,286,263,310,337,347,286,322,302,301,272,319,311,322,316,336,307,308,326,330,304,301,289,289,298,300,319,343,339,281,287,288,322,321,299,274,287,287,315,325,303,301,333,303,250,310,313,293,300,315,277,322,314,288,289,313,262,303,288,290,321,298,301,314,301,271,315,273,302,296,277,325,319,324,293,300,324,316,288,311,319,298,287,328,297,289,302,297,324,299,298,335,325,274,277,311,287,247,318,307,308,309,313,294,323,299,304,326,253,311,301,306,315,287,275,330,300,287,272,270,300,311,298,320,290,314,305,298,314,278,321,288,301,271,308,299,310,301
272,30583466,338,302,336,300,313,312,336,314,328,311,336,266,329,276,298,319,326,353,341,303,333,290,328,307,354,289,339,315,312,337,299,332,363,321,336,340,328,316,301,314,264,276,331,313,299,318,306,321,287,328,313,315,299,302,302,320,325,283,353,354,334,303,368,331,330,333,313,326,299,335,296,295,359,327,318,298,312,312,345,295,324,303,311,320,289,322,300,309,301,320,315,351,299,353,303,325,335,318,277,310,349,312,291,352,313,307,300,323,340,298,288,340,299,300,332,337,288,292,343,303,290,335,327,289,283,333,300,274,294,275,323,310,327,298,304,351,346,275,317,311,291,327,321,337,349,347,323,312,319,349,331,307,321,319,300,323,303,272,287,328,309,322,290,311,305,320,328,274,296,345,344,320,325,320,304,327,314,297,327,338,349,359,307,312,273,296,287,338,311,338,322,347,323,309,265,353,343,319,284,316,335,271,303,325,314,324,316,332,306,331,306,346,285,298,353,302,301,342,300,309,295,302,296,310,288,370,253,309,289,350,319,311,312,297,312,311,314,318,299,294,304,308,344,309,310,311,337,316,335,349,246,334,320,323,325,360,370,310,287,320,307,334,276,299,294,324,332,345,274,340,331,302,288,299,321,313,287,287,310,319,289,325,311,338,355,272,341,357,302,323,288,281,336,309,340,287,287,308,314,315,327,344,326,351,308,372,310,300,324,310,295,285,315,363,300,343,341,334,333,322,264,298,313,337,310,347,310,293,320,275,276,322,342,328,287,300,288,341,277,307,314,321,301,298,362,330,317,310,312,326,332,290,352,338,344,336,298,304,312,298,324,331,306,276,309,334,276,309,287,288,284,290,326,297,338,300,300,279,330,302,319,278,299,315,288,298,314,349,363,318,349,291,315,275,308,298,347,301,273,356,312,273,356,326,298,309,300,312,337,333,300,294,298,271,326,328,312,328,287,335,313,310,351,287,291,329,286,333,345,260,312,310,358,303,283,341,343,346,339,290,377,306,312,320,273,327,297,317,284,285,312,323,290,313,312,317,306,284,297,297,324,298,309,300,323,347,316,290,304,349,345,343,291,262,301,352,338,298,305,285,320,332,376,288,326,285,289,336,274,293,316,298,283,316,321,334,313,335,306,325,286,326,311,321,380,355,309,272,333,322,300
272,33204906,322,359,360,318,301,323,351,295,346,289,369,286,342,261,325,255,335,298,318,321,354,311,393,325,271,285,310,322,306,319,338,345,295,337,277,363,342,273,298,307,299,347,342,322,366,339,333,332,331,286,362,325,316,321,351,327,331,315,335,353,286,306,302,329,324,302,297,319,315,342,325,302,300,345,338,339,341,339,288,356,377,346,324,346,297,287,376,296,357,350,288,284,403,341,348,312,340,294,325,376,327,336,313,339,300,311,351,350,349,343,290,274,340,354,331,295,356,300,305,289,342,309,336,334,311,303,312,395,285,374,360,339,309,289,306,344,291,360,350,301,349,349,275,298,378,345,327,313,299,297,338,338,310,263,286,326,322,316,339,326,297,321,322,381,348,350,335,319,318,298,313,372,325,329,348,311,340,320,386,375,374,334,295,319,302,357,310,339,276,339,324,330,321,327,373,334,397,348,345,320,331,327,304,299,344,332,325,358,299,319,325,348,323,350,334,333,347,360,321,339,326,358,358,317,311,348,325,286,325,333,314,376,329,274,330,333,308,314,311,347,286,334,300,320,276,325,333,347,337,318,310,331,312,283,333,346,317,321,325,316,323,321,327,334,300,331,323,289,313,350,309,334,349,320,342,359,288,293,347,381,307,316,324,333,312,310,343,360,324,345,342,355,325,285,389,349,333,319,344,298,339,328,364,264,286,360,275,334,311,329,335,345,330,288,336,329,369,373,322,361,323,320,335,332,367,358,296,349,343,298,343,324,303,347,296,332,323,333,295,298,350,380,331,366,342,360,316,346,344,331,332,319,288,337,353,362,280,310,307,315,342,310,342,328,327,313,311,316,299,329,329,375,325,302,319,306,336,324,322,329,289,328,306,357,327,342,316,317,308,307,334,287,360,333,367,308,333,333,323,337,370,305,308,300,346,277,287,306,327,318,317,312,339,324,301,327,338,374,314,301,320,360,336,403,330,288,349,324,274,352,349,305,369,312,335,332,346,351,307,309,330,311,351,369,330,361,338,346,309,283,309,298,288,357,327,308,321,306,322,332,358,282,336,326,306,321,330,359,313,293,297,301,327,310,345,343,341,324,304,284,349,312,323,287,325,287,282,355,310,311,311,312,284,317,352,320,360,325,334,323,358,315,324,422,317,349,332,355,342,333,346
272,35826346,410,321,368,307,354,370,335,344,344,325,325,336,301,334,324,354,310,324,316,364,342,349,345,330,349,325,338,338,385,343,317,296,352,315,310,343,341,323,302,394,353,348,295,355,375,356,342,302,287,350,357,306,369,352,334,333,331,346,365,305,373,310,351,301,356,309,288,358,323,338,317,307,306,336,321,307,322,356,349,300,358,326,300,336,374,366,407,339,360,324,340,353,337,355,353,361,346,330,352,324,320,357,306,336,365,342,382,347,370,338,413,344,371,372,317,337,393,346,317,357,342,312,368,317,365,341,338,318,372,371,350,361,312,342,320,360,334,313,335,350,372,332,393,362,393,357,345,315,364,323,357,341,363,346,373,366,350,344,310,354,315,321,301,312,325,322,329,338,329,339,339,370,374,382,345,419,338,382,291,299,341,343,330,383,333,320,354,373,308,359,373,348,296,386,330,313,325,314,329,361,331,327,298,358,341,321,329,257,354,355,341,344,347,377,284,315,303,347,323,373,392,341,337,385,403,342,354,382,339,388,369,332,331,335,285,376,337,317,335,320,353,312,286,345,387,371,308,347,286,402,301,334,292,399,392,302,343,359,320,366,321,330,344,353,327,381,313,375,326,387,300,380,402,293,285,341,329,356,363,319,338,312,320,358,326,329,322,357,323,322,360,386,350,317,366,342,332,349,354,302,341,320,377,291,337,348,352,350,385,347,382,361,302,357,343,373,363,348,387,378,287,317,376,288,332,310,327,322,320,367,359,310,358,354,388,348,278,349,365,333,349,286,289,380,316,354,360,323,369,349,332,328,360,308,334,329,351,342,308,321,299,304,331,397,353,365,349,349,349,323,358,288,388,378,304,301,338,336,361,340,308,354,324,349,355,349,392,393,338,333,341,360,333,357,381,329,351,316,302,326,348,351,315,326,405,339,319,299,350,319,357,347,355,358,323,383,339,349,351,300,334,320,337,344,311,413,319,335,335,352,326,375,345,389,333,325,377,338,320,369,361,348,296,365,351,303,380,302,340,356,309,309,370,329,361,345,381,395,337,336,347,335,329,319,358,323,375,333,342,353,323,377,371,312,283,339,352,332,364,369,296,320,325,275,340,385,380,298,340,348,312,343,363,291,308,292,355,375,329,333,359,366,342,347,325,334,339,295,368,354,350
272,38447786,323,388,343,340,330,409,396,351,308,316,360,358,394,412,349,328,358,364,379,370,398,323,357,368,314,307,373,379,289,386,360,326,341,377,354,394,388,368,375,352,410,349,397,344,351,368,334,363,364,339,382,330,338,332,366,394,389,312,316,328,390,328,322,405,302,349,335,346,425,364,358,380,377,353,326,357,324,321,366,336,328,373,350,310,315,412,385,331,327,371,402,383,323,360,335,310,395,327,374,293,370,332,390,414,346,388,326,358,357,339,372,350,329,359,390,371,362,373,362,326,368,409,402,373,345,398,300,370,378,362,348,317,348,401,395,441,380,339,357,327,383,357,344,385,350,374,309,361,344,347,372,357,343,372,346,356,437,423,373,441,309,334,377,331,368,418,375,339,365,385,370,306,309,350,363,328,366,329,329,305,336,390,379,372,399,373,338,329,343,325,317,411,306,332,318,318,328,303,381,400,377,365,349,377,313,328,395,313,312,349,327,352,412,336,356,326,382,372,357,351,333,343,388,357,394,355,287,343,357,349,342,356,379,365,393,333,369,362,342,340,376,344,378,331,362,416,351,323,382,372,378,346,374,331,343,336,386,371,333,370,352,326,403,367,345,355,355,403,355,325,342,381,400,311,371,353,356,378,372,399,378,378,333,346,359,409,419,341,398,360,344,333,394,360,382,383,332,314,373,339,382,368,356,346,354,380,352,326,369,344,432,382,374,331,338,334,441,345,360,355,372,396,393,375,385,325,355,401,330,352,378,335,332,381,359,380,333,352,339,349,367,367,364,311,343,367,375,364,377,358,369,370,295,404,372,351,371,396,349,377,368,420,366,337,380,348,374,351,315,324,348,365,342,288,343,332,333,388,376,341,342,330,319,339,376,343,351,341,361,373,342,356,274,394,388,387,340,361,344,367,336,365,343,352,358,379,338,365,376,303,406,384,375,339,356,341,344,319,326,361,392,384,342,335,304,357,324,285,388,330,341,338,368,321,374,335,419,317,316,351,383,363,289,328,365,369,334,367,376,345,335,394,324,356,349,342,406,347,399,312,347,332,358,307,351,367,352,371,345,332,384,342,335,340,355,400,363,395,348,310,389,343,350,392,372,366,318,358,381,359,312,333,353,358,360,355,389,369,377,345,352,377,368,347,315,388,368,379,329,358,319
272,41069226,407,362,375,357,379,379,373,392,346,367,364,379,345,441,345,355,378,381,378,331,413,336,386,375,396,365,341,366,359,312,382,373,394,345,340,354,394,383,404,331,327,359,341,380,372,351,434,391,374,346,363,360,402,385,372,377,318,342,365,367,353,400,383,346,372,324,343,409,364,390,421,346,353,372,361,394,380,295,355,348,353,404,408,326,374,402,394,372,347,364,344,333,324,381,329,336,367,376,407,354,409,339,383,365,358,367,392,376,421,427,375,362,418,384,384,342,387,326,370,379,393,353,339,359,390,334,363,353,405,353,406,375,349,388,383,419,402,348,372,355,400,345,355,363,374,369,370,357,401,377,396,414,357,384,337,350,380,378,327,403,392,376,373,352,316,383,385,396,373,398,371,376,374,314,383,356,371,405,385,366,335,369,372,378,341,356,346,355,362,340,362,392,353,430,400,314,353,303,427,364,376,404,418,382,403,378,325,387,375,372,367,333,349,346,381,342,376,358,311,351,338,301,415,369,366,382,394,326,347,346,348,365,350,346,354,389,332,357,358,395,371,373,342,329,417,341,358,369,369,386,306,393,395,357,329,409,354,379,321,392,311,360,328,418,416,397,349,349,392,344,384,372,376,357,354,373,394,399,402,394,364,375,378,374,354,364,371,348,329,363,332,367,380,355,369,382,377,400,362,351,356,318,417,403,375,386,381,381,389,396,418,379,345,387,359,349,384,362,402,372,330,348,378,343,324,383,407,357,320,370,370,341,359,392,315,329,369,368,370,396,389,385,416,366,328,407,397,374,391,430,288,360,363,382,340,325,327,385,378,339,347,398,394,390,371,449,361,380,349,376,340,344,362,386,343,387,346,397,381,400,334,390,375,384,405,392,388,378,357,323,374,386,409,380,365,413,367,385,350,404,395,357,327,375,367,387,389,366,356,390,349,408,394,420,402,400,371,408,413,389,404,348,386,378,329,373,359,370,351,367,325,328,390,418,318,402,408,385,376,347,359,378,372,372,399,388,376,393,339,341,385,410,395,398,350,394,361,328,338,386,326,371,337,336,357,379,377,363,405,378,369,335,344,407,356,312,406,313,362,340,339,375,388,376,386,349,338,387,355,374,383,373,374,367,429,364,373,369,315,413,319,345,336,400,394,328,365,368,361,362,313
272,43690666,343,386,388,369,399,410,388,360,382,397,379,367,388,388,393,335,353,391,385,370,408,337,395,359,368,362,391,364,374,332,433,408,429,409,394,409,429,402,426,379,376,352,419,345,373,366,393,434,382,361,415,360,428,375,365,342,379,394,379,345,377,433,407,390,404,304,401,338,384,413,401,411,426,414,390,385,395,382,393,388,457,366,417,355,375,421,363,422,411,369,370,356,368,347,395,360,351,371,367,357,408,393,328,380,350,402,396,386,378,412,390,389,393,352,355,360,412,352,363,426,366,359,385,351,381,391,362,377,380,379,370,407,396,352,397,371,386,348,383,425,387,445,414,374,394,359,377,392,400,395,375,357,373,385,352,370,400,395,396,457,362,363,388,386,374,350,403,392,354,365,410,361,371,368,404,444,425,395,426,364,390,386,407,379,437,374,401,439,409,411,352,368,393,392,367,388,401,381,409,382,376,360,415,410,396,375,398,364,391,432,390,457,411,443,370,375,389,338,351,367,389,360,386,363,363,400,372,350,315,340,354,387,372,380,401,379,407,375,397,380,370,386,370,407,410,378,369,374,377,380,427,398,410,399,370,383,419,436,391,400,376,378,396,342,377,384,403,388,384,398,386,410,358,344,401,371,350,340,397,378,386,418,389,365,389,363,448,391,325,377,415,355,400,389,384,394,402,399,361,372,391,407,398,355,380,404,393,363,377,366,416,389,411,367,363,360,391,380,394,369,376,361,393,430,367,321,362,392,355,427,382,388,375,373,392,348,334,377,351,375,389,418,438,413,418,370,383,420,350,389,385,373,381,387,425,339,411,333,403,397,395,405,374,437,336,372,388,398,372,386,334,359,342,406,346,409,390,393,395,397,386,370,361,392,415,368,355,393,361,377,343,388,368,432,391,369,342,445,416,356,399,385,335,394,406,403,385,374,376,413,382,385,392,414,381,350,350,380,425,350,339,394,373,439,336,407,425,349,413,414,379,411,418,343,357,360,382,399,405,430,345,397,353,395,393,358,389,396,423,359,374,366,376,395,324,334,399,419,404,403,368,411,408,399,395,362,405,342,426,384,390,388,397,408,370,399,375,375,368,362,376,385,374,387,407,365,360,391,375,357,393,376,407,400,387,366,378,405,370,375,297,391,317,403,355,377,386,366,415,380,444
272,46312106,357,384,419,353,389,418,452,414,406,386,404,382,374,402,383,343,401,359,391,393,400,383,392,407,447,395,408,376,454,415,371,409,409,430,394,348,369,410,366,430,413,405,432,400,369,355,389,387,392,418,418,403,374,414,413,396,387,401,421,411,396,363,417,373,438,409,377,413,392,392,317,391,427,369,437,356,429,369,383,327,404,371,377,391,436,387,397,412,375,383,387,368,375,428,366,449,393,371,421,405,389,458,389,377,392,423,346,399,401,348,409,410,408,426,381,356,377,382,364,405,393,437,413,364,415,395,356,366,359,424,413,424,396,380,397,378,384,408,399,389,372,387,365,373,382,401,341,352,383,370,374,419,430,391,416,415,416,442,393,376,400,405,377,406,356,393,419,393,390,395,357,362,408,436,400,418,387,420,379,404,380,421,436,370,429,379,353,420,363,383,335,389,376,449,373,356,403,381,387,417,467,407,398,397,364,425,381,423,429,418,401,355,396,390,402,432,406,392,424,379,398,363,446,409,360,385,400,390,366,426,361,382,389,367,370,420,380,374,391,421,417,388,361,423,360,401,418,433,406,384,384,409,374,386,383,433,355,357,458,408,387,426,381,420,408,403,438,380,417,384,390,383,358,425,391,415,389,365,369,413,398,379,402,369,394,408,375,402,394,403,334,417,399,434,375,442,352,354,371,418,361,446,398,361,399,415,446,380,400,418,348,391,371,379,404,397,414,415,414,434,370,380,389,414,438,348,354,310,425,357,365,372,422,381,431,347,345,431,411,422,379,429,411,401,305,387,362,349,404,418,405,401,431,391,397,372,376,437,394,390,387,413,382,388,412,438,366,340,348,430,382,335,390,409,356,330,343,391,392,380,387,346,427,411,414,369,405,412,399,353,390,412,403,393,399,396,422,414,371,410,431,447,397,413,408,387,363,381,401,385,363,382,424,411,360,381,360,371,307,424,394,375,360,392,362,393,317,392,402,413,383,436,417,384,393,399,388,415,394,394,336,384,362,423,370,371,367,431,348,336,434,325,385,465,382,384,354,428,404,400,429,380,341,404,387,355,404,399,369,379,407,401,417,387,384,352,402,431,393,426,448,400,376,399,333,404,359,384,388,386,406,363,338,481,354,362,401,435,352,420,354,354,386,417,370,371,370,346,395,361,419
272,48933546,412,359,403,408,395,415,361,462,361,449,376,412,435,413,402,440,402,407,458,332,427,386,401,419,427,429,412,410,406,434,349,368,416,395,383,388,450,421,401,342,428,411,405,367,389,416,410,381,415,383,446,429,419,445,380,384,423,404,424,478,414,364,378,418,427,410,392,410,428,386,382,434,402,410,405,430,395,416,397,409,439,391,382,385,417,384,417,376,404,421,393,415,397,383,399,389,415,397,397,411,414,369,362,411,403,427,371,392,385,388,401,425,400,370,398,405,405,384,390,406,421,416,408,388,408,390,375,427,401,410,408,410,415,419,395,430,418,381,439,376,371,432,392,393,424,402,421,386,407,342,419,433,370,406,379,446,377,418,449,404,395,389,405,430,417,369,429,429,376,388,401,401,391,386,377,397,446,426,373,398,425,410,367,401,372,410,370,418,406,368,402,366,369,403,395,396,399,369,418,390,380,372,430,422,414,447,401,394,379,437,425,353,365,402,376,351,452,406,385,426,402,371,431,417,356,418,410,421,417,397,432,433,382,409,395,382,401,372,423,446,455,431,354,381,437,374,398,436,436,385,354,393,395,403,412,396,414,381,378,430,414,384,434,360,387,430,403,408,387,407,462,401,378,429,436,392,400,441,420,394,387,394,383,377,406,373,392,376,361,390,380,410,369,364,414,431,410,403,370,372,417,390,413,428,380,407,404,417,351,413,379,458,366,403,424,382,413,408,402,399,392,374,395,402,395,417,404,374,365,434,424,414,430,398,409,397,385,405,386,396,373,421,395,421,427,420,400,420,423,408,414,406,417,366,399,389,391,454,368,421,394,427,439,389,394,410,389,419,413,402,365,408,398,391,369,390,375,404,423,435,447,414,402,360,417,461,408,359,419,374,386,388,407,421,448,401,438,401,381,413,364,349,367,389,421,412,415,364,377,404,448,352,407,388,346,388,416,369,414,421,409,389,398,401,412,384,379,390,324,390,395,420,369,411,395,433,379,401,410,354,426,415,410,389,405,388,364,396,358,412,410,371,374,395,427,390,364,384,442,411,406,402,437,424,430,383,410,397,432,368,420,406,384,368,437,423,403,377,372,387,419,347,375,403,354,374,367,402,398,399,374,416,416,406,393,431,375,435,366,412,423,429,401,391,430,406,411,406,391,408,440
272,51554986,421,369,395,433,412,353,401,406,402,428,443,407,402,395,421,428,423,379,424,424,442,381,432,429,378,439,433,433,407,409,373,413,377,442,404,438,435,404,404,396,413,386,414,412,369,418,406,366,388,409,430,422,388,434,418,425,416,410,423,446,427,413,386,420,397,392,462,400,473,371,422,455,443,423,423,385,428,427,377,421,437,424,441,388,438,435,389,433,407,395,381,396,418,473,443,434,401,406,410,376,418,460,417,426,401,438,418,389,378,441,441,454,429,414,433,378,443,423,453,431,419,425,405,401,421,438,436,389,471,380,375,417,363,410,432,440,425,406,401,375,439,410,408,416,400,433,419,458,397,386,410,443,401,410,370,382,404,396,429,411,395,430,397,399,418,401,407,431,435,453,391,384,424,371,387,389,464,394,416,416,415,395,411,400,382,391,412,430,432,435,372,411,438,428,437,432,405,461,412,420,436,384,398,390,387,415,416,409,456,388,402,461,398,397,395,367,423,419,378,412,426,387,405,416,380,444,407,429,390,431,376,423,365,418,402,457,383,476,455,456,436,350,371,416,425,406,438,443,411,434,415,466,432,365,450,416,443,450,402,418,436,423,416,452,365,366,362,405,404,392,429,450,399,422,421,456,355,439,415,414,430,462,439,455,422,406,394,376,422,391,426,434,399,418,395,446,476,376,449,426,444,409,385,417,409,409,446,404,413,376,451,429,430,424,414,425,382,389,426,457,389,414,400,432,414,408,388,417,408,380,435,335,400,443,371,441,386,382,389,407,443,407,413,391,441,447,479,414,412,398,400,363,380,411,405,371,368,403,412,390,372,392,451,448,423,443,443,415,394,450,424,377,422,403,405,403,444,399,381,387,412,372,429,401,401,494,460,391,440,415,391,414,428,435,409,375,410,427,402,396,391,401,405,390,443,413,343,422,407,393,440,410,418,386,438,391,420,439,396,403,402,430,418,459,430,388,406,468,398,421,402,412,430,392,419,425,426,404,389,404,410,431,444,410,413,391,451,445,440,440,393,350,350,402,390,417,399,396,375,381,377,422,435,425,411,438,403,445,402,383,411,395,386,389,400,451,430,383,401,412,434,397,417,425,405,427,408,422,469,428,405,410,435,450,455,418,440,425,377,409,370,461,374,396,420,409,465,397,430,398,448
272,54176426,422,429,463,432,407,406,425,406,427,399,437,410,451,418,436,437,388,435,428,468,404,400,410,441,421,452,457,451,478,417,415,415,426,402,451,409,421,394,372,411,410,445,452,431,461,426,413,401,452,407,456,424,423,441,425,399,405,472,413,488,449,395,459,456,411,441,405,449,409,475,403,453,413,441,437,415,425,411,438,412,401,462,395,414,413,425,436,408,429,416,438,420,402,398,442,424,416,465,446,442,418,426,492,483,429,419,381,425,429,460,448,417,409,467,408,478,411,485,423,416,417,411,408,454,446,415,431,395,458,388,427,400,439,456,380,454,421,456,402,407,412,444,403,409,450,418,410,441,394,393,405,406,411,399,426,424,388,425,466,467,487,411,434,464,434,420,440,405,486,445,414,412,407,468,450,461,434,475,400,456,445,420,443,450,441,413,481,491,396,426,408,383,406,446,413,455,432,411,445,432,405,418,437,400,431,457,449,424,464,396,419,412,459,419,438,457,462,369,439,423,447,426,430,467,416,432,478,432,438,427,421,408,426,427,446,429,435,394,427,437,457,416,414,478,430,424,413,432,439,382,413,447,420,383,432,403,450,398,394,412,463,442,435,386,422,452,450,444,464,410,425,391,400,392,405,447,441,456,482,410,421,436,376,454,356,462,405,399,399,400,387,459,374,442,478,441,464,415,485,445,430,428,470,420,419,454,439,425,451,407,412,397,477,396,445,460,416,422,422,416,460,368,397,457,397,450,379,422,462,424,440,448,393,409,424,416,422,480,402,396,442,456,404,446,406,413,442,433,408,446,425,467,381,388,447,443,468,429,432,399,457,429,434,438,467,480,382,418,406,360,440,460,490,405,438,426,387,405,444,415,397,469,436,424,431,424,447,478,402,446,402,437,463,397,455,415,393,412,430,433,416,422,445,451,438,423,449,404,404,402,459,454,399,436,450,447,384,405,467,479,452,394,425,418,402,434,400,450,392,418,385,441,413,422,406,417,414,383,409,433,423,421,404,410,428,422,448,447,433,413,460,429,502,420,508,399,401,457,437,415,444,432,404,426,430,477,437,449,431,440,394,428,413,404,403,464,396,362,416,442,407,449,426,445,443,380,391,453,406,454,443,382,403,446,420,427,498,427,458,433,449,403,451,428,454,474,445,436,369,419,414
